# .PCD v0.7 - Point Cloud Data file format
VERSION 0.7
FIELDS x y z
SIZE 4 4 4
TYPE F F F
COUNT 1 1 1
WIDTH 24047
HEIGHT 1
VIEWPOINT 0 0 0 1 0 0 0
POINTS 24047
DATA ascii
-0.33684576 -5.7382145 1.0317525
12.363221 16.762787 -3.9832079
-3.6163912 7.4940901 0.091937914
-0.75974041 -5.8592391 -0.17784725
12.248959 16.883739 -3.9894402
11.212651 18.012379 -3.2776418
12.487112 16.602991 -3.9720562
-0.72480547 -5.8607283 1.4225689
36.080284 41.319378 8.5653563
29.061634 47.304836 -8.98633
36.28793 41.069366 8.5591087
35.741985 41.742229 8.5779171
36.472519 40.88763 8.5582199
1.1172807 10.36134 0.0089198397
16.311737 -6.9866467 -0.019562559
-1.4294726 -6.6232214 1.011874
1.6764156 -11.626412 0.98873961
-5.4094296 -10.260285 0.57702166
45.910065 24.250219 -1.2883389
3.3243411 -0.92856014 0.24280192
38.310616 10.442716 -1.9922165
-41.153126 2.8922546 11.325833
37.574055 9.5971441 -2.1080728
19.097897 45.182541 -1.0778279
0.88371176 12.003572 2.9487062
2.1823266 -1.8371519 -0.40588215
-0.96835941 -4.6540651 1.3204324
1.6799144 -6.5927138 0.21091303
4.1773396 10.192182 -0.63286144
-45.585526 4.1490097 7.5613604
3.2941861 5.9624949 0.32800651
21.163555 -4.0069237 2.9316564
-2.0804129 -9.9217272 0.19085921
5.1229553 9.6915474 0.36644197
-2.1529441 12.146575 1.6901523
18.534588 -12.190096 -0.060065955
0.96995956 -11.619773 0.98431212
-4.7883811 7.0563297 2.1619587
19.208424 -1.2276901 1.2415621
1.7091093 -4.984446 0.54921597
1.6386298 0.93319654 0.61645949
-4.5872803 10.91867 2.0558095
2.6212652 9.4317532 2.4615717
-2.4428077 0.37389886 0.30227518
2.7329619 3.8405547 0.24305633
-36.337456 4.6940818 8.8292551
38.340145 11.493529 -2.0209966
6.3539681 15.616502 3.4233208
2.2344522 12.031502 2.5582256
1.3802514 3.8720641 0.61734539
-2.0757809 11.231156 2.3963168
-3.2226033 -2.55843 0.80329937
-3.9379265 10.388635 2.8164718
-2.412709 -3.6083562 -0.44520438
37.352432 13.284715 -2.061177
74.312378 29.854244 7.2648115
-0.082855262 6.7150965 0.81493312
16.601068 -40.977928 3.2127833
16.994444 -41.147419 1.0031401
4.6262789 -2.3747661 0.0015642089
6.9109106 14.56074 -0.72108227
-4.7934408 4.8524446 1.2968355
6.4608212 9.4075203 -0.42003262
29.630329 -1.6077429 -1.3573437
-3.0709391 -1.7302444 0.010465157
4.9074178 3.7709658 0.56952006
-4.6056471 -11.407989 1.024731
-2.3260539 5.4892263 0.28972882
-2.1239965 2.7964509 0.72129643
32.486198 2.6271579 -0.40940678
38.52774 39.047989 4.5722933
2.135977 5.0067105 0.2381947
47.738731 24.442049 -1.0172412
-0.06170509 -9.6635466 1.2112076
2.2951279 6.9779916 0.57372093
21.146414 -36.656322 1.1943976
32.632214 13.310551 -1.7874744
24.431847 -49.580631 -6.1622458
21.386259 -40.808353 -8.4813509
18.73941 -15.43388 -0.071124867
2.0718968 -6.4090276 0.4411968
86.933212 17.456873 4.9114456
31.63722 22.465696 -2.0625248
4.1080117 1.0249301 0.62353402
3.3955576 -4.4178481 -0.38733694
4.554616 3.8572047 -0.51333874
20.911629 1.3700277 2.8180602
-5.1803737 -6.3483381 2.4945767
7.7258387 11.901568 -0.096547738
-47.797096 1.1808879 9.4606647
17.066265 -40.781841 2.9118099
-38.128513 6.5251355 9.1820345
1.9766465 10.002261 -0.69820976
-0.78799081 -9.9020538 0.51778775
-4.3938289 11.447533 0.38926482
2.5274777 -3.1435235 -0.35612565
-4.4370956 -1.2053921 -0.40719435
3.1642928 -6.6143408 -0.32005063
-4.2465229 7.3214693 -0.49278975
52.41671 20.42271 -1.0141089
1.6934223 -2.463412 0.19953005
8.1419773 -16.769037 -1.9094385
-41.8452 3.2406175 11.622431
-6.0218768 -5.5327826 1.8935546
-0.14302582 -2.1342545 -0.15241444
16.654249 -40.969246 2.6223478
-5.110507 3.19642 1.3806143
0.85881114 6.1685457 -0.53866607
1.0621507 4.1241183 0.89394557
-2.891712 -4.753994 1.3765438
3.1556354 -1.4803104 -0.43435678
18.030703 -34.255409 1.2214299
0.16026773 -11.592587 0.57562768
18.477125 -11.965199 0.72694373
16.417028 9.2325716 -0.1721663
20.066618 24.016005 4.9962344
17.168571 -44.853546 1.4223911
2.3912265 -2.6892118 0.76320255
1.6715178 10.082886 2.7733257
15.62509 -26.091124 0.0014362473
29.150328 14.03384 -1.5695609
-2.3160894 -11.463899 -0.0073664919
34.090866 13.236807 -1.8628726
1.3488644 -11.413273 0.17078835
20.869526 -9.5444746 0.71066546
2.3016527 -1.7144942 -0.18834169
1.1429826 -10.299173 0.18080413
1.4103245 12.009991 0.81093496
-38.07486 4.1073151 9.1084356
2.8645544 8.1655617 -0.24615031
28.672131 13.584189 -1.6071361
-1.8750904 3.515106 -0.48840368
34.466602 28.096115 -2.3866458
38.066902 7.1310616 -1.937955
-1.7700415 12.145884 2.9979644
-1.2027676 -8.9792757 1.4644957
18.802095 -7.2053919 -0.078518555
1.3573414 -6.9766068 0.97537971
16.39332 -42.292389 2.6049776
0.63836277 5.0530081 -0.56743383
-0.5267455 -3.4685862 -0.35726932
-0.16080208 12.084691 2.9591937
-36.162582 6.1838465 10.06916
18.749748 49.72245 0.82301229
16.407261 9.2088385 -0.81289971
19.303102 -6.1605406 -0.79823279
-0.94628763 -7.8185787 1.036016
1.3529556 -3.864661 0.53683215
1.1391501 9.1584692 2.4079325
0.3153716 0.64683694 0.45179671
82.553612 24.986561 4.7852464
26.414501 34.148869 -2.3472438
30.135374 13.018361 -1.6507369
3.9881504 -2.7355301 0.046046663
4.7139072 4.9525528 0.17823355
50.068127 24.4804 -0.94521183
-38.592686 2.7797923 7.8385181
-3.4673052 -1.1538762 -0.35352105
7.3893409 18.587553 -0.24559015
9.2997179 11.31551 -1.2058306
32.557327 1.8602586 -0.40922299
-2.3830001 1.8136351 0.42668942
17.960297 -0.16635874 4.4420171
-4.4262071 -6.4723244 -0.056259945
39.473808 39.106339 4.689199
18.790823 -12.539486 1.6004739
11.280236 8.956193 -1.2485299
0.84108943 7.7404432 0.31226745
-1.4564471 -3.5143442 1.1277333
16.618948 27.660532 -1.477196
-0.067268088 4.9508557 0.52942371
0.2427015 -4.1909781 0.971596
1.3843604 4.1827884 0.59284037
-5.9425373 1.1282122 0.38599792
54.107327 19.171656 -0.63443923
7.8426428 14.19476 -0.71298695
3.9178088 6.0893312 -0.53034395
-45.307182 0.58085972 9.1586847
7.7925224 13.426907 -0.67339736
2.2702529 -6.3712735 2.1594136
-1.903155 -1.9496237 -0.27607968
-3.0442255 -10.337579 0.18682666
-41.279621 3.7418482 9.8661089
32.403217 3.5432842 -0.41703013
19.482279 -4.7285142 2.8031054
1.767279 5.4001818 0.23868358
0.51144409 -3.067045 0.60212517
1.3801385 -5.3998275 0.91577888
-5.1424565 -4.4249916 1.980063
1.11375 -1.4551173 -0.072335392
-4.9170413 -36.971409 -6.6235466
-38.147423 6.3102055 9.1610193
35.015064 27.379171 -1.9844579
-1.5670667 2.4223359 -0.16580455
32.75354 2.936795 0.73878998
18.599594 -10.355173 -0.049389649
3.3387699 7.1229315 0.21781689
-38.034019 3.6482327 7.723949
5.0813894 6.1816974 0.072708748
2.909636 -1.7149558 0.64487892
2.4948394 10.826691 2.7518497
-0.15506464 11.170811 -0.40183333
-35.049976 3.9462447 9.552928
3.3753622 -10.191853 -0.21087094
-4.7946668 5.210588 0.61029124
2.2363591 11.664225 -0.44687653
32.704124 13.620667 -1.8150833
53.069431 23.376177 -1.2577076
72.383682 30.966761 9.9590158
-1.6957942 7.9667182 0.91400325
-1.115199 -6.2780323 -0.15629824
8.6040869 21.376249 -0.33674699
85.762238 17.066668 1.7696475
-2.2264977 1.7780935 -0.18357643
71.868027 36.207161 7.2977324
4.836525 -2.8189049 -0.160726
-4.5685449 -11.356822 2.3090293
-4.9337664 2.4926403 1.6843925
0.88540286 5.8639894 -0.23280406
16.580215 -41.368404 2.9648359
0.26650956 4.6385484 -0.1634627
-4.1538496 12.25081 1.3089813
-2.0031123 6.7327108 -0.13727818
-1.1505228 -3.8915503 0.040904555
18.421787 -1.6253626 0.56568789
39.687576 42.862644 11.251101
36.317333 14.062478 -1.9583369
-2.531111 5.4608316 -0.47583777
82.329247 21.868135 7.7092443
-0.47828215 -6.6621976 0.17146914
46.408863 37.66935 -1.2271553
18.391872 -0.11904097 -0.094626144
3.7615213 1.4185107 -0.56339014
20.224463 0.62930113 -5.2635193
2.5974982 3.3735206 0.70111924
16.515331 12.444173 -0.23200922
-1.042688 -6.0841069 0.87851906
21.505978 49.472214 1.2702206
0.27589467 4.582407 0.91536701
115.16401 5.6475348 6.2983384
-4.9350343 2.3748333 1.1012396
0.44469818 11.070989 3.2159801
20.49181 -10.788282 0.71336442
2.8719034 9.7949791 2.1861482
-1.6521883 -6.6770492 0.22191018
21.412409 -25.760603 1.0105277
48.909149 16.649492 -0.90162498
2.9659197 9.3903008 -0.010359497
38.441578 11.590888 -2.0429823
-3.5502682 -0.34024975 0.82229048
2.0696745 -1.5501287 0.63489133
1.6222634 11.522002 2.4461086
35.487179 13.266429 -2.0404501
2.4063714 -5.2098336 -0.14214683
115.06047 5.2996492 6.2921
18.982327 -17.950907 -0.090752117
2.7265828 9.6746645 1.4326547
-2.5036278 5.8955927 -0.52821261
1.7220585 -2.9379268 0.61887467
1.5744091 9.6069832 2.7987032
4.1974974 1.8338716 -0.52167678
18.540634 0.027098799 -0.098306768
-5.1432619 -2.6314178 0.6254459
-37.487972 4.4287567 8.7734461
2.6555791 11.967004 1.2452661
20.655745 -11.110004 2.3804414
-2.3281748 -4.7712374 -0.42269459
18.599203 -12.991668 0.011933672
0.56000227 9.9746084 -0.67553169
19.582537 -25.502604 -0.15027601
18.354553 -6.216558 0.620157
-1.2166131 -8.1750727 0.21198821
-2.678143 -0.6000576 -0.31734356
8.3070526 18.961363 -0.26907021
-0.14402758 12.033965 -0.027670007
21.769005 -42.001686 3.0429299
71.539062 50.745972 4.8590679
38.505474 11.803534 -1.9067395
-36.147701 6.1571999 9.9262142
4.5857773 1.0396326 0.21769893
-0.47000933 -2.7237008 0.32771391
4.507731 3.4718599 0.20889726
33.252926 0.32336867 0.84365457
-49.675316 1.6852361 13.63689
18.171053 -41.023037 1.0055001
0.98155206 -2.4550946 0.63402879
2.2109296 5.935163 0.26454046
2.8361344 -4.3875618 -0.33224615
53.964283 19.155331 -1.2409266
-1.6347958 -3.2252882 -0.36161876
34.081558 28.796227 -2.8003514
-1.0332288 -6.8666892 -0.25896811
18.838776 0.076580666 -0.10845387
4.526463 1.8343059 -0.50463945
-1.695622 11.290658 3.2239799
-49.634468 2.3799775 11.778454
22.576704 -44.422493 3.2473016
-45.480885 0.82153225 9.2145634
-1.8632001 -1.412928 0.15109037
7.8434367 13.827227 -0.13555849
52.686115 19.569328 -1.0242521
1.9156994 -3.8447108 0.23450212
16.355469 -41.022602 2.6284356
-5.2104139 3.1957183 1.2037838
0.53839469 6.2391095 -0.56568813
0.96177256 -5.3145008 0.62884229
18.639883 -5.6927805 -0.75831223
-1.6467717 -7.2506366 0.98954076
20.932112 1.4295288 3.5640841
19.009342 -15.418308 1.6449771
7.0366898 10.597476 -0.96096849
37.319286 12.678788 -2.018048
1.7515533 -6.9232864 0.65142339
40.531513 35.796383 -10.629851
-1.6600634 -5.5303402 0.9362309
21.781919 -26.115294 2.2210965
-2.7119155 -1.8966149 -0.40305924
18.627195 -36.141361 -3.0468566
19.638735 -21.028975 1.9451613
1.6632652 1.7025986 0.88922775
-3.6207597 -0.33551475 0.75718749
-1.4215642 -5.0448236 -0.30098253
-0.0092142215 3.2017279 -0.47728804
-36.713387 4.0466132 8.8132467
2.1251884 -4.0703874 0.22882281
1.2672424 -6.1691523 0.19494498
-41.277531 4.7560153 11.426479
32.968571 3.7450643 0.73383683
-3.8912027 -10.408152 0.18487307
-1.802292 -11.468808 3.0509572
-5.1521726 -2.864423 0.41637307
126.49836 13.813554 11.368237
-5.1869822 -5.055047 1.4154027
-52.812477 1.7161411 10.621084
4.1179228 0.64091033 -0.58896816
18.558615 -0.83631647 -0.091159776
0.98105758 -7.6633182 0.57597053
26.340307 34.868687 -2.3827472
29.71332 13.617951 -1.6526299
4.1198168 8.6641264 -0.14916918
-5.3301163 -6.3957148 -0.36843836
38.733475 39.586666 4.7747383
1.7529606 -4.6174874 1.0365758
-0.94120842 -3.4215162 -0.35828221
38.303772 12.637176 -2.0645738
47.829506 23.979219 -0.98716164
0.32351556 2.1955473 -0.22585928
18.464437 -13.844561 0.74470085
-4.5719976 5.2444596 -0.34472632
3.6565113 -0.21545549 -0.19930586
5.4637847 3.1006792 -0.78250611
2.2663944 -11.402405 2.6419849
78.081032 29.897072 1.7044713
1.4005147 -5.0132537 0.60167396
23.186228 14.495919 -1.3553485
51.84565 11.320262 -0.71478647
17.007887 45.44743 -1.2177892
3.9934347 1.3319569 0.91252029
0.22862293 -7.4159174 0.21437174
1.360424 -3.9222839 0.20499747
-40.436848 2.6300023 11.142779
18.826344 45.352226 0.72057408
32.094158 6.0230088 -0.44661051
-37.766304 3.925554 9.0581751
-4.8564267 -9.3077698 3.14903
18.351028 -1.5672631 1.220638
3.7434821 0.18886229 0.99690527
-1.3370619 -4.0544577 -0.33743197
39.214066 42.543919 11.168814
2.2381263 11.979576 1.6736434
8.0670099 15.033064 -0.16572605
-2.5545139 -4.7300668 -0.31037715
33.12236 1.3852241 0.75100899
29.410402 29.788097 -2.2621808
22.996073 -43.90881 3.1727986
1.7308695 -1.0030864 0.25277057
3.0212188 7.3367882 -0.24292594
0.91239941 -7.1641555 -0.041204941
-48.426369 2.0259523 13.27942
32.427525 3.5443823 -1.610837
0.11304649 6.9439187 0.86993253
2.146342 -7.8132253 2.5261006
-1.1786216 0.42339906 0.016431663
-3.7721343 -1.0536677 1.0294064
23.824049 13.649768 -1.3808861
-7.8414979 5.3634825 2.0589981
0.22346564 -5.3808813 0.53855556
6.57865 10.546986 0.3869901
-47.793903 1.4294425 9.646883
16.352039 7.5936627 -0.79041493
-48.162601 3.2524381 13.283699
32.941212 4.6016541 -1.6170205
2.6882868 4.6178994 1.4145315
34.197243 13.106511 -2.0896153
2.6917584 2.6618235 -0.51418924
75.324646 45.010513 4.8616676
83.58934 23.632141 10.95814
-44.068745 24.775461 13.648268
6.6840429 16.567831 -0.20183212
-4.3078389 -3.1409285 -0.30244145
-44.434986 2.2795334 7.3734679
13.456037 -10.296623 -0.57063115
71.903961 33.645683 4.4270535
3.6721387 7.6979318 0.94195783
9.733408 10.947547 -1.1302991
17.868479 45.315685 0.16514149
18.596817 -13.427814 0.011600314
0.67033017 9.3482542 -0.60461891
32.955303 29.519012 -2.3790891
-5.310874 -7.7451711 2.8189926
-2.8918648 8.9222193 2.3507609
-2.2160773 -3.0155177 1.2534767
3.7478435 0.17482129 -0.49375126
18.397881 -1.5918455 -0.089739911
-1.8359561 -11.442101 2.6276131
1.7553489 -0.69032884 -0.16352506
126.76828 19.502945 6.9726143
-2.8360651 -21.858444 -3.7624347
1.5217351 7.4759769 0.29738817
0.30015716 -1.011796 0.49104637
-4.8638005 -2.7422791 -0.14805856
44.196407 -119.82137 6.9377832
19.91564 -26.14114 0.044286683
0.35009828 10.527963 -0.19793944
25.615168 15.903408 -1.6162124
-0.29972398 5.4582453 -0.075867414
-38.013706 6.7228155 7.5826902
33.695835 5.9574628 0.72715676
19.652571 -21.902489 2.0093329
1.0582274 5.4160581 0.90885425
-42.35194 3.1424394 8.5717297
0.48602644 3.7936096 0.55262011
1.2665712 -7.2408996 1.4196397
7.9821048 -16.978979 -2.5951953
0.61094826 7.0206389 0.19452527
18.432268 -9.847991 0.67283374
-4.6684804 9.3073654 -0.1636834
2.5933733 9.4267387 0.025421055
26.406712 -10.069672 -1.1965188
-37.68771 5.5546303 9.0752888
73.116837 30.736084 10.030816
-2.7956254 10.947415 2.3624032
-2.4938443 -5.3363271 0.62593645
8.0618734 14.277294 0.42620444
-2.9305847 7.5681806 2.4197676
18.498983 -14.051538 0.80902535
0.58501023 8.5382147 0.22818026
3.7319221 8.350132 0.66658694
52.705452 24.498768 -1.089159
-0.7686916 -4.7379394 -0.26052547
45.173542 -119.56693 6.9432416
6.6520562 17.390287 -0.22113469
-4.1787677 -2.3015373 -0.11241452
19.944456 -23.992542 -0.1366505
38.272758 23.972231 -2.419065
16.243734 -2.5955536 -0.61808163
-4.402739 8.4948006 2.8023207
3.9634256 -6.8523436 -0.37308624
-1.3626466 -4.8987546 0.20399772
18.30172 -3.0320797 0.57960188
1.2954777 8.1517019 0.63331115
71.787483 33.606697 7.1929049
8.4575987 -26.411917 -0.01582697
-0.92260951 -8.6840506 1.4259962
22.772951 -43.985298 3.1389327
29.052145 29.930943 -2.2526414
10.941474 -11.639316 -0.50101316
1.739184 -4.5843201 0.57390112
-49.590298 1.069135 13.653248
31.949955 2.3788095 -1.5370455
83.295341 26.359694 4.8432121
1.0129859 1.8033634 0.82435763
8.0630245 12.630752 -0.10345178
20.013496 -13.206275 2.4519351
-3.7082357 -2.513649 -0.35555986
6.9382358 16.987598 -0.20637119
19.385513 -21.773628 0.75459659
-1.3644496 -11.558517 1.390947
33.701248 29.68383 -2.434751
2.4165242 -10.132142 2.5356309
75.181656 37.853642 4.6760726
38.406391 12.491354 -2.0684705
-4.8038311 7.4401255 2.2326982
-49.504051 1.635285 13.643799
31.957298 2.8562698 -1.5356904
18.423643 -40.898556 1.0260179
1.2340178 3.6200781 -0.50577509
2.1071427 4.4419689 -0.55042022
-3.8664522 1.5867149 1.2038666
1.1592103 -3.9679623 -0.34774703
-5.1816268 -6.9673038 1.9767921
18.394398 -13.249255 0.71532726
-2.9756637 2.8298581 0.18952319
14.125447 13.037302 -3.6319287
18.431368 -40.915905 1.3344558
-1.2136146 12.047725 -0.038277559
2.297431 -8.9399557 0.18754806
-4.6859722 9.4013405 1.8552788
-0.98570889 -11.604697 2.1908612
-37.38538 3.9121833 8.9157248
1.2259326 -4.7024093 1.2814875
-48.04705 2.7576854 13.182422
18.163975 45.334412 -1.0068593
-4.1580467 12.243446 1.7639832
2.8940547 9.0072021 2.5709267
33.881531 13.106028 -2.0580037
2.0377879 2.4390578 -0.50912386
13.224958 -10.452615 -0.56464648
3.7610457 7.2041216 0.89478618
9.9496546 10.753229 -1.1298524
-36.211685 6.0700145 8.8218508
38.552658 7.9699011 -2.0021827
-3.9048665 9.0574532 2.8180501
-3.2098196 -3.6201785 0.88616574
-2.8558152 2.397439 0.44733065
2.3321738 -10.658995 2.4969437
-5.1797681 -3.4230359 1.0385257
19.180159 -4.3957701 -0.78342545
-1.2604203 -5.781939 0.92794776
3.8398836 10.255737 -0.77730125
2.4798999 1.8616583 -0.18547493
-5.2058992 -3.4911158 0.84589541
0.28727463 2.9211209 0.94845331
6.1706991 6.1911039 -0.87474155
16.390327 10.784448 -0.90836328
19.908279 -53.746853 1.1483303
-45.548973 0.62542802 9.2207947
3.9956081 6.1359363 -0.1738525
19.723066 -11.180624 2.3110504
-2.9832261 -4.5269432 -0.42734328
1.9602336 11.981444 1.2359475
-5.1938257 -8.7291279 1.9743216
-48.434544 1.6138562 11.503718
0.24158055 2.6096385 0.89119989
6.3762846 5.9803343 -0.87409383
-47.651184 1.980083 13.077439
1.7343962 -5.3643899 1.3234283
-5.2121243 -3.7391419 0.88229042
-0.90829283 -5.7191186 1.3341708
4.8451886 -2.6455531 -0.40785277
-5.408483 -9.9697237 2.9664896
11.709126 -2.1861269 -0.79262435
1.4718531 -3.4104888 0.99880475
-4.8336139 6.7535205 2.4100237
-4.0834789 10.317512 -0.38118929
19.212408 -17.893574 -0.093402699
18.935583 -13.349631 2.3760536
6.8568521 12.501323 -0.60939348
-5.2232404 -10.839118 3.1339157
20.731497 -11.638307 2.3984902
1.4086951 -2.8772795 0.75615758
1.1265477 9.6183395 2.4305646
19.357601 -5.5662608 -0.78754759
-1.1276023 -6.8920727 1.0907482
32.704803 29.469393 -2.3760967
26.434221 33.773067 -1.9337072
30.122295 12.773202 -1.5273882
-2.5491767 -2.0352621 -0.39431521
8.1748524 17.391331 -0.22752982
3.7185564 8.3590374 -0.19595119
29.410097 13.403669 -1.6238838
50.945641 38.12812 1.3656396
17.594891 25.189121 -1.5624634
0.62137574 2.0917256 0.6134333
-35.741936 6.4262891 9.9501219
-48.572292 0.71125418 11.607983
-5.1933408 -9.7898817 2.1309464
0.98084235 -6.5281558 0.19752872
5.6814528 9.7648382 2.3977375
-5.005527 -4.0264277 -0.21219301
-0.15931515 12.082129 1.6603365
-4.5509067 11.393015 1.2570927
8.355793 22.687513 -0.35947993
-3.2037361 11.988233 2.5814264
-3.0412281 -1.1201375 0.67231977
-0.023390932 3.0885479 0.30032644
21.582123 -40.889519 1.3123704
18.533335 -5.8430438 1.9914409
2.2298434 -3.4125688 -0.4217861
1.369211 -2.2928126 0.91810542
1.0332882 10.592257 3.0330942
0.70321971 3.840642 0.91975611
-2.9671948 7.4935298 0.089612402
35.845764 5.1799421 -1.7966187
18.56287 -5.0787711 2.0071373
-42.004807 2.4355631 6.9870524
86.748398 16.14463 1.783106
49.54319 24.110933 -1.3460652
-4.7094512 8.3285475 -0.018963046
18.788078 -10.987024 0.6903137
16.341843 7.7482271 -0.14721996
20.738842 -46.388687 5.0222878
-37.074135 4.5137072 6.2095428
-5.0850654 0.2062411 0.73880076
-1.0433309 -5.5893559 -0.75157499
3.6211929 3.6199734 -0.59285897
34.172859 5.8867526 -1.706059
2.5340233 -4.405714 -0.32294619
41.672832 -120.51032 6.9271255
5.484262 6.9531312 -0.58114123
-4.8115077 5.86309 1.1506722
-3.609931 -9.6378632 2.709841
-5.1786079 -8.9415216 2.6556017
-0.89162481 -4.6399775 -0.16223279
39.609165 42.034481 11.15211
36.706169 -108.47797 2.2259655
-7.9904561 4.8132291 1.3664604
-4.8029695 7.2148881 1.5801954
1.1113904 10.67759 -0.40180913
-2.0176315 -6.7386107 1.4141409
19.610304 -19.449409 1.8493086
-1.7441916 -58.618378 1.7866271
34.346317 -14.616851 0.95190591
-34.823162 4.4193907 9.619422
-0.20265107 11.961392 -0.024805851
-1.7133981 -1.1395725 0.69914865
-2.1121619 11.905313 2.5141842
1.3284042 -9.2244616 2.8578722
38.31353 39.322865 4.5741749
2.4080865 -10.945671 2.1624534
-2.1596587 -5.3737097 0.60317665
5.2963934 3.351505 0.21504037
34.106361 0.068876773 0.8469767
0.32866356 -0.1880403 0.29972467
-36.518913 5.8708487 10.159774
-4.2041197 -11.411765 2.7361135
49.74007 24.281694 -0.60396367
8.4894381 -26.343012 -0.018264452
-1.1250874 -8.291791 1.3792087
13.184312 -26.820908 -0.078876369
-0.19377191 12.055657 0.81066841
21.44809 51.381065 0.80826652
-1.5679148 8.4020491 2.4665792
-0.99060291 -4.2228494 0.63033539
-3.6142769 -1.2269422 -0.38657027
6.942966 18.133999 -0.24068411
19.315756 -20.567282 0.74246335
18.96468 -1.7299745 -0.093896702
2.6332371 7.08535 0.56970596
-1.1030557 -8.3332529 -0.08595854
21.609415 -14.413123 2.6238225
18.75609 -39.962433 1.3161551
1.3197238 -8.7461634 0.50515121
-3.0392284 -0.31474772 -0.2811625
7.6834378 19.389168 -0.26934633
52.54958 19.8652 -1.0207629
1.7069354 -3.46668 0.28557017
21.502331 49.461132 0.19177577
0.47642383 -2.5501091 0.24745746
-5.2318425 -5.8404155 2.1109278
-4.4107704 12.201178 0.84808093
-1.107499 -8.908391 1.459169
71.614105 35.236027 4.4491482
3.4168859 7.7422867 -0.24606623
16.441761 10.624464 -0.89249706
13.073588 31.66168 -1.564537
8.752326 24.109499 -0.40046147
-2.2106752 4.6694975 -0.54560328
1.417356 -11.62244 0.57462484
18.922831 49.657421 0.81007004
-35.905983 6.2217793 10.010666
-2.0358729 2.5735557 0.1602401
-0.37946489 7.7930317 -0.1863683
3.8649349 0.6601699 -0.20788485
-41.576759 3.396224 6.9292245
-3.4137917 2.2305911 -0.47276592
21.966982 -44.144829 1.402787
-5.1938715 -3.7141082 0.21941607
2.0473409 -8.7705965 0.18559206
-4.8061504 7.6803966 1.9590746
0.98779255 10.868316 -0.38498777
4.426362 -10.056343 0.14974049
34.156563 3.9610484 -1.6642103
2.4067478 -4.6474533 1.7495946
0.51846033 -2.5766201 0.91773742
12.057741 6.9666882 -1.0451636
-2.1151364 -4.6317816 1.2868649
3.6051886 -1.2085505 -0.51496947
18.342966 -2.9916224 -0.073006295
4.9953666 5.7753515 0.083611473
-38.099785 3.4976509 7.7437735
18.605881 -10.49862 -0.060936905
-3.5915115 9.6627989 2.5598221
0.18795013 -11.540709 3.0407856
-2.8613772 -3.1198745 0.66295075
27.029497 13.617413 -1.5165359
-4.7965574 5.5238891 2.1231818
6.6956964 12.223289 0.38691095
-0.88548034 -9.5529947 0.91891301
-4.5304308 11.849563 0.79335648
4.6607132 4.5557432 -0.58713275
-1.8315768 -10.528531 0.20228095
82.500191 25.807676 1.7525493
39.873501 42.657898 11.248148
-1.0441355 -4.254189 0.21860251
3.5662816 0.10392804 -0.18206263
-41.79454 3.0156925 6.9522872
-3.6369495 1.8315474 -0.46388119
-40.470188 2.6593792 11.21631
18.412027 -40.804169 2.8708155
-46.151833 0.6695205 9.3328142
2.9252782 6.3140144 -0.16213088
-4.6500344 -8.8066864 2.9973621
12.616754 1.0342658 -0.88809204
21.085787 49.655613 0.814264
27.923126 17.658907 -1.6923772
-0.10670666 -11.603089 2.1843059
8.2275801 17.804762 -0.2402404
-2.6816361 -1.7593521 -0.22274795
-3.8611903 -10.396358 0.18453945
-35.692451 4.1424174 5.9598718
1.5849061 3.596946 0.03855468
18.192125 26.213711 -1.6909887
-3.9746716 -0.053641487 0.14219573
-5.1916871 -6.4573498 2.2170522
0.85677087 -3.2782433 0.13985503
0.58656937 -6.2184877 0.57501012
83.198219 18.183954 4.7288399
17.571966 -34.476173 1.1396418
5.142242 6.6139832 0.062201377
-3.0368037 -4.3603692 0.41551459
-3.5953317 8.4194345 2.6326599
-4.5001941 10.818048 1.1948107
4.9242134 -7.1836271 -0.444599
-0.048078187 -0.76303202 0.46623987
-0.60013032 12.121481 2.5343046
-2.6632545 -4.7086649 0.96276265
-4.9145718 3.8021884 1.7570747
0.8719489 6.8581309 -0.14622153
81.78022 -25.613895 10.816364
-43.923103 24.768103 13.610109
-4.4730434 -9.8272505 3.235713
-3.3300712 11.247849 2.7813122
-2.9366624 -1.4938411 0.53967172
3.4042661 8.3919401 -0.64409715
-2.1971605 -11.488752 2.2242861
0.91321117 -8.6612663 0.18813294
-5.1974735 -9.8176556 -4.3155807e-05
5.7229185 9.8159733 -0.018687164
5.9759808 1.9252237 -0.77735257
20.038761 0.020751804 -0.13158774
-2.2728534 -3.2862191 0.63319391
-0.55058652 -10.918262 0.55492628
-4.2701473 10.239994 0.0089355372
0.45374638 -1.8575178 -0.16969071
-5.2078223 -4.983623 1.953456
37.804554 5.5131507 -2.0413678
8.5973921 21.292139 -1.1442627
8.5679293 17.422365 -0.23163649
-2.2533464 -2.1818345 -0.097895853
20.757973 5.5750008 4.3794413
0.80764729 10.802892 3.079988
1.3870331 -1.801541 0.86747468
17.906055 45.316307 0.81579107
16.409863 7.6457396 -0.78429312
38.416805 23.87534 -2.4519739
-4.1485181 8.75529 2.8106213
-37.062233 6.6777844 10.321807
20.52581 7.2060018 2.8711977
48.557888 37.043121 -0.8037138
1.1837211 -9.298892 0.51635915
76.557709 44.751904 1.7899621
-0.1349331 -5.1320653 -0.40802199
8.3578472 1.7325953 -0.79419607
32.456467 2.93593 -0.39399746
-2.122957 2.8699162 0.80163461
7.2881494 16.221571 -0.18374033
-3.3302 -3.2827086 -0.079993032
19.211361 -18.655117 -0.070455082
33.205696 1.2478391 0.76239908
20.23793 45.168419 -0.56882727
79.51516 -26.984159 10.604309
38.505451 9.5395098 -1.9930881
21.591846 -14.327073 2.6006672
-1.2119565 -7.7581868 -0.07060013
2.8909826 10.644272 2.3374345
-1.7842371 -5.6169038 0.2187036
0.54503697 11.118385 -0.40132388
1.111323 -8.7207146 0.81942654
18.867094 51.615685 0.68831092
1.6147835 -11.61369 1.410526
16.238569 -1.3119395 -0.040422287
-4.2732973 -2.8765578 1.276703
44.009453 -0.4822709 -11.724481
-4.8346872 5.3844347 2.1305394
26.522686 13.657805 -1.5081023
-5.0751677 -0.20071185 1.4223411
19.064287 -19.779415 0.027096629
1.0465224 2.9628656 -0.48503262
-49.603249 1.8405299 11.482367
-0.35478917 -5.2022405 -0.31604841
5.9517679 -0.17601575 -0.70932454
-37.307178 3.8471444 7.5853438
0.44680014 2.5721002 -0.20179535
52.782703 25.07761 -1.2202386
1.6433007 1.71834 -0.18703148
-1.4036269 -1.3241119 0.6676842
-1.9922748 11.237626 2.4105806
34.795673 27.5881 -2.4160371
38.387234 6.2857461 -2.042068
12.039508 -1.2595342 -0.81953675
-5.1235905 -11.388772 2.8156602
-37.481514 5.655386 10.407439
-3.9839404 2.0198674 0.77922058
-2.4689884 -0.59697253 0.73495424
0.56218928 -9.1532717 2.8120735
-2.9491246 12.164967 2.6048744
27.463945 31.054209 -1.8811154
17.745781 -34.3638 1.1796198
-0.90615696 -8.1426125 1.0669169
15.819156 14.595782 -1.0246834
1.0833937 12.021179 0.80965388
3.0436881 11.368517 1.6277144
-1.6202942 -4.8271837 -0.27185497
20.825497 -11.518219 2.4267137
46.616596 23.985662 -0.93609571
1.065914 4.1615081 0.20669916
114.0062 40.029236 6.5850487
32.870377 2.5381773 -1.5735798
-41.292049 3.0109632 11.369928
2.6145132 5.0541692 0.63843936
-40.557076 2.7776818 8.2455912
-5.306489 -9.4209347 2.0643275
0.53980082 -6.204515 0.12807982
-48.981884 1.1773546 11.651477
0.77520221 -2.3860457 -0.38610512
-5.233151 -5.4313745 1.7991562
86.698647 19.821751 1.7948714
-1.3453089 4.5154805 -0.0015661333
-1.8836933 -1.4741542 0.62284636
-2.1960795 11.26791 2.4112515
-36.530495 6.0706501 9.9617233
38.347015 8.8453083 -2.0065002
0.53755271 -7.735981 -0.062142614
-5.4168015 -11.007051 1.8769145
28.024607 -6.1041107 -1.2681017
-2.3608286 -9.5927858 -0.1630756
-37.399433 4.4352379 7.5677657
16.375942 -43.70179 3.0706301
0.72817928 3.5017331 -0.17803143
-41.812469 3.8399396 6.9621763
-3.9359145 2.7201993 -0.44647568
-5.047699 -5.9473391 -0.055493169
31.759396 13.308352 -1.5232511
-4.5702605 -11.356557 0.17422068
-2.2705848 -6.346282 0.22432119
48.779854 17.129753 -0.93985677
21.062 -25.571014 1.0409378
2.7824614 10.103065 2.2394483
33.323666 13.138801 -1.8154192
-37.047516 3.7858694 8.8746777
-1.2831562 -4.5537615 0.70244813
-1.8072945 8.3455238 2.4763696
-46.478809 0.65092075 9.1687937
18.210836 -40.813396 2.6006544
2.6632044 6.3664207 -0.63152635
-2.3785625 -5.2889023 -0.12338559
8.4382439 14.049805 -0.14421181
20.703924 -11.808413 2.4184725
0.23941132 12.081619 2.9584377
0.65912306 12.040423 1.6578541
6.7044916 15.42376 -0.17971465
-4.1281481 -4.3416767 -0.17655994
-4.196362 -1.869861 0.52761841
-4.6772399 10.935308 2.4900625
-50.309673 3.1697168 12.014968
81.921089 20.232929 4.6881599
-0.72526956 -4.3043737 0.62181717
-39.442966 22.486898 12.267244
-0.96064174 8.5370588 2.4928067
4.3453751 10.810231 -0.33218396
16.825762 -41.343967 1.3379569
-4.7305675 2.403023 0.35678774
3.4227507 9.3216085 2.4968994
12.808183 2.3568766 -0.90992165
-50.164005 2.7371652 10.102124
24.506315 13.487773 -1.1805402
-37.191601 6.5526171 7.6234279
17.837088 -41.059387 1.3368658
-3.6286592 2.8226175 0.19553673
75.285675 30.259029 10.254737
2.535506 1.850468 0.65867418
12.814608 3.0314052 -0.95029092
-38.169773 3.9745936 6.3656087
-3.1069965 -8.8175926 2.8413582
-1.0868893 -8.8514395 0.2060802
18.423401 -7.0164461 0.6413666
-4.5097852 12.075197 -0.027449023
-2.4853456 -5.4549179 -0.18930905
8.1756239 14.223979 -0.14428246
0.16500914 -8.5265884 1.4022337
20.679077 -5.6855278 -0.8674106
0.15012176 -7.3211274 0.48755643
0.25511065 -2.25773 0.24508345
-5.9930868 -5.2443533 2.1313086
19.99358 -0.15913491 0.57138193
4.0703731 4.6872592 -0.5429222
-4.204103 -4.8058848 0.86000943
19.8594 -24.791119 -0.11905956
16.236231 -3.2134542 -0.62617886
18.776463 -15.767251 0.0072209253
0.66302788 6.8157806 -0.61402339
-5.1215515 -5.7024755 0.97810286
2.724983 7.5972319 -0.22185428
115.9398 40.683609 2.3692687
2.304054 8.5330238 -0.56576377
9.5317345 11.131699 -1.207215
3.5312672 7.8275447 0.64664704
21.096498 -2.110925 3.5821419
21.131933 49.652275 0.67805356
39.028866 42.738525 11.171122
-1.8222642 -4.2756619 -0.16607039
2.8482318 12.012255 1.6765928
-3.5110319 -11.413196 3.1231463
-35.326714 5.6625624 8.3765001
-2.8184171 -11.479519 0.58444124
-4.5710468 -10.595265 3.0379894
-5.6077967 -9.9772177 2.9865489
-5.3815904 -9.9073915 0.56776351
3.8076675 -9.8617887 -0.20658104
-34.784069 4.3799691 9.5552673
0.064635694 11.221126 -0.40220165
4.5850072 3.8083384 0.22751302
33.20916 0.53885782 0.84304088
-0.61455756 -7.8207273 1.0341414
7.948791 3.4720724 -0.85464078
1.8662772 0.17850128 0.83768445
19.61937 -22.485504 1.9788086
2.3718596 2.525876 0.82853806
85.404419 18.695488 11.027507
-37.27272 3.3413241 10.289517
23.223579 14.463549 -1.3539133
-4.5194845 -2.9361362 -0.42128512
20.524563 14.985926 -0.34588635
-40.92659 3.700846 8.3002024
2.1706061 6.2148757 0.65386933
21.897106 52.825851 0.76011479
-39.897293 3.1026926 10.75164
-0.46719187 7.49613 0.20595016
21.145647 -36.560226 1.2478375
1.1155326 4.58637 0.24207078
46.573738 24.110098 -0.97324556
-1.4820749 1.9898909 -0.34332073
81.602402 22.795279 10.695886
-2.5848994 -6.4589372 0.22264107
20.59956 -25.76482 1.0051622
8.2999783 22.23394 -0.34840116
-2.6603947 2.5824969 -0.038101334
-40.392754 2.6558073 11.11642
21.543875 52.609867 0.82659191
8.4718227 -6.0506701 -0.61687332
2.4178581 -9.4550924 1.4399182
-3.226083 0.42546174 0.63253921
42.444363 -120.28702 6.9294653
29.857834 21.964743 -1.9427085
114.73419 38.267769 6.5912871
37.623001 11.141813 -2.031455
-2.2695673 -0.64026201 0.16665082
-1.6728959 -6.8750453 1.1841897
18.721277 -5.5537415 -0.75473601
-1.7698879 -4.6375275 0.068774953
2.9635706 11.885342 2.1182749
0.95735836 -4.8757205 0.72807479
-41.569946 4.0933475 6.7944326
81.20932 19.395731 7.5623994
1.6954271 -0.19127055 0.74769264
18.766666 -16.055618 0.0066984133
0.67758197 6.7942257 -0.62670231
-5.3283963 3.3763137 1.3570497
-50.561066 2.8408093 10.163225
38.592426 6.4859719 -2.0330856
34.803841 27.604397 -2.4227102
16.753098 -19.613913 -0.045181721
26.805822 32.459454 -2.2916121
5.06636 6.2167087 -0.21368261
115.66781 40.974819 2.36656
2.7332518 7.6452198 -0.22652265
16.359219 -41.797234 2.5778248
0.46963146 5.3399167 -0.42001918
-2.8737202 -3.1708424 0.12918179
47.647736 20.020933 -0.91575694
-5.2803392 -7.4359431 1.4561393
0.63341963 -4.0739102 -0.42491585
5.0520334 5.780827 -0.1917242
26.849726 32.132046 -2.2722902
-1.8306086 8.461545 0.3729099
36.204765 13.156176 -1.964782
-48.928482 1.4905423 13.118464
0.52843475 -5.7310734 1.2439604
3.6794145 -2.8066542 -0.46584117
5.3618879 -1.7684941 -0.64312571
-0.79222655 -5.0686865 1.3044318
2.716433 -2.0308061 -0.40278888
1.7012805 -1.0999916 0.85071015
1.3952078 11.925375 2.9455492
26.338251 34.562569 -2.3735461
29.772297 13.329729 -1.6406748
4.2834201 8.134758 -0.31675997
6.8786592 14.712336 0.40650326
-3.6402168 -4.8951087 0.64193916
5.7470117 10.237339 0.37434933
20.621408 45.095181 -0.58023882
-36.300045 6.8117933 10.245005
7.5532918 -26.014837 0.013501464
-1.4847771 -2.5794804 0.17366646
21.420067 -9.1538601 3.1794336
3.8110812 0.98439008 0.24628732
5.3057857 6.2335386 0.068007939
-37.930374 3.6564915 7.7115598
5.8956733 2.241327 -0.80842322
85.464905 22.202372 -1.2893364
-0.60833883 11.840811 3.17221
16.729439 -16.363625 0.020861141
79.569176 -26.027889 10.57358
38.525902 10.019717 -1.9939262
-2.6182923 -11.450178 -0.0091040861
33.877762 13.224155 -1.8505586
-0.20912321 11.991068 0.34466749
-3.4854648 6.7724071 -0.15788303
34.327652 -14.22798 0.94679379
27.446472 38.635925 -2.8078403
-0.48079458 8.851408 0.97358322
5.6163387 9.9858274 -0.42508382
-3.5358703 -2.9786637 1.0078818
-0.20813574 -11.470682 3.4464672
-3.9101706 9.6502132 2.9626577
22.180016 -44.557793 3.1887982
19.279192 -20.596786 -0.07565403
-37.191628 6.8229423 10.343488
-4.5706258 -10.013799 2.730376
45.786461 55.926964 -1.0024667
19.798744 -24.990854 -0.13091016
125.25253 19.292881 11.322754
20.70849 -11.587258 2.4100032
-2.3068526 -4.819654 -0.30739471
8.4195242 14.657803 -0.1540224
35.817249 5.3952975 -1.7773324
18.563143 -4.7563424 2.0022063
-42.125431 3.1571603 7.0145388
18.458336 45.161552 -0.60416621
-2.9979212 5.8006353 -0.53932613
1.0098102 2.2503307 -0.26008871
-5.0846691 -0.95342129 1.6136664
-36.933811 3.5869839 7.4771538
-5.2936215 -8.6255894 2.6695409
-2.2941537 5.087152 -0.098557115
0.28227589 -11.612716 1.3883934
20.748461 -10.261417 -0.1004803
-36.565166 3.6874321 10.107613
1.0459895 2.9846969 -0.14927731
-5.0621057 -0.21558359 1.6018435
32.756695 2.9340694 0.84591359
3.7261095 6.1092973 0.13913958
21.215269 -3.8616619 2.9317062
10.012868 -12.01851 -0.47813472
0.4206908 5.8095837 0.92574143
5.4555078 6.9557853 -0.26608354
-3.1632385 -10.037313 3.1692402
7.1738548 10.911676 -0.99087262
18.976278 -15.050859 1.6295726
2.556963 -2.920604 1.0197062
20.644415 -25.912474 1.9769049
2.0029433 9.66784 2.8407857
7.5370765 20.643044 -0.30665019
0.9816401 -7.5245481 0.48969236
-49.12759 3.212728 11.680281
-5.2459559 -7.0405416 2.2166078
0.43718219 -3.8127437 0.37151912
-36.292793 5.6122661 7.4075584
1.6067451 4.6349988 -0.020066118
-2.9402184 -1.3508122 0.22661585
0.81393331 7.2721853 -0.17855151
-4.8896437 4.1942735 1.8145623
-5.143887 -2.4977674 0.21057999
21.987997 -43.009743 1.3862325
0.29557124 0.9584235 0.25453663
-1.4992729 -2.5860517 0.58782905
33.288387 -2.4365146 -0.41608083
30.675964 60.136417 -0.91675282
-4.4091935 -10.008475 3.2442043
-3.2287512 -2.0109482 -0.42081618
-49.057144 2.0951355 13.147327
0.69099724 -4.9940252 1.3631109
1.044769 -6.2242522 1.0001129
-43.756924 23.541275 13.392219
34.946285 0.19812031 0.78621167
1.125643 -0.21624434 -0.031062352
-5.1389112 -3.4026613 1.8108763
2.3397722 -9.3678179 2.5941024
3.0151565 11.404793 2.0506024
-1.7516524 -5.0920153 0.19301562
17.845575 -41.095539 1.6644719
-3.6913121 2.9593368 0.62377083
1.7559787 11.943617 2.5258338
2.0677629 -0.96021277 0.59562796
29.722378 46.695999 -8.957015
33.685062 5.5514913 -1.7341852
-44.109043 3.1626792 7.1283722
-4.7439866 2.5818799 -0.40524292
-1.709535 2.5821364 0.25981176
2.5100088 10.822545 2.826057
3.009861 -1.7205353 1.036077
17.470453 25.610651 -1.5709105
0.54191005 2.9769959 0.58104253
1.8246832 11.952666 0.4061318
19.719341 -10.807472 1.4703252
-4.3322296 9.8091736 -0.41112322
35.719696 13.466011 -1.955856
4.3424253 2.8089638 -0.032001641
-2.1476846 -4.2971101 0.21605116
2.5607848 12.009673 2.1195514
-50.165531 2.8663323 9.9696531
24.475407 13.658823 -1.39555
0.37213117 10.529236 0.0086783133
3.702229 -10.422818 0.54941732
5.2676082 8.6440258 0.69909501
3.0738289 7.3851628 0.6019907
70.805664 33.4361 4.370647
80.327888 -19.986937 10.458577
111.81712 -4.0063171 -1.7095391
-2.9746013 -11.432533 1.8254662
-4.5275159 11.84021 0.85122925
-1.1035991 -9.5591764 1.2030821
71.931549 32.92551 7.1794767
20.47229 -10.803687 0.71511096
-48.395851 2.5184984 11.536263
1.561729 -4.7115173 -0.18801177
0.25776923 -4.6365104 -0.16791961
125.19096 15.246105 6.8611016
-49.535213 2.4053597 11.595151
1.7035562 -1.4259262 0.25061783
22.059916 -41.377571 1.423298
0.46788624 2.5713468 0.24978776
17.530081 25.514202 -1.6187741
81.590096 21.108156 4.6825714
2.1051736 -11.604732 3.0742435
-37.350628 6.8363571 10.387532
-5.1086302 -10.026657 2.7195404
4.0520253 0.89184958 -0.58651805
18.516117 -0.75241005 -0.090487577
2.6793029 3.3978088 0.324819
-2.547435 -0.12403169 0.069332689
2.3047059 -9.4687138 1.4110327
8.2050667 -6.2046819 -0.6039266
-5.1790705 -8.8260098 1.9874425
-48.434757 1.5213388 11.516912
-3.4646852 7.3697524 -0.47997782
2.8041894 4.0714221 0.12515321
48.521957 23.983095 -0.99578673
2.5954809 -2.6065814 0.22632021
53.496197 20.776264 -1.0215633
19.430897 45.254246 -1.2205006
0.62778914 -11.430081 0.17301941
-3.1130116 9.8234024 -0.32908741
20.168854 -9.545682 0.7029587
1.3779674 -1.8788166 -0.15112245
1.4595217 5.0848966 0.95806789
-41.764153 2.7584219 8.4895878
-1.8103735 2.8322544 -0.13789655
8.8214512 22.534292 -0.35538545
34.663807 27.853039 -1.9852401
-4.5225821 -2.8385293 1.3075835
-43.245327 23.940968 13.152547
-45.140545 0.35863131 9.1109133
4.0533175 5.9529395 -0.58704275
46.428329 37.596272 -1.344882
-0.45598087 -7.0431218 0.21089222
4.1627636 9.3649921 2.200295
16.720469 -16.429499 0.010363856
20.080683 45.210339 -0.63160264
38.504684 9.7123709 -1.9895682
48.879456 16.811888 -0.90647256
-1.6225133 -6.3613677 0.2254245
45.537582 38.114044 -1.2401602
21.359396 -25.562605 1.0430052
2.9482074 10.232999 2.2676427
-5.5817986 -1.7402108 1.7887006
0.5035038 1.4285874 -0.089222014
-44.076878 24.832876 13.562392
18.22603 24.823282 -1.6087421
1.2934005 2.2407289 0.25663531
-3.7676604 -1.4988828 0.24653381
19.318331 -20.615555 0.88649905
1.2969426 -9.8500662 1.6017294
16.363554 -41.754448 2.9244215
34.440113 5.9060678 0.73770958
0.43784183 5.4518228 -0.13120471
19.039955 -19.380737 0.024941152
73.758224 45.649265 4.8091602
1.035846 3.4230521 -0.48658162
-5.0891809 0.20660293 1.374599
18.998936 -18.237339 -0.085130788
114.86024 4.9684582 6.2809224
-5.02915 1.2990046 1.0452024
6.6576653 11.779253 -0.5614779
21.213642 -10.616261 -0.097426645
-35.945641 3.1805921 9.947607
28.104492 -5.8024635 -1.2701535
0.6702593 -7.3426924 -0.044881091
-37.904564 6.5823641 9.2244091
-5.4097166 -10.601529 1.8282149
-4.5472279 10.141172 0.80294138
-36.283859 5.0474963 8.7223501
0.19080317 11.255469 3.1873472
-3.6247191 -2.0106077 0.51298189
-4.0129061 10.410205 2.747478
7.583364 14.05013 -0.14042096
12.798471 2.8139813 -0.94455367
34.664299 0.23949498 0.78766453
-5.2012048 -3.5951328 1.6049703
-1.9198847 9.6119938 2.4465582
81.151871 21.54142 4.6661949
1.8368894 -11.54909 3.0799649
-5.1955872 -6.3287134 1.3448964
1.125075 -3.1230457 -0.41983646
5.3319726 -2.2981815 -0.23797078
15.715765 -25.567081 -0.091951951
0.37267631 9.3778667 -0.30853567
16.82584 -19.414703 -0.058885295
-5.0724773 -38.71907 -7.035429
75.000565 45.298923 4.8549094
2.2773707 3.0843799 -0.52050841
1.6925355 -5.2802391 -0.16803561
16.335268 -7.0204234 0.0033666748
33.088512 1.7808251 0.74860162
-5.2025776 -3.5615709 0.42952979
0.38706776 -5.5347328 1.2023888
10.754284 26.945702 3.5937262
-3.8393946 7.9561009 -0.5374037
-5.2112045 -0.86207956 0.88600725
-1.7418541 12.094934 1.67643
34.163902 5.8827324 -1.5145952
1.2810081 3.0069227 0.94838583
19.415468 -19.801041 1.8492551
-4.5294461 -2.946986 -0.31168526
22.123726 -43.417736 1.0739433
0.20597814 -3.0652561 0.57252765
-4.3115215 -2.6844375 1.3863329
-43.159588 24.134369 13.100289
16.2647 -1.1463449 -0.0404393
-1.6954162 -6.6047525 0.99597108
14.191273 -9.793663 -0.5935263
-37.368217 5.4106765 10.363199
39.006794 21.947577 -0.80870777
-1.5847569 11.243228 3.193213
19.427399 0.11588726 -0.7958293
6.5176411 11.125627 -0.52131522
180.58987 36.680927 -2.9981835
-2.0159607 -9.5964327 0.86929858
-0.87769824 -1.0766705 0.54721922
32.375774 3.732964 -0.39682505
2.016001 -8.7702198 1.4593658
3.5778303 -0.22477908 0.92731595
2.4551237 12.008584 1.2390732
-42.496815 3.4538369 7.0600095
-4.4107556 2.2753618 -0.46685734
35.438232 5.7211323 -1.7860479
-4.7799182 5.9801164 1.9357823
20.144144 -46.64399 5.4246564
3.2092445 9.4328594 0.022262748
18.389585 -12.938497 0.73046881
17.44495 -29.904697 1.069898
32.309059 4.2124748 -0.41889963
-2.6641672 4.3792839 0.68218923
-5.1856642 -9.2441139 2.4319086
20.626528 45.076317 -1.2223682
0.33934802 6.0905514 -0.18239568
113.4925 39.426464 2.3231373
34.285614 6.4374852 0.71737784
-3.9899242 -10.072447 3.2501636
3.3997262 7.8926148 2.5224171
3.7524076 7.8186369 0.12433769
-1.8308666 -3.1305451 -0.42713073
-3.9023161 2.5905843 0.99741066
73.69352 34.810165 7.3873987
-0.73876202 11.976353 1.1937444
1.3985429 -8.8313932 1.0761008
19.218431 51.479099 0.71885812
-2.1525743 12.101416 0.40263897
-2.8933048 -9.8998137 0.54659438
17.08732 -43.976524 1.0597693
53.356014 21.264933 -1.0555583
2.443583 -1.6432475 0.26029688
-1.7276815 -2.5919197 -0.37026519
34.380299 -15.356236 0.96545339
-3.2185419 5.4211392 -0.078321226
1.8676261 -6.2461891 -0.18958913
48.880959 23.959389 -0.98336023
2.6798036 5.6259389 1.3453054
26.376709 34.665791 -2.8176332
-1.939451 5.1758103 1.0925934
-0.53015608 -4.1562338 -0.42533427
14.228294 -26.52088 -0.070337377
82.81723 22.852459 10.841312
45.75153 38.00602 -1.1637753
7.5171051 12.160289 0.39791715
-4.7723866 7.4157133 1.751856
1.4412442 10.779519 -0.38628396
-3.0921843 9.8341904 -0.42914876
36.944473 13.216428 -1.9921616
-38.143547 5.2349863 9.1300602
-45.158157 0.51172525 9.1270399
4.1308904 6.0975327 -0.63078552
2.4081948 -3.2059667 -0.36069447
21.460854 51.620571 0.80934876
9.5229225 -5.2994328 -0.67074531
13.192462 -26.779917 -0.069811903
22.905403 -40.872551 3.0358701
37.68644 6.4399252 -1.8852152
0.30047762 -5.7881131 0.88333005
2.7504985 -5.9652348 1.8242813
13.537075 13.97118 1.815259
-41.070244 4.7625585 11.34716
0.4305591 2.127609 -0.1796032
-4.604599 11.374825 2.1210599
2.8650427 9.7727261 0.3457315
-5.2111125 -6.3235636 2.4923756
7.3897481 11.798434 -0.090875439
-2.2608147 -4.7338405 1.0561011
-48.422688 2.0174174 13.136198
1.056061 -4.909318 1.2952706
8.0519876 -0.55485934 -0.75030762
2.2922382 -3.8732219 1.5004613
20.012423 -26.428448 2.1833003
-0.15219259 12.088786 2.5260124
0.33538365 -0.64438879 0.45329201
2.6011531 4.3925514 1.6251177
-5.8365192 -2.6210685 1.8542613
0.51494342 0.6064918 0.4755263
22.113314 -43.423367 1.7569156
17.419006 23.357189 -1.5034688
-0.85897762 -9.0894489 0.88668925
-4.420599 12.190111 0.40861031
18.395153 -13.66357 0.72945118
3.5502055 8.6182909 0.30543599
35.486771 5.1393285 -1.7854342
5.0049567 3.1183286 -0.71939403
-49.757515 2.8567958 9.9696655
46.189838 57.063271 -1.0226713
-0.085882254 -7.2823629 0.49838424
-0.87009126 5.1384597 0.87020695
6.0824418 8.6350727 -0.74231005
11.325796 -2.9662309 -0.76744568
20.524734 14.968721 -0.42540804
21.900192 52.644283 0.81634694
19.922649 -1.3084298 -0.83098406
-0.5356648 -2.9969401 0.59185308
81.740852 21.421852 4.6942682
2.4679177 -11.486085 3.0927379
16.304121 -5.8380179 -0.020290781
1.0486617 3.4087706 1.0125343
1.8080437 -8.8261995 0.5054307
-1.8314817 12.106131 0.39275062
-3.4564381 2.7732613 0.56952715
30.417717 1.883204 -1.435164
4.3238225 9.990695 -0.39179078
-2.9855986 -2.4215994 -0.40215817
-6.0146313 -5.5652905 1.3189207
-37.94957 6.7751064 6.3831282
-5.1269569 3.0707686 0.97729343
0.2155761 -8.6237688 0.9626928
22.778439 -44.072132 3.1719377
1.2935408 -1.3781917 0.23395407
6.4038463 6.0079255 -0.89098084
0.53074336 3.0651569 0.90850699
45.878063 24.300882 -0.96441019
0.23210883 4.5823331 0.22169083
16.83078 27.286907 -1.72877
18.807251 -13.062541 1.5448591
-0.27828738 8.782012 0.66885418
4.2296915 9.3349113 1.0931895
-0.71779591 -9.2456284 0.19806239
-4.3876543 11.730968 -0.019459773
-3.2787819 -0.72689682 -0.41130391
-41.276405 4.5253077 6.7558546
81.294426 19.829872 7.5784273
7.7101908 13.065536 0.41768745
-2.9957116 -6.4100924 0.70826954
1.3679595 -5.8084707 0.93939012
-37.296253 6.706429 10.380244
48.26239 37.166992 -0.80086565
95.237648 -1.9091333 -1.4134123
74.04277 30.017403 7.2483506
-0.58444118 -3.4167001 1.0205114
-1.7262928 -6.6872883 -0.20720235
2.9025135 9.8872223 1.8300204
-4.1425424 -5.0210729 -0.21797873
6.6960444 14.683718 -0.15710944
-2.8435922 -0.50232154 0.18085605
83.100304 18.742346 4.7301397
0.57955682 -5.8122659 0.56834614
-3.2838786 -1.1708291 0.051749174
1.733592 2.5678113 0.28802449
-4.6179442 5.0476785 -0.32780418
18.463446 -14.006137 0.74646789
40.255959 42.260281 11.245954
-0.72083354 -4.6565566 0.14601892
-50.269901 2.7815461 11.954173
3.7890532 8.1319284 0.20347989
-2.6525276 -1.0866849 -0.40341011
1.673864 -0.30855697 -0.14529528
18.660789 -5.6977987 -0.80460477
-1.6286151 -7.2998176 0.56307387
15.704961 -7.6091938 -0.62402368
8.2372808 17.40547 -0.90714204
32.953049 4.095305 -1.5724366
-45.067104 1.913312 7.4844646
-4.6424961 8.592063 0.72556263
-0.1103981 9.3242388 1.0130568
18.82802 -6.3840322 -0.81033546
-1.3326855 -7.7806268 0.63882548
-4.9992857 -3.9920809 -0.22034562
2.2700024 -5.2751489 0.16221134
-36.124714 4.3791437 9.9725933
2.2970719 -9.6073036 0.17911503
21.213188 -35.732269 1.1764262
31.150009 29.390213 -1.9050448
-0.4864192 -3.0027959 0.26926118
19.031504 -1.0960763 0.57318336
-2.8673127 -5.2840223 0.98175031
20.407564 -26.005398 2.1553628
32.402966 4.0729332 -0.3859272
18.519056 45.093697 0.6926803
19.779739 -13.769115 2.4769051
7.7286549 12.209274 -0.094510674
-3.3344455 -2.3926234 0.80215234
-3.7815843 10.760336 2.8050654
36.142769 26.364029 -1.9985069
-5.1927886 -8.1689396 2.5836916
-5.0255589 1.0324982 1.0207343
19.028254 -18.716377 -0.087718159
121.35102 -4.8805189 2.3455682
1.4228759 -3.8616085 -0.42864779
8.467247 15.69685 -0.19002204
-2.1733479 -3.8319468 -0.24435362
2.3496656 -2.9761806 0.31534937
2.0691307 11.261498 2.8245065
2.4826434 -1.5668439 1.0526329
33.185307 -2.3031459 -0.4429813
-1.723581 -2.257076 0.6420874
18.625746 -0.77809203 -0.82656825
20.056299 -55.188801 1.5209816
-35.533459 5.5151677 9.8800554
-0.56720799 -8.6118126 1.4142872
34.191582 -16.816055 -0.37625608
-0.19634804 -8.6378355 0.51193345
20.227358 -6.8121099 -0.85979527
-1.6087762 -2.3197372 0.39014381
32.965363 13.117394 -2.0244999
1.4992909 2.7625611 -0.49357796
-2.1589119 6.2491188 -0.55941349
37.64328 9.7092476 -1.9570152
19.417341 45.274845 -0.5898602
32.894844 5.620944 0.87520206
4.3174119 8.9412928 0.3180694
-46.81319 1.2723911 9.3887262
2.2000234 7.1328588 -0.17375085
-4.2373714 2.1475143 -0.43340558
35.85548 5.6482396 -1.7770468
-42.133698 3.3937318 7.0071301
26.534592 33.030293 -2.3059371
-2.3845577 -6.0867162 -0.019573325
-52.259335 1.2348819 13.983679
3.5129521 -2.6472065 0.033324707
6.9222827 17.388767 -0.22108911
-3.7133048 -2.2035866 -0.33108422
19.366806 -21.39415 0.75720018
45.545444 -119.41438 6.9427218
-38.672508 6.8042831 10.767509
1.0177852 -6.9298854 0.95583153
27.956484 -6.5677447 -1.1910094
-40.96027 3.420017 8.4155388
0.25929317 4.8916593 0.86224198
3.3731196 -0.91631418 -0.16463667
27.641542 38.25507 -2.1884909
-5.1074157 -7.8287048 -0.1227836
35.524231 5.2534189 -1.7498956
36.429092 13.945741 -2.0195396
-0.29936713 -1.2831812 0.31128463
5.0246201 2.2250047 0.22317618
-4.6793394 -2.0633979 -0.2518782
-0.12887 -3.0222976 -0.38185406
4.3732615 -2.3791852 0.012495318
6.7255273 14.653232 -0.72643185
16.57041 12.369439 -0.41543335
5.6937466 -7.2247701 -0.48991895
0.50964177 4.3516002 -0.47526586
-2.1669931 -3.0042622 1.0469311
0.95800537 -11.275703 3.4063165
-2.5690107 9.6108055 2.8422043
1.1172996 1.5111401 0.80191207
10.339441 10.357436 -1.1270212
5.4794865 8.6517344 -0.74157554
26.340446 13.753414 -1.6922723
-48.721188 3.0514362 9.538744
0.56736523 8.5497789 -0.24247709
80.71701 -20.353806 10.515775
21.117941 44.872406 0.1937847
-0.62919229 5.7210422 0.24067855
34.350616 28.281315 -2.3859921
18.915113 -10.914229 1.4729688
0.87233746 11.918468 0.73952574
1.7993735 -1.07672 -0.24058406
-3.245194 10.786009 -0.3851119
-41.187569 3.1371648 9.8289871
35.865559 26.530659 -2.3856821
-49.294922 3.1578677 9.9470053
-1.399302 -3.7761319 0.61764205
16.649899 27.455942 -1.6899016
-0.087717824 4.7156663 0.26586848
18.255783 -4.6413589 1.2676092
-0.51819044 8.7349653 0.66570371
-44.270206 2.0315831 7.1927419
33.737576 4.4491687 -1.6640643
18.7915 -12.953591 1.5420129
0.51806486 9.8832712 0.41641098
3.7320547 -10.393623 0.54600662
1.7919811 10.86824 -0.39258194
2.4942873 -1.3540701 -0.41262901
36.526215 26.090185 -2.4152751
-5.7847247 -1.9418335 1.1651081
-2.739768 -4.3990664 0.39989561
2.2413564 12.012796 2.111671
29.962513 0.91015279 -1.3996025
2.151175 5.2052765 0.9319343
19.206966 -21.507505 -0.11118688
5.5473218 10.452281 -0.047062904
1.1014749 9.8505888 -0.67017311
-0.94542885 -11.60425 1.7864033
-4.6506104 9.4000206 1.485628
-3.7598286 -3.0162368 0.9834398
-0.60931486 -11.475644 3.4504373
3.3204274 4.9301944 -0.24667513
40.394058 37.944061 4.6841006
6.9937544 11.771758 -0.087136105
3.5843811 8.467824 -0.22955599
29.138088 13.99189 -1.619031
5.7182531 10.213741 -0.041512135
17.402317 -40.898464 3.2208962
1.1888145 -9.8105078 0.18510804
5.4514322 -7.3144808 -0.4809351
-4.3869367 10.773355 1.0969063
72.149887 31.79698 7.1567354
-3.7549777 10.902505 2.4211512
-0.34811428 -10.133672 3.0730078
-3.5792203 -1.8550463 0.50849873
-35.751705 5.3125968 8.6061773
3.8681164 -12.409564 -0.30968148
0.39977127 8.7920094 -0.55967546
28.050833 -6.1417179 -1.1936227
34.445183 -13.909465 0.9528271
-41.930759 2.3533227 6.7212791
32.709064 4.7497716 -1.6093414
-48.595238 3.5145726 13.366246
0.60417038 8.1916237 0.23173694
38.596664 40.122864 4.7629404
4.8650498 9.0850182 0.7080192
19.038376 -1.1484091 1.2476977
1.8735859 -3.902802 1.2481043
7.9872804 -0.78171903 -0.74457544
19.947981 -26.43392 2.1752596
84.698174 17.164103 7.8171039
33.337139 13.030848 -2.0289798
-4.1516323 -1.7721522 -0.42637435
3.1379213 -4.4435606 -0.4242124
0.36779308 -1.0966483 -0.022783138
41.425751 -126.37797 2.5387266
-36.310394 4.5841827 8.7096348
2.5993686 6.3390398 0.60050774
-40.747005 3.6181633 8.2253103
11.585478 8.3770084 -1.087086
-2.3816061 -9.5516882 0.21437857
-0.8600679 -1.0900607 -0.012884529
3.5126338 -0.18296866 0.22396947
-2.9866252 4.9253688 0.73145646
-2.9257073 -1.4796751 0.94967735
-3.2915738 11.295079 2.883812
16.103962 -6.9243226 -0.63789672
37.865631 5.6948905 -1.899899
-2.394393 2.0370309 -0.42709926
16.852297 -19.442829 0.020854941
36.307972 13.895889 -2.0368707
7.0250583 -12.240882 -0.38396361
3.4514651 9.1679869 -0.66528887
20.184679 -9.5881681 -0.084392637
0.25287694 -2.636559 0.93398154
6.0791817 0.61399829 -0.80578053
-4.7820458 -11.186976 3.2022812
72.300247 33.64566 10.083145
2.6633415 7.048595 -0.49170586
-0.53487343 5.4493337 -0.060167935
33.250896 5.9328752 0.71810335
-1.49997 12.075421 0.40222004
2.2569368 -8.9538527 0.97728539
16.362595 -42.069485 3.2828646
-37.513111 6.3231969 7.6809759
21.42012 -9.213192 3.2129657
3.8299301 0.68178129 0.65660983
17.618628 25.188322 -1.5848101
0.9897278 2.1917427 0.60865927
1.3481477 -6.1781569 0.58204263
27.268892 31.36384 -1.900993
-4.9424472 9.1327085 2.5771425
26.313349 34.905342 -2.4144073
3.9018989 1.7290231 0.2082361
-1.4796681 -1.9483538 0.237018
-35.788593 4.0781655 10.019048
-2.1258783 0.47858748 0.25038111
5.8636718 -0.58008903 -0.69523054
47.025433 53.550385 -0.98457623
-49.629032 1.4878364 13.59194
1.5227262 -11.60957 2.2309771
-4.4065404 12.005121 2.6377869
6.7037854 18.116682 -0.92452759
-47.96854 2.7273803 13.230658
-0.95122182 -11.539036 1.7964751
-4.5966482 9.7318439 1.5159137
-0.99571699 -5.0932198 1.0409139
8.281661 -12.160288 -0.39611962
1.4611514 11.960841 0.38620576
21.906414 -40.626549 1.665374
0.20092514 3.4002585 0.59157425
-4.207778 2.5171704 0.19512051
17.236242 -41.217377 1.3853627
19.557619 -25.612473 -0.096182019
2.9635117 -6.2940884 2.1751428
3.1806316 8.4267273 -0.59313822
18.922911 -10.904219 0.69898319
-48.854816 3.2616835 10.012731
34.179661 6.1023068 -1.5507399
2.3037243 -2.6981416 -0.062144078
1.1400928 -10.922915 0.17510088
2.6293752 4.1074181 1.2120017
-4.4555626 12.145167 0.19635153
-1.1123976 -8.823638 0.51541996
-0.01748547 4.0491009 -0.50081038
10.658849 -11.727097 -0.49218357
-4.959168 -3.2053821 -0.0045610918
-3.4227545 -1.0946512 0.95206535
0.22175264 12.058112 1.6581525
-1.6561202 8.0371923 0.91860318
22.193991 -44.561153 3.2074285
-44.328419 1.5082526 7.3806777
0.52291155 8.9553242 0.97925586
-3.6658151 2.7693169 0.18566734
-3.0593102 -9.8458338 0.92232531
17.108835 -43.961021 1.4037045
52.379494 1.4089385 -13.954324
-2.4458344 -0.49754572 0.84231776
10.859836 -3.6757135 -0.73909175
1.6671939 3.3141615 0.48301011
21.236776 -36.683239 1.179973
1.4792734 -2.70556 0.61683083
5.5149488 10.16731 0.37583897
-1.7361665 -9.5954008 0.19654468
4.5379057 8.5296946 0.70405102
2.3956742 3.2156649 1.0440105
29.607346 -0.81513751 -1.3641255
17.70458 -31.289768 1.1552151
49.012039 38.746395 1.3460021
73.687187 30.672083 4.4496675
2.2908947 -5.3008008 0.9314962
-2.1423235 -6.187427 0.45003155
3.3484294 6.074398 0.81253207
-1.103671 5.5048814 0.56228662
-37.21217 6.414793 8.9760284
8.4208641 17.042294 -0.19517881
-2.301116 -2.4158988 -0.07298319
36.949963 13.262277 -2.0396078
-0.80612016 2.2127292 0.071340382
52.797871 24.276081 -0.62054628
18.295094 -3.027853 1.2387276
2.5961809 3.7978852 0.97581297
33.545559 4.2701712 -1.5696012
-44.44952 1.725232 7.3782854
-2.1532052 -3.0816486 0.24848206
38.92807 38.546501 4.5698814
0.99228007 6.5682268 0.23579103
-1.2964828 -5.5414062 0.55956048
-0.65482914 -1.0673674 -0.013708129
51.826942 11.325036 -0.88810569
20.777418 -9.6833544 0.70139092
0.66196454 12.04847 2.0863259
34.331345 -16.212902 -0.41049668
-4.061317 4.8945684 0.14474979
18.541117 -3.4425766 1.9238752
32.134708 2.3739114 -1.539968
-49.484818 2.3765361 9.9797602
0.26145056 -9.4069395 0.20298557
-3.3810539 11.694538 -0.38363346
-2.7827473 -0.73981142 -0.40257967
-36.768032 5.0532756 10.192883
18.849386 -7.3750429 -0.78571898
-1.292363 -8.8857479 1.1291631
-1.4950529 -10.006298 0.88612473
5.7630587 6.4956002 -0.86790401
21.982414 -43.993725 3.1509247
12.801053 4.0177493 -0.9923858
20.193405 45.135956 -1.2166162
4.5464063 1.5221653 0.22936511
71.900368 34.987041 10.10931
-0.47549051 7.7524581 0.94162869
0.20808424 -4.7111745 0.53667963
82.585052 19.707695 4.715323
7.7408037 12.97998 -0.64560151
-46.98394 0.91038644 9.4854794
17.854103 -40.776802 2.9529283
2.2751215 6.5456524 -0.20650244
-8.0051832 5.4351454 1.4003357
-5.1984234 -5.0852866 2.2273531
1.0391028 -1.846549 0.25726336
35.717888 13.512101 -2.0101814
-0.53473312 9.780508 0.23723079
-37.053436 3.0541713 8.8768549
35.210011 -2.4058559 -0.42464483
20.837425 -0.83783627 -0.90452904
0.54415709 -2.6294296 0.6098386
-4.6562676 8.9963484 0.74149376
0.27291039 5.7641163 0.60826242
16.839611 28.665873 -1.4491159
17.79314 -41.06086 1.0190283
23.795614 13.524549 -1.1575419
-2.0887144 -6.8212218 0.5775612
1.4003364 -7.2688937 -0.051847842
53.090908 23.387737 -0.68892181
-3.283633 -11.390185 3.6093037
0.466093 4.4733353 -0.50047743
5.02214 5.4267936 -0.17311369
26.993237 31.817698 -2.2648015
53.160931 23.176472 -1.2403706
2.0556118 -0.26778758 -0.32804343
5.8819942 -7.1596918 -0.49674565
16.561581 12.463337 -0.43239236
1.0755908 -11.152793 3.3736579
-2.7366843 10.339459 3.0350175
-2.0348334 -2.7167864 1.040036
16.996477 -22.476143 0.016500132
83.803764 16.709011 7.7330689
32.287285 4.5481434 -0.39692339
1.0093786 -4.2610607 1.3244801
-3.4949036 -4.9404359 0.85347277
5.7597184 7.4303932 -0.3017298
1.4208283 6.6499152 -0.6122095
31.084131 34.861679 8.8839855
2.2911329 7.7162366 0.91866934
-2.2549398 5.3576431 -0.12334474
2.8007662 -6.3975086 -0.29777542
-36.183823 6.0332665 8.7281351
-1.0833806 -9.6880465 1.2135495
-4.5199795 11.492843 0.8383137
-2.4316499 0.36635298 0.69319433
-0.99227667 -2.9360712 -0.4059613
3.5478468 -2.1034718 -0.27786443
4.6824083 4.2858162 -0.25265682
0.015092429 3.2006841 -0.47951901
1.2581022 2.3537436 -0.48166418
-48.813816 3.0522208 10.012984
-3.2928345 -2.5150378 -0.25115287
7.2749457 17.037626 -0.20423472
-37.076916 6.2406058 8.9340429
52.778854 25.225433 -0.79315376
0.96624845 -3.2555826 0.94175798
-3.499018 -6.1335802 -0.40158325
19.30707 -12.533245 2.353487
0.33513704 9.1803551 0.19725032
32.027912 5.5892096 -1.6043671
-46.312679 0.98466212 12.723733
-5.3155441 -2.5266824 1.3048443
-4.5160117 4.3827147 -0.48606542
72.490959 33.326382 10.088013
-4.3605824 -11.371221 3.2039201
-0.1026492 5.0629339 -0.0933441
3.0575228 6.1972671 0.57541716
-1.5633814 5.47367 0.29880562
18.830282 -40.729897 1.3314841
-1.1134266 -6.5963297 1.0172899
-1.0799196 -3.9249804 0.64689773
2.7896221 9.5874023 1.4311328
-48.851028 2.9934857 9.8562231
5.6577191 2.8673403 -0.79144257
-3.3810005 12.198195 1.7299968
0.32425478 -6.6825671 1.6384033
-2.7780392 -0.3122727 -0.42929095
54.088264 19.176895 -1.0346789
18.849897 -6.8131957 -0.81004184
1.7111304 -8.7930737 0.19244085
-41.077312 4.5717669 9.5715151
-2.5510952 -9.5310497 -0.14684388
82.915405 -23.175255 10.865043
1.6042635 3.0962408 0.51134706
0.51439273 -5.4395266 1.0006599
-3.6852558 -6.3444362 0.46777466
-4.7230229 6.032793 1.013144
72.264336 35.007122 7.2825708
-0.12776659 -8.9525957 1.0727881
-3.7710619 12.188016 0.40800786
1.6261722 -11.589887 1.3913478
-1.5938495 2.2732146 0.29172662
-2.5658951 -6.2908163 0.6893962
1.6978027 -5.3832107 0.87523347
23.283247 14.194674 -1.1549155
-2.3620503 -0.80786467 0.1808349
-0.7043547 -4.6597376 1.0077024
1.7388705 12.004323 0.38038081
0.8690539 11.928659 0.80733389
1.2089547 12.029944 2.5303986
1.6411347 -0.55429858 0.7458455
8.4477835 17.761505 -0.93362117
0.99239504 -11.608077 1.8067141
-2.2308807 -3.2511315 -0.19602394
2.3310044 -2.6231885 0.10899203
-37.33577 6.8263068 6.296555
1.4606252 3.5468812 -0.51221997
0.24441928 -5.1108441 -0.29993805
-49.423595 2.1643171 11.538161
17.78299 -40.863667 3.2251735
6.3271132 10.14487 -0.036755696
22.040804 52.523922 0.16110981
20.705982 5.7804012 4.3949332
-4.9691868 -11.389427 1.4617958
12.003589 7.217061 -1.0711783
2.2703536 -9.7346945 0.88141567
-3.1469705 1.8276572 0.81470287
-2.9196651 8.7375736 2.3138866
22.347469 -40.388336 1.0378731
2.0319057 -6.2045126 0.55686122
3.3350976 6.583436 0.22553894
16.592573 45.63335 -1.0489157
5.2477298 3.0970583 1.0078968
-3.2133453 1.5674548 0.31387475
-5.2674689 -5.8142176 1.1365376
2.5789886 8.2039499 2.3791316
2.5356708 8.4944057 -0.57444215
21.550203 -42.051777 1.3767571
0.50992417 4.3585243 1.2079715
2.8734591 -2.2004857 0.23556639
-1.2858399 -2.8486147 -0.38076153
-1.3110243 4.524888 0.054005943
-5.4175777 -10.293656 0.38722843
26.484697 10.982213 -0.41306588
-3.9016442 -10.381132 0.7751174
-4.6340957 2.2074742 0.90006685
2.5635262 8.9000978 0.6953721
5.4698544 7.3813858 -0.28967941
-3.1608424 -9.9916239 3.1669416
0.41761518 10.541386 -0.010773889
4.966465 2.6744812 0.94774175
3.0615623 11.45133 1.2152673
20.841242 -11.440113 2.396184
0.64412361 1.8107733 0.59075296
17.259054 24.499805 -1.5650644
0.9778983 -6.5774102 0.54183072
19.223301 -15.680439 1.6709231
-3.3496125 -10.349407 0.93990588
16.760252 -44.10207 1.4072334
1.1917415 -9.3109198 1.5085636
17.898911 -35.838604 1.1950004
17.036785 -43.15583 1.3823617
-2.2719567 0.45479006 0.80868208
32.711262 0.58280408 -0.38718644
-2.8154325 -9.1978712 0.84589523
1.6792181 5.3323684 -0.1559646
-2.5644841 -10.015662 0.54565763
1.9483995 -9.4318962 0.8598389
-3.5639675 2.2785962 0.91350526
-3.2570615 0.037716862 -0.40463075
-40.651142 3.3039947 11.211533
-0.13936685 -11.575057 1.3848336
20.168182 -9.6200047 -0.096727967
-4.9077487 2.3798361 0.35881975
27.04822 17.032156 -1.6368055
1.458542 11.973307 -0.032782458
-4.6892571 8.597209 1.7478468
52.8139 25.210806 -1.0949965
0.51989186 7.0256319 -0.18710291
53.178413 28.589819 -0.79169786
1.2332598 -2.1690612 -0.39658108
-3.9974558 9.3008308 -0.3394137
0.69593483 -6.6538396 0.9386971
-4.7932801 4.9247684 1.0705492
33.051037 2.5874178 0.83470619
2.0989358 3.6318862 -0.038713828
-2.5348063 -3.3457024 0.23867418
1.9893612 7.9415812 0.64362663
33.725716 4.2689633 -1.5493225
-44.206276 1.8988389 7.3375731
21.246595 -37.094879 1.1626867
16.492352 29.631742 -2.1539998
78.392677 34.063728 1.7359591
-1.3457361 -11.502521 0.17861134
52.459469 1.3157662 -14.037914
5.3165617 6.2097087 -0.22261505
21.178734 49.576969 0.68251026
1.7296437 -1.7260886 -0.39835262
-2.961345 -10.00769 0.55036777
53.263275 28.954319 -0.79610372
-3.8308036 -0.76652116 -0.33226332
7.1788421 18.878313 -0.24305733
-4.9710121 -11.372621 2.3363895
-2.136606 12.104424 3.0015106
16.405052 6.1573668 -0.12105513
2.2355816 7.6493678 -0.48114565
6.9426913 -6.806509 -0.54608107
16.761963 -17.873636 -0.04954382
38.519436 8.6777811 -2.0091507
8.0929785 16.600895 -0.85518754
15.581667 -25.96596 -0.089861989
-0.12430421 9.050456 -0.27362075
-40.59956 3.0712323 7.9821434
2.6867051 5.5603075 0.22598316
3.4479799 -6.6873126 -0.3374148
32.170113 5.5854659 0.66872859
-1.8749967 4.9338827 -0.17056881
12.544806 5.4289293 -1.0119673
32.473682 3.5678132 -1.5650615
5.2347746 3.9257934 0.59111315
-4.1262393 10.309643 2.8144116
15.35737 -8.0243587 -0.62288165
0.31077662 11.123232 3.2169931
-0.12587783 -3.4700236 -0.35708913
2.6287224 11.640784 -0.45140564
-3.0063293 2.5565591 -0.45434651
23.239561 -42.439445 3.094794
16.389372 9.2151451 -0.17284718
1.8472333 10.932899 -0.40304533
3.9228444 4.7373762 -0.53281945
34.113796 6.4262915 -1.704159
8.1984253 2.6355112 -0.8419804
16.267178 1.591967 -0.072511405
6.5937815 12.319552 -0.59057069
-35.936153 3.8218789 10.026146
-5.9487476 -4.75702 2.0440979
0.29699504 -1.3890966 0.27207083
-1.0158693 12.092181 2.0953395
2.464309 -8.8111429 2.4702537
22.703308 -42.810501 3.0662925
30.067711 29.613407 -2.4338953
13.594084 14.742876 1.8970845
-41.184582 5.2956052 11.369556
2.4130311 -5.1620049 1.8371757
0.29648066 12.023807 0.45429459
21.828249 51.374191 0.74939662
-0.94951284 -7.5088334 -0.050832298
17.642521 20.055552 4.3165722
-46.540611 0.60261524 12.827698
-40.447887 3.6171117 11.134459
18.373152 -12.212716 0.71555263
0.60308713 3.8326433 -0.50973892
4.8703856 4.5947289 -0.2596966
20.248981 23.799421 4.9903598
8.1559105 12.088315 -1.1279441
2.4372296 -5.185647 1.4479184
0.37325397 1.3948438 -0.10109808
-5.8035483 -1.906531 1.7686167
18.430212 -13.411764 0.73632604
3.9810266 8.9159613 0.00015863475
-50.193436 3.4515536 11.927148
-0.5660277 -3.8332801 0.25794324
38.432629 12.151919 -1.8966659
-3.397794 -10.405523 0.18046953
15.288508 16.902813 4.5706482
-1.6817545 0.57331902 0.25502744
18.325682 45.151527 -1.0022749
2.5398819 1.5096774 0.7559908
53.01897 37.392906 1.3868006
-4.4767222 2.7132134 0.88915318
18.771582 -7.2648959 -0.78137493
-36.878983 4.9235625 10.219149
18.293455 -3.4227879 1.2448865
-4.5379744 10.542904 1.5003953
-3.8255529 -1.6556219 0.91251469
-36.315186 5.2870526 8.8482866
83.663025 17.749075 1.7371441
-3.22768 -23.156269 -4.0715313
-4.1205149 2.4685047 -0.2835997
0.35049802 2.9742432 -0.13788715
-3.6538589 10.897595 2.3976276
-35.534573 5.7795382 9.8848457
-2.9594386 -11.449825 2.2452388
2.6550186 11.937715 0.81598175
3.1183944 12.029037 2.5962718
3.4603925 -0.53573209 0.62796724
-37.959072 4.9766798 7.6808906
5.538518 7.2736192 0.039208032
0.31144994 -4.9515128 0.16014059
-49.390419 2.1928174 11.734152
4.4972091 7.9155254 0.17003997
98.553062 18.993128 9.0299826
-35.607971 5.385819 9.7921743
74.494972 29.399031 10.125738
31.572664 34.308178 8.8730516
-0.17672071 -7.1308603 0.4563987
-1.7870927 -2.1453755 0.90122235
33.191936 -2.3047242 -0.374937
18.590578 -0.72675353 -0.7604416
36.993134 13.101818 -2.0147016
2.3137934 -2.220268 0.020721661
-2.0285819 -3.0500255 -0.36556372
17.428442 45.412327 -1.0016199
21.107519 -10.988806 -0.10547642
6.1628904 11.433324 -0.52858722
-1.1512508 -8.3143005 0.20913139
18.418392 -6.1887789 0.62583882
16.998953 -22.376095 0.0064922515
4.1731763 -6.9055119 -0.38596499
-1.4306347 -10.023051 0.54111004
16.829657 -16.256809 -0.018671004
18.371925 19.465414 2.3629079
-0.89060491 4.527112 -0.0055027367
32.885128 5.023324 0.72436124
-36.373516 4.3815584 10.065529
-4.7631979 9.5461378 2.6401687
-40.551868 3.5553799 9.6877985
-2.0660622 -10.485166 0.17270991
19.016285 -1.1264961 1.192377
-4.2653456 -11.35154 3.1642954
-0.01574859 5.1549625 -0.57116765
-4.1639457 -11.424759 1.4377916
-36.534214 5.9416633 8.8090048
45.289413 54.272968 -0.97416246
19.15971 -22.010342 -0.12645529
-5.1593361 -2.57534 1.0460879
22.855272 -44.147583 3.1794677
-48.362736 2.0550554 13.264137
-3.4884279 7.1953754 0.090095334
0.9824115 7.9218321 0.62476736
18.951073 -14.813748 1.5944548
26.470032 34.614178 -2.8122139
2.0984058 -3.6032646 -0.41790161
-1.6441576 -0.1920381 0.45518407
2.526149 0.75790423 1.0320441
27.658693 30.872446 -1.8963332
18.053642 -34.237358 1.1663638
5.0079136 3.8971934 -0.55429727
46.376926 57.703239 -1.0336192
18.536745 -6.6274838 2.0211267
1.1396377 -9.8598528 0.52765214
-4.6381574 2.2613077 0.36072645
3.5556774 9.0801353 2.4519889
52.844028 25.035131 -0.70347142
48.52771 24.047096 -1.0117891
-4.078177 1.9597408 0.64919066
-36.204029 6.3929262 6.1302924
-3.3730609 -2.0898149 0.51802438
-3.8848484 10.570779 2.7713578
-0.1348912 -8.7001123 1.0834947
20.297075 -6.8109512 -0.79497355
-36.797367 6.5455194 6.191361
-4.6334796 2.292052 0.53333116
16.708969 27.148409 -1.6759245
-0.064864494 4.1561546 0.19802445
1.8072273 3.3742871 -0.49281654
16.23032 1.6878752 -0.065397471
6.7078366 12.576615 -0.61085874
71.660439 30.096769 4.340754
21.338566 -9.9770546 -0.10251236
1.0719553 -11.565288 1.3876154
38.506462 5.9192801 -2.0405004
35.166302 27.167677 -2.4097149
1.2312877 -4.1587214 0.95050079
-2.8716633 -5.1598825 0.51574939
7.985671 14.646394 0.4294734
1.2129642 -11.596112 0.56545037
19.639952 -20.604292 1.9239154
-1.7695125 -59.916012 1.8823043
46.95116 23.951319 -1.3062744
10.462651 10.155238 -1.1208383
2.14257 -6.9930015 2.3092029
3.7375939 -6.7461638 -0.44348451
11.975029 -1.4581788 -0.81366962
-5.2563968 -11.359287 2.8037281
11.008288 9.3909883 -1.2619106
0.56369096 6.6141953 0.63213038
32.709244 2.979727 -1.5559137
-3.1296582 0.54610884 -0.40519276
-40.386578 3.6168823 11.264394
53.910751 19.640438 -1.0513279
74.323898 29.602531 10.115395
31.173367 34.741318 8.8792543
2.3159931 7.5034151 0.90396857
17.633846 25.380424 -1.6137457
1.0406129 2.7163737 0.24105908
19.191006 -20.199038 0.8804484
4.2232003 2.1746655 0.55826634
1.2645514 -4.2993484 -0.21657854
2.6529472 4.064187 -0.54316956
-52.43005 1.1567289 14.294435
22.505344 -40.403419 1.0528187
-2.7707117 4.9561238 0.53358757
32.249889 4.9704299 -0.42560059
0.9116078 -3.7837868 0.94245559
0.59926856 6.5741801 0.1832796
18.575518 -1.3794822 1.2292938
4.0624866 0.34754366 0.9479056
-45.609978 4.2078066 7.5505013
26.482704 33.405476 -1.9157726
18.416689 25.261623 -6.1064529
-3.4963257 2.7928441 0.18766154
19.633194 -25.539003 0.045253992
16.255476 -4.3158112 -0.025289299
29.089788 29.944099 -1.9003909
22.69459 -43.931007 3.2196522
3.8729651 3.4899912 -0.60686588
2.4226894 -5.1776066 -0.10791899
0.60024327 7.745883 0.61689144
11.140788 9.1666994 -1.1026435
-3.3712933 -3.9032643 0.23711441
-3.084743 0.52454549 0.62222284
18.530073 -4.2349186 1.9434162
-42.06498 3.3971403 6.74367
17.581192 23.793797 -1.6006244
22.104563 -43.125637 1.3960321
-4.4519539 -2.461772 0.33382335
0.55089992 0.90253037 0.24450001
0.19142294 4.8998432 0.57886809
45.863815 24.505787 -0.62400317
0.58708578 -11.578775 2.2122488
75.10289 30.460798 10.243176
117.49279 -2.8531353 6.4142704
-2.3938413 1.5836194 -0.43550372
37.758736 5.1852922 -1.9300026
-48.398724 2.8045366 11.674118
1.2379984 -4.2657146 0.13754159
-2.8258777 -5.1398115 -0.16944195
7.8827448 14.550802 -0.14914642
19.2097 -15.493087 1.6563222
1.0255557 -6.1903491 0.58599842
-3.3218198 12.129464 0.39797235
0.16517991 -8.9246655 0.51746869
13.033177 31.564371 -2.1936274
4.2709026 -12.088022 2.8780038
1.0214288 -3.6637969 0.55752778
4.7552714 5.0051227 -0.63005799
37.819874 8.9896908 -1.956045
-2.2157702 5.4744277 -0.46337074
7.2889152 16.576874 -0.19792159
-3.5136359 -2.840173 -0.36121863
35.751133 13.15406 -2.0199299
-3.5527153 -9.594841 2.7058809
-41.543987 4.1659079 6.9003568
1.0575728 3.7697055 -0.19346942
16.527908 -43.383698 3.0201893
-37.028221 5.1051154 7.5067744
-5.0233526 0.58692539 1.6002166
4.8973284 8.9719667 0.34533125
-38.02597 6.7722011 7.7608156
35.244743 -1.8944218 -0.42851198
20.878595 -0.38123608 -0.87975532
0.64795083 -1.820214 0.63578326
23.631409 -43.661243 3.2089968
30.090158 29.619486 -1.9662578
1.9552771 6.5006113 0.25269732
0.85499811 7.3575439 0.28558764
38.997974 39.306389 4.7750545
-5.0615664 -6.1817436 -0.063436441
38.511063 10.497257 -1.9953321
52.466949 20.122971 -0.6718455
71.633202 34.95031 1.6381947
11.494036 8.5973845 -1.2405961
-1.3758885 -9.3416042 0.85262394
13.937829 13.380552 -3.6529331
-49.592941 3.1871321 11.572398
0.25606576 -4.1274052 -0.33552277
-37.575905 4.3228464 6.2770844
0.27116108 -7.6730413 -0.05598364
-38.133961 6.3575234 9.2198019
52.360229 1.036175 -13.94322
-1.7577778 7.54602 0.35653278
2.4872065 8.3563681 0.66537064
70.655609 34.215565 4.3810444
0.26045331 -6.2316914 0.54864758
20.612484 -4.46242 -0.8587262
-41.07534 4.6462827 9.8265667
-2.6749732 -9.5065746 0.25760385
8.0260315 14.148009 -0.71644121
-37.105087 3.3987699 10.248267
-5.2589884 -8.4348974 -0.14557409
-4.7950349 4.7540903 0.1298613
4.1240411 8.706871 0.6759901
83.848358 19.435196 1.7463703
19.903229 -26.142485 0.79586428
7.430068 12.624738 -0.094987422
20.334118 -25.941071 2.1653755
8.2266588 0.24723807 -0.77705997
-2.944103 12.151638 1.2694528
32.692299 -0.012885207 -0.38584629
-2.312129 -0.39573523 0.80938619
7.225565 15.139269 -0.75626916
1.4139187 11.938919 1.2266848
-45.605946 0.64760798 9.2377024
3.2532568 6.1002374 -0.18893638
2.4047241 -9.8940048 3.0954468
-0.55674118 -1.2329515 0.50088811
19.814777 0.024836449 -0.82715082
81.986374 22.871208 4.7262406
4.6065798 2.1626849 -0.53861839
-43.052143 24.696873 13.151814
-3.8232059 -11.394112 3.1403549
0.18622074 5.1504669 -0.57300544
34.193249 -16.803986 -0.40240702
1.8231406 5.8234944 0.97719288
-41.487541 3.2263443 8.4135313
-37.023312 4.3299866 8.8882132
74.790047 29.772314 7.3007646
-2.870919 -2.5685041 0.8341614
-5.296175 -8.190937 2.5802064
21.427822 51.391373 0.15858324
-0.20152856 12.020124 0.38701165
14.664025 30.918814 -1.5312655
-2.0181358 8.1937189 0.66557932
2.4193788 -10.115651 1.8237219
72.214363 31.41888 7.1487212
-1.7387377 12.154873 1.2494234
1.3002024 -0.1937276 0.61155885
52.825321 24.983622 -1.1024822
0.58397263 12.040657 0.80923057
22.037176 51.321896 0.81715751
-0.46950391 -11.603122 2.6203816
19.332399 -21.003792 0.74797052
6.9321275 17.801821 -0.23212931
-3.8247521 -1.8178571 -0.17501274
-4.4834042 3.1509092 -0.3701511
-37.192089 3.5219464 6.208406
125.32176 11.295512 6.8462849
0.41981947 -8.478529 -0.091612697
-0.29801434 5.4207296 0.91536748
2.9594913 -1.7103248 0.24673666
-1.3883163 -2.6150692 -0.3822135
18.795654 -13.238086 1.5349597
0.69546628 9.3124762 0.70101267
27.338449 17.264795 -1.5151886
82.543472 20.830816 10.74578
0.26942581 3.4041274 -0.17969753
-1.739007 -9.7409 -0.15083636
19.212936 -22.005581 -0.11940295
-4.4601073 -2.46942 0.90627956
0.35611323 1.8083462 -0.1037655
71.80545 30.690657 4.3597298
49.421783 24.239201 -0.65336496
2.1041722 -5.8310528 0.2231763
26.654411 32.631237 -2.292381
-5.0518456 -8.7838745 3.0436423
8.4424267 22.470617 -1.200877
4.9431038 -2.5791328 -0.12224553
71.756584 36.576923 7.3035798
-1.5557386 -10.153905 0.18723015
-1.9819136 11.199326 2.379425
-48.896049 2.9298756 9.5632324
0.33120704 8.7854633 -0.25153324
1.1290473 -3.964524 -0.42719403
16.405634 -4.2246518 -0.027401537
20.344166 -25.412855 0.031178644
15.612569 -26.05002 -0.085854262
-4.3732738 7.96104 -0.55471289
-5.352427 -11.052274 2.7547319
25.364447 -51.367817 -0.40843251
3.8427272 7.2993269 -0.23585376
-4.6426368 9.7823343 1.9042159
-0.96569979 -11.544175 2.2088282
77.075172 30.102192 1.6898277
0.96457416 -10.924436 2.7591152
72.775787 32.727329 1.6398029
-3.4591751 -8.5177841 2.7932825
52.46249 20.069517 -1.0129284
1.7291254 -3.0011504 0.26784948
-4.1479158 6.9957814 -0.46213502
-4.8806052 4.8037295 0.14050767
-45.57996 0.73232955 12.527346
86.730354 17.842922 4.905077
3.0722809 5.9645658 -0.17401654
-46.18261 0.37404022 9.3070183
18.459391 45.369896 0.18374866
0.95269364 -2.2238088 0.23977947
-5.1865616 -5.346559 2.0344017
19.87009 -13.283393 2.3638299
7.667346 12.571387 -0.62144047
6.8622117 12.922254 -0.11005634
46.204556 37.864651 -1.2397779
22.013374 -25.638723 1.0183604
-1.1019384 -6.6823654 0.22029357
18.412445 -4.5757322 0.6018948
0.20625556 4.2136798 0.20382166
16.829731 27.078884 -1.7396679
4.3034515 8.8985071 0.68237001
16.821573 27.121723 -2.0229375
0.22236528 -11.500997 0.17446421
1.424796 -3.0668828 -0.36982313
52.336632 20.180862 -1.2474211
17.034252 45.482365 -0.57521272
2.222358 -10.763806 0.78743327
19.448 -20.600185 2.0120137
1.0666487 -11.546474 0.98071003
-1.7033008 -6.622942 0.63979876
-5.1187415 -0.96847987 1.0856497
19.127756 -20.599035 -0.097131282
0.9714179 -11.601501 2.6343277
131.68919 4.0084019 16.463062
0.67926079 9.3235388 -0.28150734
-3.6761341 8.5880842 -0.59219199
1.4266299 -3.0589967 -0.42411596
21.983759 52.382645 0.73486406
-2.1531029 12.150492 2.1259756
1.4542307 -9.1982985 2.7730184
6.807632 10.783555 -0.069128454
-3.8169641 -8.9394226 -0.13907479
2.7085934 7.3866506 0.31026909
-35.452946 5.4443011 8.3405981
1.3658572 -0.98283231 0.6463092
1.1597453 11.988633 2.6155419
44.213329 1.336129 -11.815408
-1.6149505 2.9804366 -0.48632497
34.657864 27.802986 -2.3855786
38.383408 6.4148479 -1.9418838
-5.3614702 -10.60607 2.6727636
1.1191518 0.97297782 0.27002889
22.460745 -42.957508 1.4515349
17.65064 23.941891 -1.6080525
-4.1494145 -2.5576813 0.28222361
81.169289 22.094151 4.6745133
-1.4264395 -2.2085466 0.61372459
33.329544 -2.244904 -0.40267831
1.8155668 -10.411828 3.1961594
5.482233 10.1705 -0.032009918
17.004263 -40.943649 3.2170489
16.842552 28.914471 -2.1280055
19.206097 -1.2789593 1.935074
32.847618 29.691542 -2.4466984
16.394903 9.1729507 -0.83346361
34.013229 -13.610765 -0.36032304
0.072193399 11.183907 -0.40196878
34.308311 -15.857443 -0.34884319
-35.455563 6.4361134 9.8686657
-1.6184599 -3.2167039 -0.42491859
16.310823 -6.3743105 -0.025881566
1.8843025 -4.702137 -0.40721029
2.022526 0.26492748 0.40696323
47.654396 19.928864 -0.63364106
-2.3751221 1.5936319 0.0055705099
2.3950951 2.2561116 0.7827915
6.1230912 8.0816154 0.01284555
16.406227 -42.615009 3.3198693
6.3638034 11.726386 0.3903361
26.638603 13.361579 -1.4825302
-4.8623757 4.9935503 2.060508
-48.005184 2.4165184 9.6451406
32.807144 0.43389863 -0.38010839
17.314188 -43.093426 1.445381
-2.7213974 -9.1954317 0.8631742
91.464928 -5.0063047 -1.3483483
21.74313 -42.04277 1.7112488
0.29142764 1.813948 0.60768509
1.8977675 -4.2359085 -0.11107964
16.326488 -5.8415813 0.012192247
34.032669 -13.36424 -0.41351733
2.2938757 -9.6880665 1.4126565
-2.854718 -0.56406659 -0.33284143
7.6530123 19.108099 -0.26956415
-4.1524334 -11.406715 2.2940009
-35.573238 5.1603713 9.8765364
2.8064063 -9.0352135 0.19494291
-0.57664752 12.045583 -0.027024521
10.661615 9.8745689 -1.218845
8.0313683 3.2447176 -0.8519569
6.2031021 10.628011 -0.48517469
180.38057 36.048145 -2.9923091
20.223801 -1.1416553 -0.84871286
-0.078366846 -2.6443501 0.47557169
0.99106514 5.8769999 0.22128175
-7.9727015 4.7048774 1.6694524
20.923294 1.3499527 2.7822978
-41.804436 2.9350135 6.7419267
-6.0049162 -5.26264 2.1344991
-0.08294291 -2.2277424 0.30640256
20.540207 7.097806 2.7877216
-1.6604955 0.63833547 -0.082920901
48.825172 23.899422 -1.3546132
18.875179 -7.3884974 -0.80300844
2.3607199 -9.4544897 2.261308
-2.5166082 -5.180346 1.012167
20.995623 -25.864382 2.1855452
-2.7810574 -2.1664512 0.8374685
-47.940826 2.8967764 13.168008
1.9126242 -4.1923037 1.2411633
7.9114857 -1.0046645 -0.73401648
0.49585658 3.3545933 0.27996582
22.186136 -40.471001 1.3452644
3.5053313 0.063064061 0.85331839
-5.1843319 -6.4889836 1.0735849
2.5743716 -2.5728965 -0.12952989
53.496593 20.713062 -1.2386883
124.4654 13.966828 6.8158727
-0.22135758 -6.3370495 -0.11994951
-0.98980188 7.9423656 0.91682994
-40.6618 4.5447826 11.196442
-46.52301 1.2196581 12.927239
116.39457 3.5260792 10.429123
93.51078 -47.92543 2.0681036
-2.5682645 -11.500769 1.4020808
2.8790202 0.97394425 -0.48407459
20.013466 -55.21999 2.1396637
-1.3513187 -11.549021 0.98661685
-5.1800981 -2.9141023 0.97071487
-1.8015708 -11.443957 3.4714115
34.017349 28.955503 -2.3870747
-2.3020341 4.3832626 -0.43882328
2.1686513 5.0476842 -0.076793984
0.97233188 5.369101 0.21740848
20.191965 -1.2254292 -0.84031457
-0.054871019 -3.0819769 0.49066889
71.741989 33.082157 1.6263444
18.537384 24.629023 -1.606594
19.610723 -21.071856 0.8942824
-3.5697131 -1.7782325 0.10774746
1.6512476 1.743136 0.2495735
17.209236 -44.838017 1.0585623
-4.5440154 11.85854 1.7384281
72.245689 29.409796 4.3553109
3.4350753 7.905715 2.3928905
18.349617 -6.6490374 0.62598848
2.1235099 -11.611165 2.6771889
7.2878976 15.854149 -0.18122989
72.493149 33.442547 4.4504476
2.9790483 7.0965986 0.85486454
12.590841 -10.829432 -0.55716187
-5.331789 -10.614711 3.097549
50.107822 36.509907 -0.82022464
1.01317 -11.606942 0.57615638
-5.2051697 -3.5015109 0.21768139
79.000793 32.859016 1.7374825
101.34528 17.879757 5.6529155
4.5611405 8.1651125 0.2158339
0.24945998 -4.6846013 0.12171666
-49.505043 2.4081016 11.743429
-5.1877465 -4.9977694 1.9535965
1.0815222 -1.9538682 -0.14720678
4.3207698 9.9951315 -0.40257353
114.2505 38.907459 6.5780306
-4.0560751 2.901067 -0.48079839
-42.128666 4.0241861 7.0199728
27.868469 30.654852 -2.414094
0.59106517 8.5694571 0.65685588
18.783155 -14.165262 1.5538857
22.352043 -40.857491 2.9960508
3.3483531 -10.418123 -0.21970743
38.09589 24.404524 -2.4417324
16.243572 -1.8081321 -0.61940974
11.611182 -2.4110916 -0.80484325
19.897078 -10.379029 0.69947708
4.460206 7.4669738 0.1095571
3.0521162 0.23612145 -0.48641247
-3.0093763 -3.1435077 1.2616044
-1.844839 5.3709688 0.96761799
-4.1588449 -11.397291 1.8646691
3.0499382 11.360537 0.79342884
11.205457 -3.2139413 -0.7721982
0.97096461 -4.4625669 0.87478483
10.206405 0.13484995 -2.5669801
-1.8401433 5.2921615 -0.23750496
32.140743 5.8454847 0.70741248
21.206089 -46.587822 5.0594287
2.7087049 9.1061277 -0.63591903
6.2015491 -12.283042 -0.36232632
2.3990986 3.0955987 0.99683565
24.484304 -49.3022 -8.1059837
29.611361 -1.5680563 -1.3564535
-0.75985163 11.914297 0.022977456
2.8015864 -9.3951225 0.51966834
4.3653774 2.5395198 0.87189454
34.412762 6.4222703 0.75084674
0.49851045 6.2286124 -0.21837884
16.352188 -41.037888 2.8850274
32.526794 2.2356045 -0.40985525
1.3482018 -6.5887351 0.97647357
83.295967 26.664734 7.9067698
-1.1722245 -11.493879 0.19828852
-4.6313262 9.651145 -0.0093716914
-2.9749815 -11.414587 3.0907903
5.2757945 5.8663192 -0.20134175
-1.6491476 -9.758276 1.2258511
21.38398 0.35744464 -5.5847979
-5.3138838 -6.1793947 0.74257338
-0.99260771 -5.5395136 0.99108714
1.3514931 -0.19083384 0.26166531
-3.1213064 -1.0805155 -0.32115939
-5.1892076 -5.0242715 1.1953739
-0.70655167 -4.2339525 1.31376
33.046352 2.6091907 0.74155957
35.414928 26.983421 -1.9880033
-0.8275035 2.0817053 -0.18493623
33.083313 29.606842 -2.3528497
32.993389 29.551243 -2.4131095
-48.382156 1.9493763 13.290145
28.311522 30.320894 -2.2428193
-3.7631445 -0.85003406 -0.40115914
-8.0094242 5.608696 1.7583084
19.171392 -10.537546 -0.075070716
1.5129544 -4.6611438 0.6421501
1.0631222 8.2751274 2.4397163
16.423399 -8.8289576 -0.026530696
-4.5635848 -5.3683724 -0.26037538
4.4130883 9.9781742 -0.44446808
4.972126 3.8284805 0.24775924
-0.059326809 0.20090657 0.28229138
0.34312645 -0.31766325 0.42811477
100.37349 21.408092 -1.5445198
-3.4293637 7.6630001 -0.50198388
1.8098699 -3.6799662 -0.42850491
22.884884 -40.455032 2.6876776
-2.2663414 -9.7792635 0.53681481
19.549671 -53.901901 1.6714844
34.405682 -16.334141 -0.36166608
117.10209 1.3551277 10.486734
1.103561 -11.573328 2.2179906
-1.8884659 2.9949896 0.48335245
48.4692 38.956448 1.3410082
6.7045846 14.88018 -0.73466462
0.77079362 11.978298 1.2259153
0.12029764 3.8649504 1.2464566
18.344658 -7.0444102 0.63147241
-1.103756 -6.6923547 1.404622
-5.3281045 -7.4038148 1.1463091
-1.2829953 11.631719 3.1336823
32.179722 -44.559551 -6.1887031
1.0882678 10.39566 3.0064938
1.2981309 -2.5639436 0.93122011
-2.5829504 12.159839 0.83282167
1.1725674 -8.9908199 1.4679114
18.97629 51.527107 0.80560178
4.9951134 2.6533749 0.63489473
19.636492 -22.52352 2.0103681
29.80312 29.637709 -2.4179668
23.227983 -43.87138 2.7940335
21.950529 52.565948 0.21531348
73.653786 30.386566 4.4423895
11.950758 7.3137517 -1.0549961
3.1441443 9.3860455 2.4886687
12.746926 2.2383738 -0.92359847
-49.548546 2.8320267 10.075517
46.85799 53.024189 -0.97558641
5.731679 -1.0221628 -0.68014383
2.515919 2.0086093 -0.32362631
44.046829 -0.27368987 -11.736433
83.797951 25.93885 4.8616676
1.3544544 1.5015528 0.84031451
19.536272 -21.432823 1.9288385
7.4340415 4.5871177 -0.86833024
4.2557664 1.8883156 0.87974161
-3.7256718 -4.3941526 0.040061064
1.0566639 12.055331 2.0919302
34.404869 -16.229153 -0.40234533
7.8541136 12.256035 -1.2065445
3.0798345 8.1914377 2.5599515
-1.2815877 -2.4748871 -0.4110674
36.815399 25.823734 -2.3737853
2.8284481 -1.7161088 -0.39481831
65.512733 111.41213 -2.0161684
0.26375768 6.5746002 -0.19428821
-5.7523909 3.4022062 1.7527417
53.371742 22.993504 -1.0822779
16.458111 -42.615833 2.9733422
1.1698127 4.6100845 -0.18615212
2.4066169 -11.261395 2.2140296
32.782375 2.9071205 -1.6285185
-48.512299 1.7974325 13.312018
0.62354565 -11.571314 2.633682
123.20485 13.041155 6.74543
-38.137814 3.4843826 7.5193067
-0.28381011 2.0972238 -0.15147822
5.2647905 3.02578 -0.19764291
34.399506 7.1525578 -8.0705385
33.209499 0.51572478 0.76084167
-3.43257 -1.346127 1.2089013
2.465327 1.8375119 -0.45264956
3.6083119 -11.928729 -0.44765845
27.317663 38.839031 -2.6267307
15.968467 -7.0969768 -0.633968
2.7879009 7.6780081 0.63703328
70.726639 33.97546 4.3789649
-41.949947 2.3768156 6.973166
-3.8088081 1.1835502 -0.44379714
0.44728926 1.9139646 -0.20797321
1.3317109 4.8559966 1.2076529
32.727226 4.487669 0.70698714
1.8284914 5.8574543 -0.53764683
-4.7361484 2.1221781 1.4102409
1.5606908 5.2586799 -0.45173329
-1.4171005 -1.9096882 0.87327814
33.430252 -1.9525522 -0.38484478
-1.9024348 11.010557 3.1600068
1.7996161 -10.388456 3.2040362
19.094168 -10.725837 0.69595712
-50.166878 3.612597 10.085826
0.20151189 3.1728923 -0.4775669
4.5633907 3.7989616 -0.18123527
37.51347 11.650552 -2.0300467
2.4625614 -3.2595854 0.25277475
34.159657 -16.842707 0.97960335
3.6962044 -0.50830418 0.12740842
-0.52265614 -1.2198269 -0.015739694
20.201338 -25.884226 1.0045009
32.283463 4.4070249 -1.5263214
-37.42696 5.6823211 10.38444
-4.97575 -11.357052 2.7812154
34.790333 27.589529 -2.3759661
38.382515 6.3240757 -1.9404343
1.2962159 2.5867949 -0.10316865
30.904217 29.387592 -2.4179118
-2.9737713 1.8138247 -0.45877111
79.686394 -26.622955 10.610089
72.09185 34.025646 1.6384486
36.567154 13.119378 -1.9826224
-2.7192719 -3.1750751 0.12460275
93.599648 -48.343388 2.0726745
17.56739 -34.500645 1.2164841
-0.43325236 -11.607291 0.5704298
-4.3161674 9.5610647 0.018654026
19.49419 -1.1894215 -0.10815088
-2.1609783 -11.439168 3.0570972
-5.489368 -2.8966601 0.66134769
46.152351 10.75339 -0.81131822
20.091667 -9.6650953 0.69532919
-2.4820824 0.60358316 0.49280491
7.6049657 4.4084659 -0.87015992
19.663874 -21.420727 1.9668028
1.7008625 1.3404744 0.88696498
1.8403 7.3044796 0.29049078
-2.7348893 -21.885071 -3.7653394
-0.90453255 -5.0190344 0.13159907
1.0053711 2.9897356 0.60635376
-3.4833963 2.0619764 0.34555599
-2.007154 8.0071306 0.93977475
38.428692 11.585705 -1.9651436
7.9316297 15.926637 -0.82581484
14.888418 -26.40822 -0.079446383
2.3372664 -0.67937088 -0.42730752
38.418793 24.021812 -2.3983867
-1.6618199 8.4585733 0.6682846
-3.1781139 0.37792847 0.80710566
2.1202147 -11.561287 0.98384053
-4.4082508 -4.824903 0.2155263
22.360088 -45.528587 1.4314955
-3.8061111 -11.389836 1.8485587
86.65802 16.410391 1.7824287
48.243801 24.455132 -1.0446085
2.5913897 5.0037518 0.24285719
5.4271727 3.210315 -0.7853356
-4.9102254 4.2383494 1.3765656
0.17451879 -7.4535804 1.260131
5.3907084 6.634635 -0.2482048
-47.776493 1.1425788 9.666564
-0.3478604 7.6850529 0.98070973
21.385309 47.005066 0.83287472
82.994011 18.15472 7.6897516
27.812107 -7.0028543 -1.1901593
39.63253 38.894463 4.6874743
6.6525316 13.013064 -0.10722865
-4.2340727 -6.7022343 -0.060209647
10.391562 -4.3476801 -0.7175104
6.7405767 16.917309 -0.85282272
16.291115 6.1812863 -0.74204987
29.533323 13.179567 -1.667619
3.7547936 7.8172092 -0.27703521
23.736629 -43.570908 3.1665466
22.061569 52.832222 0.77026367
-44.231842 24.815643 13.687693
-37.756359 4.089035 9.0389357
38.832851 42.921532 11.170666
-1.7586834 -3.9326706 -0.33957756
0.61788273 -2.8567865 -0.43283287
-5.2634864 -6.1342039 1.3918886
2.6990104 7.7913508 2.4277506
-2.9759119 -2.3905725 0.87332243
-3.4339354 10.799456 2.8077219
1.8923367 -0.16077855 0.84682882
-4.2890797 -2.5436811 -0.2636072
6.6802921 17.013937 -0.20810831
3.8964722 1.4002736 0.60511017
0.30088082 11.065799 3.140214
35.273651 -1.9857527 -0.39469019
-0.13863069 -11.577613 0.98179144
72.382286 32.581497 7.2028675
19.450899 45.189083 -1.0076452
37.817921 9.2566195 -2.0096045
-1.4631543 -6.7105865 -0.20743468
3.4389954 -12.025653 -0.40897495
27.163832 38.650311 -2.660562
2.4200184 -9.7875957 2.7164221
-5.3823466 -10.262317 1.7861919
0.60080707 -7.0021653 -0.12561636
1.7073667 1.5251607 -0.40872949
-1.4756927 -0.12396312 -0.029623849
32.694931 0.013468634 0.7553333
-1.5499713 7.9449406 0.91421902
-0.48692825 -6.3750834 -0.18890013
0.56869674 2.3598211 -0.41365618
5.1470809 3.1441514 -0.22204873
-49.844955 2.8420501 10.031334
-41.106243 4.7234645 11.160557
38.377609 12.300717 -2.0623376
-1.1637114 -3.9006262 -0.077134021
-0.14618202 -11.523622 1.7899135
32.10936 13.278533 -1.7575543
5.3118553 5.3920126 0.35621694
-0.53669614 -4.1699414 -0.33602172
14.317266 31.208271 -1.816959
31.94014 2.8485794 -1.6175122
-49.488472 1.6115065 13.576897
1.7953926 -11.587537 2.2339873
-41.221416 5.250154 11.382785
2.3440721 -5.1894126 1.8678906
-36.646347 4.9693708 7.454987
114.48847 36.966797 2.3259306
1.5609522 3.7025084 -0.15567957
16.893291 -43.305271 3.0747893
17.617758 25.610519 -1.6222572
1.0268476 2.9898899 0.23816432
-4.0233994 -0.42016321 0.23391691
7.2198892 14.586292 -0.15311107
8.3266678 2.2007639 -0.79358822
1.8008434 11.615957 3.280863
-2.106581 -6.6145077 0.46059346
2.0082526 -5.7635679 0.86940581
0.066918403 -9.5676069 1.2054735
-4.0181212 -10.372496 0.95254016
1.0431823 5.3903255 -0.44653153
16.440611 -41.872871 2.7200611
-4.9314733 2.2789845 1.5181133
-0.54180551 -2.5987198 -0.38410896
29.621147 -0.71694511 -1.3669983
30.967365 13.085182 -1.5995866
17.891459 -31.176853 1.1034191
4.4943185 4.6207266 0.80338633
0.1981927 3.7916844 0.58230257
-1.0611889 -6.6423612 -0.15887453
0.51614863 2.2212739 0.8380897
6.7671204 5.5811481 -0.87630361
1.8937117 7.2982965 0.61529356
2.2763567 -4.4967637 -0.40500733
16.411118 -6.3202257 -0.015925955
-3.3727067 0.69865704 -0.44250721
2.148571 9.984911 -0.70284551
-0.14815658 -6.9999971 0.21315859
4.3322959 -2.4616928 -0.52665246
32.965202 1.3580389 -8.7127104
38.480865 11.816941 -2.0551927
23.828815 -49.736202 -8.1164045
4.5360909 2.5586107 -0.11657581
34.012989 29.20228 -2.4199717
1.7782739 -4.536581 0.14490716
-4.9953589 5.2812314 1.5943464
0.97835869 8.4661865 -0.54692471
25.600054 16.035522 -1.6207545
3.6077166 -10.020147 0.17307526
0.22183029 10.972443 -0.38604015
-4.2975707 -1.3381537 -0.36155483
19.183084 -20.626913 0.78673911
6.6505914 18.21096 -0.24522687
-0.80417049 11.978221 1.2124814
2.4211726 -9.4557123 1.9254526
-36.716118 4.0197325 8.7777863
27.912254 -6.6001573 -1.262841
20.662876 -0.87127846 -0.13289465
6.0488262 0.64433223 -0.73682338
2.8503735 -2.0784287 1.2732987
18.817142 -1.5393682 -0.76113975
-1.5011516 -2.8213329 0.94823611
-5.3397222 -8.9223671 1.2993842
-2.7180562 2.7424431 0.1285567
76.584137 35.5826 1.7185222
-36.320637 4.4075899 10.041737
25.610472 16.018156 -1.4805923
-0.98654318 8.3435087 0.64965349
-2.4767699 -6.8553925 0.71289796
17.445213 -41.10136 0.99661052
1.7926421 -6.1865697 0.99267459
-35.637173 4.3432508 8.583354
18.410074 -2.5770993 -0.072506242
8.386981 20.560316 -0.32214776
3.6181555 -11.976232 -0.31553358
0.35809323 9.4531612 -0.63623106
4.4036622 10.012506 -0.38557866
-5.0227146 1.2802162 0.70469642
8.0910368 3.0556283 -0.84983575
2.0859382 -0.077453084 0.89651823
19.356184 -19.016953 1.8119304
1.2786661 3.8999934 0.96870214
19.941236 -26.082968 1.0077691
33.19706 0.36855078 0.7691983
1.3256691 3.0005836 0.64671826
-47.381916 2.3276422 13.035409
2.3688979 -5.1963243 1.3291461
-5.3145275 -8.7160454 0.19145299
5.4470778 -2.2441108 -0.45904744
-0.79849988 -5.2047787 1.3306019
-5.1864147 -6.2957458 1.0436115
1.7004398 -5.7274842 0.50015157
23.276066 13.787185 -1.3318284
6.7960763 -2.9638338 -0.64465672
0.59115678 -6.1598668 1.3148512
-5.1906915 -8.7436028 2.3412592
0.90707487 -5.3663812 0.11566552
2.1822586 11.998725 2.5438528
-2.0223975 11.193632 2.3804963
-4.8257794 10.93469 2.3529868
-0.094111018 -0.87189138 0.46138698
-0.79485077 11.999144 2.5305748
-1.2349288 -8.28407 0.68278277
18.856722 -6.7194338 -0.808056
-37.052444 3.1574831 10.24068
8.0044146 13.876917 -0.70715946
19.703314 -39.828442 12.493117
3.1296871 8.3836117 0.22792789
1.2093966 -10.291133 0.1979464
-1.7131357 -2.6625907 -0.40600303
-5.8055058 -2.1938379 1.3600807
36.670437 25.953587 -2.3944979
-46.464317 0.9633469 12.75097
17.087345 -43.974514 1.7600648
21.623245 49.419605 0.16597471
16.240252 4.8282576 -0.7139625
16.473042 29.660629 -1.8053092
-0.13429046 6.9372778 0.21034451
21.225363 -37.023121 1.2561704
-2.2544255 -1.1164577 0.86852688
-2.7838218 11.771249 2.9575264
38.340832 9.5126534 -2.0126836
19.884951 45.158104 -1.0193808
4.2247434 1.3966016 0.59061968
-4.8721266 4.2244864 0.97303647
18.847021 -15.420034 -0.048971269
-4.3688397 -10.013392 2.7687454
26.372528 33.497669 -2.4118824
4.2966328 6.8969946 -0.5073846
-1.4347922 -1.9064559 -0.15342616
3.135149 -1.0990102 0.23689944
34.450199 -14.60472 0.97149539
4.642457 3.0480444 -0.094218485
0.30283889 2.3571234 -0.41044572
-50.212696 2.8088386 10.133434
19.556427 -24.407701 -0.10253058
18.562695 -12.198281 0.013060421
42.838959 -120.19936 6.9320645
2.1347501 -7.6709943 2.3715963
1.1692485 -3.1821055 -0.36633366
-5.1930375 -6.3849254 1.7654994
1.0420835 -11.581669 2.6418319
-49.016079 2.7310452 11.480377
-5.2662134 -7.7077837 1.9387259
23.224409 -40.271622 3.038496
8.5254641 18.672241 -0.99096984
21.644577 -25.567125 1.0388753
-1.4670537 -6.2396693 0.19580294
18.37105 -4.1659212 0.59460104
45.8255 38.06554 -1.3059412
-4.8431458 4.8998451 1.4490776
1.0672061 8.1294804 -0.5153833
0.33049902 -6.6420255 1.4774584
6.3288217 -3.4418607 -0.61128956
-4.5141058 11.575995 -0.033892225
-1.0436757 -9.694603 0.19439925
18.536907 -7.6176538 0.63419843
34.436184 -14.217244 0.96185637
-1.4318678 -1.369346 -0.060380127
-0.010254474 6.8148584 -0.60592383
19.980085 -26.984274 -0.14352125
18.600786 -10.492715 0.010981509
-3.0911736 11.991731 2.5779109
-2.4098575 -0.81615853 0.45237374
0.55105865 -9.2418518 2.837976
-4.7807608 6.8803 0.98198336
1.3968624 10.046717 -0.84471333
-0.48887119 -8.1286945 1.3535677
0.057302803 6.7973223 -0.62430137
-5.7600646 3.3897104 1.5204986
-0.18491121 -11.564037 2.2071593
121.78741 36.51519 -1.9808326
7.2073312 10.725235 -0.53058547
4.6845818 4.5707402 0.24578287
33.207073 1.2783167 0.80373043
1.7795098 -11.560973 0.98458952
-3.2611063 0.31658432 0.86254835
0.78498048 -11.601718 2.2166557
0.38328236 4.5525246 1.2468479
6.0194292 7.8551154 -0.68232602
2.2169437 -8.7912722 2.8041601
-5.5819516 -1.7965748 1.4149671
-1.9938921 11.248329 2.354609
16.394859 29.666275 -1.4727669
-4.6872425 -9.520566 3.1818452
12.522048 0.59109062 -0.87369293
26.875507 32.14719 -1.9165102
17.580616 -32.863411 1.1404327
17.438318 45.427784 -0.56907481
3.9033659 -4.3948812 -0.4280763
-5.2083435 -8.8240576 3.0298712
16.19693 3.2060556 -0.67211533
-4.0977578 1.9717932 0.80436951
1.1330346 -9.8183441 0.90671319
7.3059497 11.503294 -1.048413
1.6765442 -4.9575157 0.17952973
0.31612891 -8.1963835 1.3636801
-1.8223058 11.187898 3.2070341
4.4572349 1.5420172 -0.53124994
18.881189 -0.071382664 -0.10533544
14.900561 30.788692 -1.8277774
-1.7396048 7.9316812 0.3614082
1.6953524 -8.7199602 1.4444172
32.8036 0.22223091 -0.37225264
-2.6969435 -9.2148981 0.86249143
5.3355732 8.6762371 0.33719167
-37.688164 6.3684139 7.7133927
31.899319 33.882977 8.8598309
3.1522734 6.6829419 0.86435586
-1.4600083 5.6848989 0.64597708
-6.0117321 -5.6098619 1.5914925
-0.02701148 -2.6084728 -0.4013451
1.8938955 11.971855 0.81166828
26.391773 33.558109 -2.3441901
4.145298 7.0812521 -0.22683035
0.75520736 11.973538 0.80739486
1.037238 12.058627 2.5307212
1.33513 -0.57563663 0.63881397
-4.8011403 7.9365325 2.0094881
-45.394001 0.81511247 9.1177826
2.5587723 6.2851114 0.19600226
29.261793 14.074274 -1.6554186
16.317312 -41.026115 3.2114167
5.6837516 9.8725786 0.3819142
0.55733359 -9.0025539 2.7720785
-2.9924264 12.195428 2.1597736
18.227182 -9.8722725 0.66895741
38.955029 22.020802 -0.82097352
16.406096 -6.5328646 -0.02542638
37.609344 11.027686 -1.9752425
20.961088 44.957787 -1.0269442
1.0675058 -5.4286175 0.93893784
32.386269 3.5885963 -0.41248375
3.6852026 6.0657372 0.84593755
21.126247 44.79528 0.69711536
-0.58239478 5.4582901 0.58897501
0.19601597 6.8251648 -0.60810959
20.113647 -26.923218 -0.15147935
-0.4792802 4.6937046 0.67385978
-4.9009562 3.8079696 0.1571182
21.881426 -42.520344 1.7254095
0.29315767 1.4213754 0.55484313
-4.40696 -1.1226922 -0.43320253
1.2104967 -11.122801 0.17569192
7.7175612 19.836275 -0.28996602
-2.9875166 0.010343528 -0.10679165
53.933525 19.465414 -0.69702148
-1.7137047 -9.6538401 0.19566943
5.4367156 9.8520145 0.37609872
0.92283523 8.54529 -0.25145781
-4.9417539 5.4137793 1.6976091
-36.287403 5.5006056 7.3730874
1.6277996 4.0643058 -0.16815351
-5.2193475 -7.4026594 2.1411171
-49.091747 2.931685 11.67093
0.55808848 -4.09516 0.3449662
20.157465 -25.966675 -0.10886848
4.6521797 8.9549007 -0.098564163
-5.1251063 -0.01533279 0.72393072
-37.110695 4.0730681 6.1876264
-4.8144851 6.2879758 2.2270639
8.6168823 11.777647 -1.1285692
-3.1500692 -11.490752 3.6024163
18.403053 -2.609865 0.57871109
-0.94731778 -4.6151156 0.23949568
-1.8200732 -10.950643 0.18089227
82.466118 25.512302 1.7505177
8.204628 16.618134 0.44034663
-2.6009288 -3.0516646 0.70320034
0.61612296 -11.498508 3.0353048
-3.0239148 9.6537304 2.7741282
-37.409119 5.1595387 10.410391
4.5530648 8.1666489 0.66477656
18.401125 -1.9035269 1.2298563
0.28396767 7.3807173 0.22795108
8.878747 23.757496 -0.38715395
18.416496 -5.4321795 0.61622792
-0.95977879 -7.5393715 0.21286993
-1.6769986 -1.8538167 0.27913976
1.8590317 4.5587668 -0.5500595
16.268776 3.1777565 -0.083267719
1.4788842 5.7020016 0.29178339
37.468449 9.9077826 -1.9555687
-2.52754 6.0583053 -0.54898995
19.018621 45.305344 -0.56997502
7.2845354 17.941671 -0.91878438
11.052084 -3.3979352 -0.74990821
16.708395 27.456717 -2.0336759
0.53539038 9.8737926 0.36846644
18.428385 -13.012613 0.80418879
29.126722 14.030265 -1.6252209
3.2097862 9.1082029 -0.31160998
-0.013530622 -7.1347156 0.96169114
-1.1217711 5.2228208 1.2593244
22.017906 52.555061 0.76933473
8.8471985 18.851288 -0.27566648
-1.6721922 -0.40796894 -0.029753212
20.706537 5.828639 4.408608
-4.9656472 -11.366388 1.8978543
26.380558 33.832664 -2.3432155
4.0980563 7.2627473 -0.23604004
-3.0909762 4.0571041 -0.52032763
-2.5723143 -11.402063 3.4965982
16.840128 -42.241257 2.9800794
1.3882837 5.039341 -0.15260024
16.450428 9.1860037 -0.17515352
18.679483 -12.191785 0.71753901
0.90261322 6.1553922 -0.18348071
-4.9349461 2.9667819 1.743734
16.612926 -40.95739 2.8861406
1.2326175 4.843421 -0.55633712
-37.276718 3.1276298 10.309313
7.8158193 13.821168 -0.69683015
1.1366563 -1.023545 0.26533705
-5.1008954 -4.2260799 2.0463049
-39.873562 3.2150104 10.982921
54.04652 19.250439 -1.2409338
21.458475 -9.1141815 3.20469
3.8284571 1.004847 0.62662005
2.0749047 5.2620897 0.23848449
3.3062773 8.3137217 -0.29057437
28.804123 13.474162 -1.6079625
-36.918968 6.5978088 8.7553806
-3.4194939 2.0299406 -0.30133805
19.420547 -4.2020121 2.7300944
38.609016 5.5499144 -2.0595324
-4.2129769 -9.990078 3.2484021
-6.1951365 3.404809 1.8057364
-0.080898404 6.5928464 -0.11368302
43.629475 -120.02487 6.9375234
-0.60211021 -1.0405707 0.50422573
-0.84095114 11.930038 2.4985948
81.725952 23.354532 4.7200022
-0.47774085 -2.6637301 0.59780073
2.4371524 -11.169094 2.9719534
-0.15260024 2.6245716 -0.19251852
-38.017593 3.628479 7.5939698
43.214741 -120.05876 6.9318047
30.671249 21.746738 -1.986909
-2.4187713 5.0043597 0.91322047
32.254604 5.012795 -0.32620004
1.0591737 -3.8371208 1.3423506
-3.5325413 -4.7063813 0.81780607
0.35137281 8.5099497 0.30597314
121.11947 35.118801 -1.9624083
-4.6949296 8.1691427 1.6921284
27.137909 16.7736 -1.6000673
2.158289 1.4088858 -0.47585127
-3.7489395 -1.6005064 1.2919899
11.262364 8.9592199 -1.0978203
2.0888059 10.002281 -0.7002638
83.184975 20.38942 1.7391754
18.38341 -14.080368 0.71337706
3.5534673 8.1991854 0.16951929
1.2111017 6.1190114 0.11392656
35.182755 -2.1452751 -0.42238837
0.23108526 -2.2041848 0.61887264
32.657547 4.8364468 -1.5818162
-45.304066 2.4317713 7.5131669
21.592474 -40.778893 1.310428
-0.023384359 3.3819869 0.33983397
-4.8964491 -2.2583685 -0.41845453
-40.34203 3.4230909 11.211764
4.1875267 7.2695332 0.65222937
10.134645 10.601481 -1.2060134
-0.073436327 -3.443804 0.54005432
20.245899 -1.6552483 -0.85759503
-0.4241527 9.5216656 2.7404807
2.5738308 6.6113949 0.59524983
-1.7372222 5.6743054 0.26093426
-4.410069 -4.7563949 0.65523726
-4.8025155 8.0177784 2.6706398
-38.009209 6.8261232 7.7638469
5.115756 9.5252237 0.36453277
16.461988 -42.999249 3.3440416
6.0546699 7.9409399 0.019977722
-4.4809127 -10.006031 2.8808649
12.403665 -0.018857006 -0.8604039
-37.027702 6.8301101 10.441885
34.323307 6.0367575 0.85895854
-37.925133 6.8932323 7.7630448
5.3471451 9.5020494 0.3644492
-1.4367802 -0.2038127 0.26381695
32.719257 0.024037549 0.81621218
32.361519 3.5203819 -1.6343812
-49.081547 2.1936984 13.465087
2.2794294 -10.961961 2.1460321
18.256088 28.941748 -5.4668236
4.1901364 7.8830748 -0.30033863
26.356913 34.170773 -2.3573439
29.789806 13.178095 -1.6608913
-35.508297 6.2686028 9.8998041
34.336796 -16.179394 -0.35087866
-0.29450977 -7.9431133 0.6854732
20.344242 -6.3788199 -0.85749424
34.564613 4.2661676 -1.6869074
2.7696662 7.7285099 0.3485572
-5.0704145 0.5490976 1.3603816
19.026403 -18.987309 0.023505585
1.0548872 3.6893108 -0.50727606
16.509956 -43.386074 2.6671889
-1.0085692 4.7624755 0.48429883
6.200841 -12.278641 -0.45161632
18.238878 45.154453 0.820948
-2.3268592 -4.3966656 1.2706605
18.351505 -2.570715 -0.075985812
3.7197478 -0.97365832 -0.51006091
34.406921 6.9712048 -8.0621843
4.1243863 0.19878516 -0.57810485
-1.9658264 -2.9504044 1.2023376
18.683445 -1.5756483 -0.08563894
-2.8806062 -9.8503962 1.2745697
3.1679077 -6.6051221 -0.41599458
26.159496 -10.610645 -1.2060149
34.411564 -15.50468 0.96527535
-3.0743444 5.4548674 -0.075573809
26.776649 32.307911 -2.421474
49.312531 23.940187 -1.027702
2.3616579 -6.3716569 -0.27083719
35.12537 13.17733 -1.9611011
-2.8599155 10.482891 2.296577
20.839302 -11.618174 2.3984702
3.0282941 11.007771 1.5862063
46.210445 37.844936 -1.1736273
19.611198 -19.116402 1.8205898
-1.7069794 -58.198906 1.7737211
-0.85181242 7.9144087 -0.19074088
5.6141591 -4.0459781 -0.56746584
-0.27186999 -7.5652356 1.2781038
-1.864391 12.11018 0.40136462
1.7968055 -8.8434887 1.0996839
2.4450755 12.027016 2.5670969
3.1237466 -0.73548561 0.45553637
1.4036338 11.993775 1.6597425
-3.4715843 -4.6870437 -0.16378079
7.2609944 15.064062 -0.16645122
-1.5379401 10.809711 3.0964344
33.839672 -1.9655639 -0.38089085
2.0336578 -10.273648 3.2023449
19.427866 -0.20196614 -0.79656017
2.7008073 8.7691498 2.6626084
0.76923865 -2.3784637 -0.40995112
-5.2366548 -5.4914756 1.5111809
-6.395227 7.1623793 1.7246481
1.8303092 0.070504837 0.67473865
2.6777501 7.0684395 0.19199128
1.5273868 -3.8847818 1.3009651
-48.142208 3.2029779 13.190655
2.0983884 8.2677135 -0.53998619
1.7235143 12.004177 -0.040227968
27.492867 17.430885 -1.6582175
18.531679 -5.4147654 1.9788209
-42.012638 2.3705635 6.7275825
-35.60635 5.7784204 9.8784351
-3.3815849 -11.450518 2.2624128
19.066486 49.589401 0.86030447
19.219124 -18.973656 -0.06589058
4.46738 3.5342143 -0.47919688
-50.142445 3.3162198 9.9328604
80.438629 -21.079103 10.504823
-0.027206572 11.745321 -0.43236631
-5.0620608 -1.5070589 1.6485261
1.0207424 1.8956066 -0.20850435
-0.22181711 -6.698493 0.21693656
3.4200597 -1.3839219 -0.47373658
-1.5117055 7.8379145 0.34592935
15.336188 30.792887 -1.8666757
19.334568 -18.676405 1.7971494
1.2793947 4.2046418 1.004288
-5.3065772 -9.0121002 2.1973846
-49.028572 1.2414209 11.654833
0.46852052 -5.8300276 0.10187697
7.4691267 20.026159 -1.0418119
36.419762 13.972157 -1.9431891
6.2810616 11.781314 -0.54929411
21.100403 -10.638547 -0.10643423
21.726019 -41.097076 1.3372796
-5.1041312 -0.41516361 0.21687345
0.20946284 2.9549999 0.27140713
23.638966 -43.660587 3.1512215
30.017614 29.612219 -2.2496819
49.005573 36.897694 -0.8085202
-36.439934 6.5790248 10.159106
49.018311 24.14316 -1.0095359
3.5768507 4.723392 0.13423745
16.29031 -4.4120774 -0.027371675
1.7767378 -2.9802282 -0.40321243
26.2166 -10.34592 -1.1949437
43.033825 44.904221 -0.82320631
1.0697852 4.1917229 0.59558833
8.4985771 21.083485 -1.1243986
30.275118 60.284805 -0.91586274
74.832191 29.516472 4.48242
0.99366063 10.057522 -0.84217471
4.5074129 1.8360285 0.60166061
16.690527 -16.417461 -0.043784522
38.512028 9.8408699 -2.0151477
20.062479 45.211308 -1.0497706
22.185032 -44.143787 1.7815673
0.5266118 -0.24866678 0.4638311
-0.44451296 -8.5767565 1.0659797
4.0828481 4.8138709 -0.10257752
7.7710624 -16.069633 0.059105452
20.057016 -55.195599 1.169773
1.9749116 8.0927305 0.35637134
71.206573 33.108402 4.3823442
3.3074334 7.1334319 0.60242712
4.3711152 -6.9819713 -0.40242547
7.0842047 -6.7439809 -0.55046034
1.1446851 -9.7970333 1.4261146
6.9964442 15.494541 0.414837
-4.2305994 8.6085167 2.7464762
20.78828 -35.79525 1.1190199
30.236311 29.56851 -1.9134237
1.9010956 6.1646757 0.23086995
52.733883 25.261087 -1.2074169
-36.217651 3.5245054 7.3693719
-1.6428907 7.5504603 0.89436197
-1.0130374 -5.0922732 0.57491511
-5.0629764 -1.7023257 1.667467
1.1652941 1.3902605 -0.15198931
-43.887474 24.842064 13.59439
29.816694 22.042116 -2.0690596
-41.918781 3.1330051 11.556925
0.8994844 -7.6636686 0.20952357
32.657852 2.5031054 -1.5670832
0.54669935 6.2060809 0.60874867
-1.7354424 12.132757 0.82278186
1.918296 -9.103157 1.4930995
-2.1647875 -4.4866409 0.20022982
2.6418259 11.957019 2.1170473
2.4180682 -9.6720343 1.5170417
2.416229 -9.768528 1.9768313
0.17051239 -2.6155226 0.63018501
35.118015 -2.4180961 -0.44458896
40.207706 38.128212 4.6822352
6.8712454 12.002314 -0.09237314
2.7269146 11.449671 -0.44157654
16.414972 7.5719914 -0.81406206
34.458988 -15.496535 -0.34352344
17.983667 45.197712 0.69949925
32.977173 2.9753339 0.83903879
-2.0387826 7.9626389 0.93201101
33.854431 29.384638 -2.8156662
4.3442259 2.653446 -0.46547779
-36.674862 3.1337581 8.8109808
-1.8569336 -4.2067547 0.39792854
2.904774 12.004463 2.1341376
19.174152 -21.418245 -0.10218873
-5.1450329 -1.9153724 0.95278865
-3.9739361 2.0300267 -0.24991156
-3.1229203 -23.204149 -4.0781646
-46.43256 0.68316954 12.74788
-4.3436785 2.8803325 0.96795458
16.252628 4.6835842 -0.70270008
11.43722 -11.407011 -0.51407111
0.80306399 11.685575 -0.43700531
6.0140676 0.27802783 -0.72342181
81.587524 22.775753 7.6676602
18.157261 45.358879 -0.5758239
17.632118 -44.636341 1.4000007
75.40789 32.208664 1.6771311
-4.1480465 12.231905 2.2162609
1.6193935 -11.607164 1.8127724
19.901196 -26.040598 2.1523528
1.8732214 -3.4138343 1.2178322
0.67496932 -11.608913 1.8028146
8.2674942 17.750967 -0.92920142
2.9585896 5.1889749 0.97627449
-41.069775 4.867238 11.337043
2.4067471 -5.2045493 1.6619663
13.484425 14.138007 1.8210241
46.09301 38.11034 -1.2505987
-1.1024358 -6.1883945 0.19265346
18.415945 -4.1576233 0.59978127
-1.7720721 0.18703291 0.22463982
46.6119 24.035213 -1.3068712
3.108809 -0.76594216 0.33989143
53.613289 22.658779 -1.085891
-1.1746775 11.951104 -0.023981009
-35.774162 4.7608027 9.9095812
2.6891081 -9.3522615 0.18095128
5.8939228 9.4306326 0.37033272
34.430527 6.0344276 0.85412067
16.284462 -41.447723 3.2388644
32.560677 1.7697805 -0.39137581
1.401521 -7.0150576 1.3370932
0.4746938 5.4052768 0.23259065
19.608013 -21.809332 0.9348399
-3.3308971 -2.5161853 0.2997244
1.6921412 1.0071703 0.35681185
0.58038008 8.0299625 0.90708774
-4.5673385 -11.400674 1.8821542
-41.079418 4.3656707 9.8464022
-2.5832953 -9.8304548 0.1931041
29.384064 29.829088 -1.9142389
23.091534 -43.892429 3.210005
80.892685 20.370705 1.7014241
2.9638038 9.1305208 0.20171061
0.59540564 -7.7814188 1.0317148
0.061944257 -9.7081842 0.52730656
-3.310936 11.415024 0.39600772
16.391825 9.200552 -0.71391451
11.602318 8.4057093 -1.0935005
-5.3804388 -10.190082 1.3726013
1.1131847 1.3730593 0.23739745
17.630737 24.137053 -1.6141615
22.487856 -42.755489 1.3947717
-4.2106748 -2.2840223 0.18749605
-2.5668552 -4.4557648 0.23903829
2.0354557 11.99838 2.1065865
82.53466 19.421219 4.7093449
0.1968759 -5.0081177 0.60569388
79.211136 -27.299101 10.581491
38.523228 8.8271933 -1.9792478
5.1663079 6.352849 -0.80702561
23.538441 13.575139 -1.1612207
3.0148754 11.73727 0.60138595
22.018488 51.365505 1.2327479
0.62100422 12.04977 1.2294972
-38.122303 5.1459169 9.2062845
0.33934978 -8.9640923 -0.10854845
3.7653487 -0.81172609 0.34412828
-49.427937 1.9048409 11.749868
0.35379094 -5.4134874 0.16325308
32.898266 13.268364 -1.7986922
26.410814 10.764856 -0.39717209
-36.928806 6.5952625 8.9131079
19.245567 -20.174143 -0.06732776
-4.7204413 -0.62839204 0.92286175
-1.2808766 11.642192 3.3013916
-1.44722 -50.277233 1.5814778
20.349934 -10.809514 1.518335
2.1796927 11.916645 0.40502682
-2.8086538 -5.3127537 1.2503793
2.8056183 -2.0119522 -0.42956641
16.974606 -43.243519 1.7336464
-49.634888 3.3021889 11.787798
-0.11904016 -3.7757854 0.3599703
8.6329174 22.690887 -0.36005792
-2.2327173 2.966655 -0.29302377
6.2263966 9.9229994 -0.033226635
-41.133179 2.7145059 11.342173
30.540419 21.983532 -2.0059106
0.20328724 6.1704693 0.98721683
6.2606721 9.3337011 -0.80927777
9.8434935 -11.961767 -0.46925583
-6.633759 8.0023346 1.4646984
-0.78766114 11.529539 -0.42003673
-3.2042651 0.14392507 0.2248037
1.6033201 3.6449997 0.031717036
27.263142 31.368757 -2.4063857
-4.8946056 2.3826919 0.53602201
-36.905346 6.4959731 6.1737828
0.26188025 0.89531195 0.46858349
82.484329 25.249426 4.7857661
17.066435 23.953876 -1.5179522
10.724439 -3.8637094 -0.73142707
7.0656056 17.360432 -0.87620187
37.492176 5.635859 -1.9001768
-2.4476657 2.0362668 -0.40726602
18.795786 -10.763083 1.4550956
0.6383819 12.0297 0.79924756
22.023632 51.32296 0.78259736
1.0167662 -4.4788375 0.28167593
-5.1760812 -7.7210183 2.1599255
-48.480137 2.6057799 11.617573
0.43573073 5.7224536 -0.22739235
16.312473 -41.34108 2.8995934
34.421406 6.0355902 0.74180222
1.8979499 8.0457897 -0.22550477
27.465929 13.318324 -1.6198506
82.604698 -24.733377 10.881472
21.85379 -43.0177 3.211874
28.133512 30.480318 -1.90093
37.5112 11.092706 -2.0072491
2.7247007 -2.2871902 1.2815611
-2.4331336 -5.8634114 -0.0031902622
8.3048868 13.77602 -0.14004959
3.1672001 -1.1339699 0.97392243
1.2765253 1.8048143 0.83883101
19.504593 -21.007408 1.9063001
83.620789 26.172976 4.8564692
7.3855104 4.8017483 -0.87421989
19.659248 -24.205236 -0.12431801
16.240786 -3.0247443 -0.61852455
-4.1192689 -4.6375656 0.85016966
10.534044 -4.1253219 -0.72027689
6.8550162 17.03714 -0.85342002
30.069813 13.286911 -1.5208172
-0.90669274 4.5679703 0.10639525
-6.003479 -5.1376243 2.1085274
-0.12443444 -1.8628744 0.28985813
49.079567 24.050459 -1.2750654
2.4173517 -8.8580408 1.8095329
-0.94639897 12.121501 1.2383084
18.771984 -1.197423 1.8949964
4.0032086 0.45038617 1.2441747
-36.94025 6.1619558 8.7499247
-4.0595474 8.8302946 2.7783928
7.1486349 15.793521 0.43264744
-2.3078139 1.8785907 -0.46154392
37.67424 5.4690485 -1.8857298
3.222477 -2.9365742 -0.3988314
0.19637261 9.8801804 -0.81589675
-1.6135175 -11.470667 0.99047786
19.925127 -55.276615 2.1499131
-5.3476329 -9.865036 1.7372223
0.77517313 -6.7876139 -0.26142165
0.5879572 7.3959503 0.59218913
32.524216 3.8235133 -1.5723135
-0.98371774 -11.506829 2.6221902
-4.6722078 9.7841311 2.2937822
75.118965 29.613958 1.65597
-49.702057 2.6629798 10.023297
46.647736 52.454872 -0.96552873
52.843918 24.929251 -1.2576547
2.3918381 1.9153385 -0.15450767
20.52734 7.1072593 2.8603933
-0.78024679 -9.2373619 0.51851571
14.544381 -26.492867 0.011839346
21.289829 44.798717 -1.1470494
19.421741 -22.514305 0.9250505
1.3231158 0.30552077 0.29033947
5.4548769 9.8426151 -0.01578458
-5.3161173 -9.770503 -0.0016707079
18.321915 -3.6971352 -0.069276713
3.9877124 -2.1939824 -0.45576119
-2.1407299 -5.4924922 1.3277459
6.0192585 1.7331276 -0.80196559
-0.053217378 11.464347 3.1907117
-5.1834898 -5.7949848 1.5202399
1.1263396 -2.6659746 -0.40707424
2.388294 -1.5370682 0.98100704
1.8515185 11.481997 2.8638816
8.3106174 1.8467824 -0.82447505
-5.307528 -8.6486969 2.3145385
-49.183136 1.830762 11.7398
0.49567595 -5.3572001 0.14500776
-2.959621 -11.458843 -0.011185288
33.259304 13.237469 -1.7337505
-50.325924 1.7166272 12.011738
17.358524 -28.373058 1.2411692
-0.74604684 -5.446281 0.72155404
-3.393096 -4.9642982 0.23026979
1.2692938 11.286183 2.3904879
-2.2045314 12.099904 -0.028223403
1.4779713 -8.89674 0.19380528
-36.807671 4.9592285 9.976613
18.772173 -7.2287765 -0.80857277
18.29748 -3.3142033 1.1951003
-5.1824937 -6.8717036 2.566462
2.7425027 3.9507868 -0.53674763
2.2906225 -9.4853773 0.89023042
1.4514475 10.779341 -0.40522259
-4.7280941 7.2878799 1.4214846
5.9421306 8.5862732 -0.35858193
72.261612 31.725313 9.9821367
52.823204 24.190254 -1.2263004
87.712868 17.182232 4.9484863
8.4331188 22.306232 -1.1939901
-5.2530713 -38.683834 -7.0327749
16.769102 -19.507982 -0.063117512
-4.0166807 -5.8748455 -0.26731712
6.6832976 13.791432 -0.12448178
2.5583906 6.6973629 -0.20378976
18.284618 -40.788521 2.904932
-46.74469 1.0605853 9.4458876
18.415594 -6.6258459 0.63167453
-0.83101106 -8.5060234 0.20917229
0.93733776 6.5354371 0.66803187
32.929966 2.9629664 -1.5875628
-41.325924 3.2343819 11.330049
34.180801 28.591631 -2.3901379
-4.6311526 9.6329098 0.029212454
-0.81206393 -11.342739 0.58529937
-45.702084 0.86170727 12.55488
18.387175 -7.6024914 1.3443244
86.333336 18.329042 4.8900008
18.104811 -40.811787 2.9011247
-46.438931 0.6926682 9.3624859
-0.009130951 -4.6304092 0.56320435
82.208664 19.907288 4.6986871
75.285751 31.597786 1.671206
18.859804 -13.834034 1.5765309
0.87743855 8.8615427 0.66595709
-4.0250049 -1.3795959 1.2076604
1.8840501 1.8807931 -0.49281722
16.255655 0.17508458 -0.053227801
21.216496 -11.487385 -0.095393069
18.818502 -6.207571 -0.060513113
4.7643037 -4.4066963 -0.52328211
-1.2106642 -7.7139735 1.2967194
113.18641 37.730904 2.3090017
-0.17434384 4.484293 -0.06244107
23.283623 -44.127956 3.1815305
29.951937 29.58392 -2.2741723
-0.33493578 5.6290255 0.90655518
9.3810978 -12.021127 -0.4543485
21.223835 44.863773 0.83727443
19.812212 -25.04855 0.040522575
1.770339 -2.2498672 -0.41079038
0.7524153 11.99456 2.9523466
32.701839 -0.059924036 0.76107854
-1.5792226 -0.40912479 -0.07218954
0.59621334 -5.4610596 1.2743177
-48.925713 1.9588314 13.113969
1.13757 0.60606325 0.2806122
-4.3095307 -2.865165 0.36569431
22.509541 -43.35458 1.4633294
19.404129 -22.19334 0.7661674
6.9293499 16.591751 -0.20049886
-3.7653012 -3.0974848 -0.26052275
16.460247 -43.46883 3.3750167
52.811165 25.212868 -1.2190018
1.4300284 11.692302 -0.43856806
-4.6637683 8.568922 1.4011478
-49.556744 3.3228798 11.788732
0.24506588 -3.8997192 0.32523987
16.221184 -4.3190885 -0.62123078
19.635313 -25.488909 -0.13188405
-1.1476082 -6.2197461 1.326444
4.8646226 -2.8083255 -0.43822756
-36.199913 6.8154302 6.0896382
-52.789593 1.7282 10.646304
82.269402 -22.669422 13.816733
1.6545982 -2.7282207 0.60118842
-4.770586 7.3755622 2.2188604
52.843517 24.210426 -0.70804811
3.0874979 5.9727354 0.32061562
-5.2072473 -4.0270247 1.0990782
0.25713205 6.1881442 0.1927143
16.818501 28.899286 -1.7712414
-36.483704 6.0213714 8.7596493
-0.60136932 12.082953 1.2332033
7.5514159 4.3678317 -0.86575007
1.5553895 1.1256869 0.8404156
19.570047 -21.855577 1.9496629
6.6352854 11.097874 -0.069630325
-4.3571062 -8.652359 -0.11600264
27.619871 13.329806 -1.5294337
7.4504747 11.802026 0.39540225
29.26103 47.128494 -8.9782934
33.515388 5.7018371 -1.6584985
28.019617 17.585459 -1.7078953
3.0094635 3.8406968 -0.54946965
-52.278408 0.77390134 14.346127
-0.80761898 11.697207 -0.42752504
2.7510347 -9.422533 -0.16661926
1.0308429 -4.5572343 -0.17272358
-5.1542778 -7.6018372 1.7305906
-48.475185 2.652921 11.52662
53.232964 21.686762 -1.0888288
2.483182 -1.5882485 0.16269295
1.0525361 5.3978066 -0.15295647
16.405664 -41.929585 2.9243977
-4.9345236 2.2475226 1.6513191
6.6300831 11.794432 -0.08131884
2.0736926 5.2380438 -0.12687218
0.83073533 -2.8594937 0.18880574
-5.1921811 -6.3323483 2.1939523
-0.50525916 5.0623407 -0.040557202
-4.7569852 -11.366972 3.2088633
14.831497 -29.683184 -0.15483534
35.18644 -1.9283415 -0.4334054
20.737734 -0.3840473 -0.87090689
0.26353511 -1.7883272 0.61316222
23.281042 -43.833092 3.22458
29.785582 29.686617 -1.9152991
-1.7509239 5.6460671 -0.065934122
32.15765 6.073781 0.69254744
7.4266186 19.812983 -0.28548804
-3.2766452 0.03471474 -0.38597798
3.9222651 8.6928205 -0.15305921
29.257864 13.675758 -1.6240584
83.391731 -17.156502 10.748215
72.99472 33.952057 7.3007646
28.634586 30.129831 -2.2460294
-0.16185561 12.08702 1.2324605
21.448671 51.384384 1.295562
13.149598 -26.83489 0.069147915
-37.413124 5.8341451 7.6130176
16.32696 -42.439259 3.3065228
26.322033 13.485514 -1.4696475
-48.74942 2.7580533 9.8195744
1.6427326 11.695876 2.90218
8.2698917 2.2205267 -0.8333534
-2.1671524 12.116832 1.2525798
1.0567455 8.0221844 2.3759637
18.707153 -1.1653781 0.56590742
4.0477629 0.72547013 0.27621958
2.5417914 -2.8727567 1.2048634
20.607176 -25.913616 2.1764684
26.403725 14.192002 -1.6649377
-4.8567257 5.7844253 1.7726489
1.5104201 7.5104542 0.61064929
19.013304 -4.1637807 -0.080808453
-1.3030529 -5.6405792 1.3538142
4.4647474 -2.4134817 -0.54510754
-48.349224 1.8875817 13.174244
7.3448868 -2.1744037 -0.68340409
1.4692296 -5.3430104 1.2182177
-1.3511984 -6.3010459 0.91226977
19.170229 -4.4244714 -0.78175485
26.407568 14.155158 -1.522427
-4.8158979 5.7677135 2.2021995
-4.281734 11.501356 -0.35623473
83.65374 26.4566 1.7744721
-4.6025267 9.0126104 -0.30562833
-5.2298422 -5.7955203 1.8266066
0.54079425 -2.4663322 -0.38246706
-49.836491 2.3490937 10.044302
-35.742001 6.2330365 9.9531622
21.782452 -41.409096 1.3633395
0.23710866 2.5916436 0.21955606
3.0203011 7.0329404 0.16533387
18.263411 -10.338267 -0.040019907
1.4776868 11.47262 2.4321809
1.8079536 -1.3845903 0.72427392
0.2502299 12.091748 2.5270722
0.50030148 -0.61536539 0.48838452
-0.92359018 -10.004906 0.88932347
-4.4253893 11.057679 0.7689603
-5.1596298 -9.8326645 0.18396951
34.157623 6.0878253 -1.7006161
3.3020053 5.9797316 0.5458799
-0.94243592 4.9778862 0.21864331
-2.9267843 10.123719 2.9936528
0.5252924 -11.194126 3.3895297
-2.745003 -2.6504812 0.84422106
-5.8343482 -2.7710679 2.0019095
-3.7351186 -4.3499155 -0.15821768
1.0577868 12.041703 1.6611253
6.9574356 15.399717 -0.17715757
-5.3056293 -8.2191496 2.2388306
0.450167 -5.0556421 0.1358164
-2.6001866 -1.0736048 0.90034419
-2.9032543 11.726567 2.9538321
-1.6358433 -2.2033079 -0.4233765
2.444382 -1.513593 -0.18278392
0.19127783 2.9927125 0.60155761
21.638948 -41.193886 1.6827111
18.887125 -12.319067 2.3146696
-3.9049783 -5.9300442 -0.40417665
6.8728933 13.917112 -0.6758678
32.899124 4.6018143 0.7277652
8.2867508 18.267471 -0.24487223
-2.5398657 -1.3731809 -0.37015349
18.782612 -1.1632694 1.2401427
4.1381559 0.68080956 1.0368133
2.4879396 8.6226835 0.67847288
8.5880432 11.810298 -1.2068322
16.745766 29.050289 -1.7791903
21.226625 -37.610794 1.2481869
1.3752645 7.6958685 0.25113323
-44.485672 1.6706251 7.115211
33.548325 4.2651668 -1.6360707
-4.9052339 4.7187657 0.14034723
-51.39986 3.4980669 14.099198
-1.835884 -2.6078932 0.60610771
33.181667 -2.4424872 -0.4382709
1.2139466 -10.939063 2.936142
7.6791911 20.39307 -1.0653505
102.01213 18.659986 5.6942453
8.9834375 24.559271 -0.40254426
38.2047 8.7855654 -1.9601971
-1.7477906 4.9066763 -0.50407445
7.9589505 16.20817 -0.20047425
-2.9409556 -3.3311794 -0.13179635
-4.0021381 1.8803941 -0.22915694
35.810154 5.3727198 -1.5975348
0.61219913 9.2704449 0.29376909
18.460579 -13.455817 0.81245053
-4.8178568 6.607697 2.1831427
-0.30142194 5.4325094 0.59772748
21.307573 44.778358 0.74441576
1.2273778 12.003804 0.35639527
-1.0082219 -4.5821924 1.022926
-1.5970788 4.8485584 -0.54934704
79.395393 -27.782553 10.622258
38.525105 8.6147003 -1.9833765
16.776733 -17.899237 0.021658529
-4.7369571 -5.1845598 -0.25859869
2.6529808 -4.3924685 -0.32842612
20.447212 15.212543 -0.33250648
-4.6213689 -2.7989054 -0.41633385
0.54669356 -0.5868063 0.20357341
-4.3103805 -2.8736341 0.67992544
-4.5492387 9.7209549 2.6544161
-0.98630852 -11.491972 3.0351219
-5.1299415 -1.2226435 1.0892189
19.082762 -20.933929 -0.099477045
-3.0826652 11.50799 2.9162998
-2.5874577 -1.4272902 0.93603963
1.46706 -9.1943321 2.852603
-2.0829492 12.148226 2.5674193
-1.9296364 -0.45820904 0.62198019
-2.8327286 2.3741641 0.090161964
25.139542 -51.494362 -2.4224598
18.503973 -40.135967 1.3792198
76.104172 36.532108 1.7180144
18.778805 -1.1643755 1.1766758
4.0666137 0.68545371 0.61124313
30.119015 12.766516 -1.6414872
26.417717 33.724583 -2.336345
38.529716 6.1812339 -1.9429134
34.971802 27.387354 -2.382633
-1.3279895 2.5320635 -0.46181858
2.0806892 -0.95759225 0.31783444
8.6135073 17.789326 -0.24379328
-2.293592 -1.7595041 -0.3822284
23.252342 -43.849174 3.1752825
29.798065 29.645414 -2.27052
36.043083 26.475742 -1.9977946
-0.25583586 1.9701426 -0.15373284
18.400642 -12.672282 0.71186376
-49.73772 2.3323221 11.510245
-0.14563438 -5.1461806 -0.29963842
-4.7246637 9.3849163 2.2308936
16.384111 17.541733 -1.1777755
-0.70343328 -5.4784503 1.0091952
-5.2044711 -2.3688209 0.95014584
36.821507 25.765545 -2.4648297
-3.1210916 12.157638 -0.029212888
0.44644263 -9.1257877 0.2063549
35.942692 26.478592 -2.4098709
-3.2245376 10.763503 -0.41856426
-0.64871895 5.6732793 0.63597918
21.099541 44.896809 0.70112956
-0.73994875 11.120967 -0.40156919
-6.5630207 7.9537992 1.474521
3.8494756 4.8637681 -0.53844494
40.045704 37.103699 -10.802362
-2.7832196 8.4004784 2.5550869
-2.1217089 -4.2030954 0.41484886
22.272043 -44.172924 1.4231671
2.2384834 -10.074077 0.89976424
-2.1142526 -10.899696 0.56545007
-36.467148 4.3358135 9.9449844
1.8221762 7.2781677 -0.43967372
-5.2026711 -4.0686531 1.7998581
0.45096889 -1.1320165 -0.033164028
35.974659 26.377354 -2.4612577
102.07074 78.211189 6.9869113
-4.7831855 6.1806049 -0.0050532068
18.405834 -13.023268 0.72741538
-3.3487794 -10.378214 0.18657452
-2.9411361 12.139178 0.83642316
-45.60659 0.64710611 9.1462889
27.673059 -7.3736992 -1.1983943
24.317703 13.641271 -1.4051527
20.385582 -25.351355 -0.14857344
34.431259 5.9622321 0.83309698
-37.376766 6.5820622 7.654664
16.305639 -41.882992 3.2673273
34.946785 -16.753302 0.9837023
33.978901 29.052078 -1.9978142
-2.7004879 4.3863726 -0.0061604097
-5.0134764 -8.5253553 -0.14724019
5.8947549 10.976432 -0.058080338
18.995995 -1.2151155 0.55041349
-50.169266 3.6342568 11.923227
-0.53817803 -3.4061649 0.1606086
38.410645 12.556424 -1.9919944
16.378805 -42.236607 2.9568636
0.537817 4.9808311 -0.12510422
-48.385372 1.7182891 11.657657
1.4417152 -5.3984795 0.13175559
-44.968876 2.4394991 7.4528599
32.868668 4.9134712 -1.560941
-2.4334548 0.36547366 0.8859902
2.6632962 -9.0390472 0.18383142
-0.99709415 12.060567 -0.026982581
-35.609123 5.188633 9.8930578
-2.9185972 -3.3642018 0.10243823
47.629765 19.881638 -0.90689921
8.3212652 1.4435652 -0.81327975
2.0945666 -1.8522587 0.8509109
1.983482 11.199616 2.8073065
18.015165 -35.849258 1.2218331
21.250299 -37.386955 1.1114966
16.690369 29.34877 -2.1443336
1.237516 3.495537 -0.14235981
-36.651077 4.5030003 7.4406991
20.118401 0.23244475 -5.229228
2.5598605 3.0899701 0.68268055
81.282623 19.007826 7.560884
-41.574524 3.6658697 6.7524433
-5.3718481 -10.271239 2.1954477
0.55001324 -7.1425552 0.21725404
18.529743 45.102039 -1.2475585
0.87211615 6.5985026 -0.31479418
-4.9680591 3.3958263 1.7134291
-2.9627934 -2.2860231 0.16434051
-3.9406781 10.119514 -0.40321392
36.309349 13.937667 -1.9649968
17.622572 25.178633 -1.6072721
19.188501 -20.513115 0.85714805
-4.162231 -1.5692998 0.28476152
1.0249465 2.1897216 0.24735481
81.969467 -16.655069 10.565062
71.565163 34.392071 7.2046008
-0.95181477 12.112275 1.6678745
2.4394741 -8.8605404 2.147927
-36.436718 4.7435098 8.8169508
-0.033929732 3.873893 -0.49766657
-1.5495561 -4.7276402 -0.14053884
39.36327 42.303722 11.155912
20.192297 -26.115381 1.9737577
1.7705226 9.5735693 2.8045657
2.2170708 -3.4063225 0.98012543
8.1924372 -0.085420534 -0.80281097
32.284565 3.6960788 -1.6171697
-48.843483 2.6079619 13.403279
18.212807 -9.8361216 0.0025467547
-2.2279744 -11.495628 1.8107312
16.576328 -43.705727 3.0381148
1.0240114 3.4460549 -0.27078131
-5.0857482 0.12576148 1.6011485
21.219927 -10.154446 -0.096862264
1.0173324 -11.615444 1.3917797
-1.9958031 -10.085109 3.1109233
-5.160028 -1.8822749 0.76662755
1.603943 3.5904553 0.018819265
-3.4379885 -0.18179739 0.06076197
-41.213509 3.4657583 9.5973244
-0.80690575 11.518613 -0.41831616
-7.0685143 8.0045748 1.5099173
29.047232 29.924892 -2.4061377
22.86207 -42.653713 3.2088521
-5.1858926 -6.4347401 1.5331726
0.95176017 -3.257421 -0.43289301
0.53043085 0.58951575 0.20096783
-4.6828732 -2.9025218 0.095802404
22.121475 -43.379475 1.4110132
17.417189 23.370441 -1.606903
-2.4155321 1.5677397 -0.0054897517
8.3865795 21.040367 -0.32422176
6.0843868 1.1034869 -0.8047784
0.24449213 -2.2630403 0.88853794
-0.1798448 10.75083 3.0573137
35.19157 -2.1379642 -0.34530249
19.01333 -4.5727868 -0.077941619
-1.4851012 -6.2022114 1.3193303
0.97061437 -2.2181237 0.91184598
0.61404306 10.738713 3.0600357
-1.6627804 -11.496048 1.3878039
18.486776 -9.7891312 -0.063257501
-0.49928305 -3.0168991 0.96135676
19.915489 -1.3420053 -0.76856267
-4.6080794 -9.9592094 2.9273508
12.445236 0.2487867 -0.86274487
5.2278829 3.8339159 -0.11547758
2.6528649 -1.7569314 -0.24383257
53.369045 21.23889 -1.2470367
0.12025902 -6.3859491 0.030974139
-49.501057 1.1720914 11.616123
27.609186 -7.6962118 -1.1961275
24.193178 13.48528 -1.3656797
-7.4283848 5.1206112 2.2827601
79.578041 -18.606947 10.329579
16.420294 -8.7475681 -0.0059695719
1.2962329 -4.2676463 0.63583076
1.0591317 8.4048128 2.4619834
3.3812699 7.4183254 0.63002259
-5.0844278 0.45051834 0.70941073
0.495639 -11.610179 3.4853747
-2.6135685 -3.326014 1.0032713
-3.0762849 9.5766029 2.8682363
-1.3772832 -1.1616424 0.67265022
1.6017866 -9.2047129 2.8575928
-0.40229243 -6.8102293 0.44754404
19.764048 -5.5595579 -0.81116569
17.422915 -29.962021 1.2934555
38.540466 40.531628 4.7485733
30.461533 2.4353414 -1.4461746
4.9322305 -2.7333269 0.0037128858
-5.2316399 -6.6105456 1.8814416
0.66328007 -3.3443475 -0.35949245
8.4047813 22.416767 -1.1885228
8.5982971 18.601509 -0.2651383
-2.3695564 -0.82346624 -0.22056007
1.1964848 -8.7475605 -0.13687748
83.888451 18.165176 1.7423495
-4.3127952 2.9589787 -0.34145957
24.17901 -41.596527 3.0781121
3.2877307 -0.9366371 0.62660646
2.9582891 11.922926 2.5698597
91.004486 -5.2685833 -1.3404266
1.6464499 -7.2880726 0.72912359
1.3991208 11.994462 2.0899093
-3.4978495 -4.6779642 0.033151932
-2.304311 0.80347693 0.85063052
32.649815 0.95765597 -0.38878316
-39.21582 22.800999 12.234962
-50.301132 3.245471 12.007468
-0.62356472 -3.7857995 0.65404046
26.288176 13.783379 -1.4800836
-48.72094 3.151166 9.8251143
-1.396632 -2.1764479 0.88683254
-1.8863529 10.787601 3.1138978
1.8102357 -10.480699 3.2211618
33.329201 -2.2428265 -0.38309744
-3.942373 -2.0829351 0.35555398
19.36569 -21.390629 0.90106642
1.3365176 1.5093755 0.21780135
13.277078 31.679304 -2.2200694
-2.9723971 -11.477325 1.4104378
124.17699 14.726598 6.8054752
-50.124405 1.7057502 11.591153
-0.4240467 -5.2049294 -0.31740054
6.9179111 14.975811 -0.7446329
0.8396461 11.90941 1.2189221
-49.399548 1.9073327 11.503321
0.34272471 -5.3414021 -0.13952713
74.368309 45.398838 4.8294353
1.3230534 2.8515751 -0.49014097
20.663908 -11.107991 2.4064646
-2.1627898 -4.5633736 -0.19239646
2.6552384 11.966083 1.6821414
8.5261889 15.055725 -0.16750252
-5.273016 -11.260917 2.785753
26.312614 14.186175 -1.4924495
-48.69112 3.2300878 9.8221912
0.78033739 10.018676 -0.83612299
18.5548 -12.571985 -0.063130066
2.1757994 -3.8290894 0.61872452
-2.3270674 4.5401068 -0.19813444
8.7743835 24.038668 -0.38251543
53.417652 22.982002 -0.68762338
0.44283953 4.921196 0.29044694
46.184109 24.458298 -1.0268483
5.7320995 2.6980846 -0.80720609
-0.60242599 12.105247 2.9653602
1.6903843 5.1691093 -0.45614976
16.22673 3.2223494 -0.083318368
1.7419492 -11.603338 3.0707214
-1.5491266 -3.5423238 0.66314709
-1.9014224 9.5958357 2.4440193
33.896408 5.8886728 -1.6712149
-44.105995 3.2239008 7.1849327
28.306688 30.318048 -2.4145215
-3.0031476 10.918837 2.8111277
-2.6233361 -1.6224438 0.83588499
0.24078484 2.0866158 0.58099943
21.782133 -41.786541 1.7021208
50.525623 38.313438 1.3618306
-47.685638 1.6753137 9.6259604
6.6500258 11.024751 0.38711479
85.909813 43.895927 1.9220921
-3.5010796 -11.134347 3.4860151
17.22674 -22.273073 -0.080795288
20.823486 -10.96263 2.4031377
-1.7004234 -4.6275954 -0.15260042
2.9948525 11.898674 1.6846054
40.504669 -120.81 6.9221864
27.864254 20.934832 -1.8260392
5.0970664 -7.2398739 -0.4564611
-4.4693913 10.779639 1.1954215
7.2381401 10.953316 -1.002272
1.4779167 7.6980214 0.89387965
-44.235931 1.8943858 7.1348214
2.2938662 -4.2880654 1.641713
33.727345 4.2806478 -1.6496429
3.2428992 2.0797515 -0.52981603
32.713188 4.8478074 -1.609962
-48.626949 3.7060597 13.348339
21.015335 -41.227257 -6.8164392
83.678902 24.719967 11.005602
6.9098191 14.2095 -0.70256627
-0.91243201 -0.72248316 0.51233828
-1.4108696 12.127081 2.5464566
2.2086813 -8.9860487 2.8422613
-5.1964159 -7.5283446 2.7562375
18.284744 -3.7934561 1.1972301
-0.95080286 12.076465 0.39125434
2.6463103 -9.0468063 0.51274687
1.2899314 -9.5276079 0.18819846
-36.84713 4.6190987 9.9916458
1.1738472 2.3825603 -0.4812429
-5.1140356 -0.92901224 1.3415086
19.109365 -20.597288 0.029048186
-37.33979 6.8283944 10.403117
48.030647 37.230637 -0.79828441
12.337438 -0.20688953 -0.84920567
-5.0672703 -10.005966 2.9368582
27.514061 38.300552 -2.6051157
18.237606 -6.5718875 1.3118403
0.22053507 -11.45726 3.4444764
-3.3309047 9.6667814 2.9120805
-3.1162455 -3.0932467 1.0460385
2.0250099 9.633996 2.7892196
2.481127 -2.9545178 0.7476033
-37.909943 6.5269537 9.1473236
-5.424479 -10.581915 1.4073098
-5.9893136 -5.3729219 1.868017
0.30321807 -2.3036463 -0.20321369
-0.80194116 11.974092 2.0750971
2.4254267 -9.3910913 2.6236665
-1.6554525 0.070169121 -0.03157407
8.8027163 19.756886 -0.31202403
3.7253458 0.24754091 0.20926258
1.4616972 5.4064255 0.25859386
-4.4901047 -2.8308411 1.0203196
-1.395385 -11.44478 3.4582107
-4.5316839 9.7260685 0.76635778
-0.86430144 -11.533224 0.98128933
48.233311 24.034676 -1.0043871
2.6847866 4.4370446 0.31976464
-3.3740022 -11.44733 1.8397839
19.814484 -1.0204799 -0.10095411
1.2342119 -10.888146 0.56578094
-0.5465008 10.363087 -0.34636438
-6.4378166 6.926465 1.7052006
19.62751 -20.217335 1.9047837
1.6066929 2.7134497 0.88521206
79.521393 -17.671293 10.297331
2.4840853 8.9084635 0.20454307
-43.413616 24.0874 13.146693
-4.6604466 -2.5467629 1.3588668
19.214022 -22.001436 0.042399012
-0.55658984 -11.566785 0.5768044
-4.1968656 9.7718573 0.017521206
-1.566403 -1.1275495 0.342906
-0.28072599 7.3267117 -0.15749393
18.317183 -1.7795026 1.174615
3.7001903 -0.13227752 0.61775565
21.455683 -10.388137 3.2693887
-40.915897 3.7660916 8.4086657
2.1733592 6.2466502 0.98513383
18.805977 -15.898519 -0.079260528
-4.8980908 3.9647686 1.0074999
2.9326029 10.157695 0.37319559
-41.854797 2.5922947 6.7346725
2.4925454 -8.797286 2.1392672
22.785595 -42.743912 2.7611747
-48.831703 2.7310729 9.8702679
-0.78865135 12.015932 3.3637874
5.7686114 2.6093221 -0.78826952
26.904232 -29.727051 -5.9270511
-3.7558267 12.242505 1.2963079
18.685345 45.260559 -1.411443
1.7678831 -5.3445129 0.56564301
23.265409 14.226518 -1.3488053
4.4781175 6.0129213 0.092526197
-2.9404643 7.6061778 2.3636353
-1.3241147 8.4882383 0.65851384
2.9082258 9.4572115 1.0621105
6.0773935 8.1594763 -0.34635663
-4.5316911 -11.373814 -0.017340638
31.749504 13.291371 -1.7425393
72.410942 31.519131 9.9888306
18.781593 49.711323 1.2762401
-0.0077681462 3.1941884 -0.47632083
5.2016335 -2.4402225 0.0015477415
83.392227 19.930387 10.820623
37.420883 13.237759 -1.9766026
32.719315 13.187364 -1.7718911
38.309826 9.4568415 -1.9902865
19.876713 45.174648 -0.58767301
76.044037 37.390678 1.7234316
-2.9158039 4.7272925 0.0013552174
3.5682881 3.5961704 -0.60756892
0.28958017 -3.060142 0.17861339
0.92070168 -4.5455275 0.62592417
38.311005 5.8305683 -2.0141425
-4.6651173 -9.577239 3.2048724
32.688133 2.5096395 -1.6130421
-48.481766 1.5853277 13.2979
0.27862987 -4.9976439 1.0147017
2.6470222 11.903543 0.38626385
9.321312 -12.062078 -0.39640081
-2.8723502 2.5476055 0.081677198
1.3204138 3.407882 0.62761378
-2.5624247 9.5963659 2.8377988
-2.2409029 -3.3240292 0.9904744
3.48544 5.956542 0.81611836
-0.88358015 5.09444 0.64985955
18.20787 45.26759 0.97895545
2.6906374 9.4463243 -0.81780726
6.9326453 10.223218 -0.49387988
11.608577 -2.4161005 -0.78617603
8.3952074 18.545204 -0.9812811
2.6558368 9.4419069 -0.66563892
-5.1129861 -0.53057975 0.97478592
19.098551 -20.121632 -0.094905838
-44.318554 2.0249677 7.3491907
33.733089 4.4874883 -1.5982859
38.250931 12.844741 -1.9943998
-38.028088 5.2166734 7.7394347
20.198996 -10.733727 1.6017621
2.2196498 12.008241 0.80704123
0.52691525 -8.048008 1.3251292
0.11898014 -7.4794116 -0.051416166
-38.143635 6.5484958 9.2072067
0.29597285 4.1603851 -0.45071414
4.7401333 4.9795156 -0.27558786
6.6087127 12.220978 -0.098189019
4.2861714 10.814949 -0.44275129
74.58799 28.894176 7.2565813
-1.2539808 -2.8476467 -0.43918678
2.8725905 -2.1683612 -0.095005773
2.1421857 3.7129538 0.016386295
-3.1003563 0.09494105 0.19609115
1.6466547 -10.135201 0.18014635
-36.566273 3.6632991 9.9458971
-37.538376 5.4293294 7.6247663
5.9094367 7.790236 0.023280129
16.362381 -42.949883 3.3411174
2.0727656 -0.75649345 0.3470214
80.852119 24.149651 1.7176758
-2.4324841 -5.8589959 0.010168512
-2.8760495 10.315907 2.2670307
0.76344216 -10.854033 2.7652452
36.300529 14.067028 -2.0220742
-2.9018929 -1.7013267 -0.36999401
1.3051631 -0.92499441 0.10780052
0.1629003 6.6494331 0.9409948
6.3827372 9.8589296 -0.85961437
7.1637774 16.570347 0.43155453
-4.233273 9.7847767 2.6379478
-0.62639141 -11.504694 3.0336032
28.694477 30.087791 -2.4067421
126.98819 14.676222 11.418918
-0.5485726 -9.6776514 -0.14499976
-4.2346897 11.394001 -0.43615162
-3.2866025 2.4229343 -0.47628343
-41.568504 3.6489136 6.9129367
4.7979207 5.2079101 -0.15948181
26.79767 31.987709 -2.3089037
5.4044018 6.9770703 0.0485758
3.8449314 1.0348181 -0.18426695
1.533211 -6.6673765 0.21312827
25.557913 15.939649 -1.611398
-6.3903027 7.233541 1.7339607
3.2864912 -10.495388 0.16607408
1.6714438 1.2856952 0.69705641
-2.4844022 0.59037524 0.39802304
-1.8174683 2.6710358 -0.12432946
33.208473 0.95449865 0.81674725
4.6700845 4.2509418 0.22182922
0.35582036 -5.7379265 -0.16723906
-48.056953 2.710664 13.220721
-1.3863046 -11.533386 1.801766
1.9678148 -8.7979383 -0.13162197
4.4442468 -9.9602432 0.17801517
-4.8158913 8.0745649 1.9863524
2.4970093 1.0016007 0.99863613
3.0647848 11.497415 0.84462398
-37.916725 6.7521377 7.7618546
1.1496463 -0.5468784 -0.03224859
34.952675 -0.035495125 0.77888948
-5.1376963 -3.8165486 1.8675578
12.805479 2.7794161 -0.94037104
70.736191 31.828562 4.3324361
2.6844668 5.6170492 0.77756447
-40.750336 3.4527001 8.264823
29.760918 -0.037589859 -1.3774393
2.9788356 7.1319504 -0.23688447
38.916622 22.839178 -0.78382283
4.0698161 1.0693932 0.19637361
-5.3977728 -9.3871622 0.93164682
-2.7136207 1.5894542 0.46153939
4.0732894 6.5649433 0.16917843
32.996048 3.3931677 0.84235412
1.4717441 -11.598057 1.3813672
29.321972 14.016625 -1.5981456
-1.7661194 5.2076783 0.14652315
-4.0793557 5.2359018 0.13422085
34.307346 -15.866332 -0.411704
47.375015 24.030724 -0.98336232
1.6566052 4.7290373 0.22093613
32.226013 13.628805 -1.7682304
4.9023099 4.5883226 0.23624966
4.3759718 2.8255408 0.53140837
18.235264 -7.0021563 1.3228984
12.25304 -0.56213152 -0.83976996
-37.342888 6.6769619 10.403636
-4.8590832 -10.479276 3.0141497
4.308197 2.192064 0.88187218
-0.31427363 7.7146196 0.24790609
21.421452 47.004089 0.17008115
21.306234 -36.239483 1.2986137
48.2542 24.0397 -0.63493478
2.7292588 4.5284686 0.70722973
-4.8228459 7.5526013 2.570817
3.1616344 8.479002 0.67772901
8.8835964 11.617553 -1.2081497
2.3072417 7.5482154 0.62815624
-0.0601031 -9.5273199 1.2020096
-35.012634 5.8311639 8.4570789
-2.6198132 -11.478341 0.9935326
2.8191872 9.6670551 -0.013612402
3.7732117 -2.7528973 -0.47083321
116.91508 -0.24182625 10.469841
-5.2733784 -6.5549874 1.0677024
7.8111491 -16.121599 -0.57319927
27.430643 13.178946 -1.6241909
1.9209259 7.888834 -0.21424419
38.194782 8.8344269 -1.9874089
-1.843922 5.3361864 -0.46964079
7.6728849 20.488077 -1.0722108
-2.8249753 -5.2079234 0.14211066
2.3134856 -5.1728148 -0.18295285
26.436558 33.467419 -2.414361
18.60507 -1.4071549 0.56791794
4.0446773 0.34350136 0.24697872
-43.703308 24.227467 13.455153
-5.107101 -2.5738454 1.762935
1.1652019 0.69547158 -0.063121326
3.8643332 1.3370302 -0.18822339
5.1569672 9.6992283 -0.40443042
13.797138 -26.647272 0.015123276
-0.96724945 -4.1317101 -0.33747941
34.912975 -16.821978 0.97503203
38.384804 11.691732 -2.0727975
16.389912 9.2110481 -0.8474949
34.035892 -13.317747 -0.35602504
2.3037188 -9.8398695 1.9151081
0.57709312 -11.585156 0.98162615
2.8605421 5.4370151 0.26461577
1.5169683 -7.0811105 -0.044682153
52.961445 23.698027 -0.69717127
-0.97281504 10.965285 -0.38367411
-6.9914069 7.9011106 1.8721528
-35.87262 3.8901391 9.9264116
-8.0099955 5.5448556 1.7613529
8.8567438 24.219667 -0.40723181
-1.8707564 4.6969028 -0.52900189
5.4665484 -4.1455975 -0.55879712
-0.48652232 -7.5084796 1.3664975
45.834152 37.989227 -1.1651573
72.273079 36.966595 4.5201106
36.211243 13.156873 -2.0083637
7.9752884 16.607199 -0.20358211
-3.091522 -3.165499 -0.059199035
7.5564265 -26.013737 -0.028930595
32.892796 4.1808572 0.86065757
98.251595 18.632431 8.9983606
4.043891 7.2698021 0.17636049
-38.08477 4.7531118 7.6947341
72.118462 32.980228 1.6314231
2.6420693 11.966609 2.562278
3.1468513 -1.0783013 0.66080165
6.7275376 12.556537 0.39192021
-4.7698145 5.967864 2.235837
1.1061761 10.728833 2.6759038
1.3129083 -2.2443683 0.51222533
-44.394833 2.4943511 7.356925
21.26322 -36.298283 1.1655262
-0.15787104 -3.8006394 0.5545463
-0.97851908 8.6266632 0.96331501
-2.3408773 -1.8742255 0.36216533
32.673782 13.225996 -2.0145142
1.4771777 -11.591874 1.8104955
-4.9888916 -9.9923229 2.9293132
12.385197 0.01692017 -0.8571794
1.2107431 11.899753 2.4994678
1.7288514 -1.0385065 0.70607299
3.0307109 7.3593554 0.21758805
-2.9912348 -6.3262873 -0.25760731
7.7967157 13.375852 -0.12446948
18.214756 -9.811264 -0.062438644
-2.242115 -11.506321 1.3959168
-0.14673713 -8.5283318 1.40193
-2.4096756 -5.6421151 0.63045096
23.241434 14.462709 -1.155735
21.970247 -44.651539 3.2128806
-1.4171805 -6.6666589 0.57923985
34.643948 27.818628 -2.4110456
18.925369 49.649368 0.72652161
-0.83275783 12.010679 3.3760202
36.447865 13.212693 -2.0064666
1.8816191 -1.8656147 0.19344702
8.2415924 17.066065 -0.21355417
-2.7517564 -2.556854 -0.24730477
2.3844841 7.6774392 0.64101529
34.076324 4.1239219 -1.5833424
16.780811 -43.374268 1.4277408
1.189796 -8.7443695 1.4347718
19.015781 51.603519 0.80712485
5.1826363 3.1488721 0.57242185
28.802752 13.458725 -1.5926778
-2.3429098 4.7787733 0.33917347
-45.329384 2.3031683 7.6212063
2.2949843 5.3367844 0.54247874
-41.016289 3.101938 8.2458258
27.778238 -6.9876361 -1.2568741
-36.723999 3.9017935 8.7893715
4.7635736 6.5382252 -0.80272365
-0.13967724 -3.4587564 -0.43491334
4.3862853 -2.5733061 -0.18571062
45.591896 55.335548 -0.99214172
20.47835 -55.046062 1.7477453
-4.4602547 10.146398 0.012017085
19.067755 -10.743143 1.4727948
0.89067984 12.010124 0.42005336
14.121415 14.566799 1.9227535
4.3955364 2.8438144 -0.41611055
33.765911 29.632254 -2.8303361
-1.5765171 -3.994796 -0.33971304
34.51651 -16.425251 0.97391671
2.9428012 9.7412252 1.4500842
-43.638901 23.928658 13.179121
-5.1677704 -2.9865701 1.3699197
21.602751 46.901188 0.80800688
6.6438451 13.474644 -0.1199159
3.7337823 -6.7604752 -0.35543367
14.375438 -29.835676 -0.15165024
18.852327 -13.528939 1.6109074
0.5049603 -4.2015595 0.6815567
4.2130022 9.1989584 1.4596231
12.764332 -10.724764 -0.5511151
3.1018977 7.3251028 0.87795454
-4.0907512 2.0581129 0.80636013
-0.6006158 -3.4006574 0.60487515
-50.161938 3.6434541 12.034317
1.1834131 -9.2830124 0.90717316
7.4378524 11.681084 -1.0631361
22.02169 -44.624649 2.7953017
2.2775571 -10.696969 2.1024268
4.2896719 2.5756583 -0.19498192
33.810337 29.421694 -2.4296894
-0.098161623 -6.7064276 -0.1283626
124.5483 13.579329 6.8179522
-1.7102413 -6.8540726 0.5476169
-50.556808 2.7399588 10.16242
24.179321 13.507192 -1.163256
18.580362 45.096104 0.18822643
53.919319 19.469994 -1.0398101
1.2926686 0.99284989 -0.12129317
-43.390244 24.528036 13.446001
-36.976093 3.8450961 8.7620783
-0.19032642 -2.5834169 0.9121632
20.240204 -1.1626788 -0.79568762
10.657233 9.852334 -1.11365
2.1828854 -7.2723675 2.3857784
35.021023 0.44567966 0.81358349
-50.729637 1.9761279 10.244184
4.2375274 1.875695 -0.20494595
5.550807 10.183161 -0.43698135
17.009798 -40.918446 2.8886328
118.64326 -0.97193122 14.856674
4.6801047 8.5092564 0.26155224
22.075207 52.361172 0.72332579
21.941605 -44.028698 3.1276627
5.9449596 6.3562269 -0.87041396
0.52329946 -1.3676969 0.25257576
18.404816 -3.2952604 -0.071835764
-1.7211946 -5.102694 1.354841
2.36993 7.8298826 0.35060567
2.4036696 -4.2432537 1.6411976
34.142693 4.1463542 -1.6694314
-0.61156964 -11.516767 2.2010696
15.519576 16.537422 4.5518117
-1.6865129 -6.3149648 0.94840813
18.312305 -40.222752 1.3200506
2.411037 -5.2302747 1.4463624
17.627972 -29.820337 1.1170787
29.87998 0.5899874 -1.3907336
2.1574769 5.1252317 1.0272151
0.97993624 -2.851613 0.97297502
19.408386 -12.336951 2.365335
18.736595 -7.2111006 -0.067281358
113.46862 37.033016 2.3098481
0.22268389 3.7478998 -0.20845595
82.584099 21.395132 10.767686
-4.1101761 -0.97255278 0.88893294
19.575748 -21.881674 2.0280817
-0.5869692 12.089373 1.6634344
-36.747784 6.262455 8.8625107
18.458668 19.279789 2.3581128
10.475692 10.185149 -1.2137828
14.157206 -28.778341 9.0478144
-41.26931 2.7612689 11.37862
-0.93676585 -8.5260391 -0.090706259
38.066998 7.2299562 -2.0452759
27.84026 30.662279 -2.2412791
-0.2459076 -2.9595349 0.21670966
5.1136394 9.5368824 -0.40004146
-3.471828 -7.9592566 2.6520214
2.1293907 8.1367302 0.94826132
-2.0335763 7.509613 0.41571757
12.994488 31.582102 -1.8203559
0.4769752 4.9120669 0.87102252
1.3621106 -7.3730621 0.61668843
0.84486192 1.0135981 0.54200333
17.652891 23.921467 -1.5394911
1.3383665 -8.813179 -0.11960895
-3.8711131 2.7076502 -0.2848078
2.1383986 8.1382141 0.65306824
-2.0205178 7.53931 0.36087111
4.2756462 10.614841 -0.42274407
-0.012851596 9.7785826 -0.8067382
-0.8921321 -7.6966734 1.2986336
-5.3432012 -8.6298094 0.8892284
7.8044815 14.226609 -0.14011395
-37.240734 3.540158 10.404373
21.137119 -11.344135 -0.10784959
6.0879273 11.001925 -0.50738084
4.4573755 2.6567957 0.90309095
18.549438 -7.2564101 1.9976001
16.407839 -6.9383879 -0.014874843
21.253233 49.624729 0.80776358
20.708023 -11.550858 2.3941216
-2.3161018 -4.8106732 -0.41543934
2.4312694 -5.235774 0.64338231
18.837038 -14.242779 -0.059170887
-4.1961465 -8.8128767 2.77298
29.464815 61.562115 1.4422427
-4.89991 -6.5086102 -0.070700429
2.3605249 -1.5719264 -0.16889067
36.223679 26.284063 -2.3899603
6.6969547 17.888388 -0.9085651
0.26879823 12.018666 0.38663387
21.773319 51.323101 0.18000636
-47.79565 2.3587592 13.211165
5.3043242 9.5626564 -0.40059191
-41.16724 2.8549492 11.163792
-3.6136346 0.071759827 -0.41757667
14.54141 -29.638979 -0.15153304
4.0384755 -6.7845154 -0.37167609
0.5639593 0.9724046 -0.058210801
-44.068985 24.778351 13.56413
47.834312 23.987221 -0.5974049
18.26351 -4.2308946 1.2593985
-0.60467261 9.0953722 0.6865418
-0.089804739 5.0177245 0.23928133
16.607979 27.631844 -1.704793
18.779144 -12.602253 1.5258739
0.25498444 -5.0980978 -0.40754572
-0.48125085 7.4829631 -0.16874431
6.0046744 -0.03928579 -0.71410245
22.601906 -40.263325 1.0507414
17.339577 -28.436872 1.0390401
11.21311 -11.606152 -0.51153332
1.9119219 6.0645771 1.0114865
20.380936 -10.811475 0.71385151
-36.064884 3.5097992 9.9721336
-1.310724 -5.5186253 1.2190437
4.6705427 -2.3191352 -0.56642932
19.066496 -3.963438 -0.080461897
8.5925894 19.392044 -0.27728763
-2.3207736 -0.32727328 -0.076619513
2.0183177 -8.7793198 0.50283056
-5.2263823 -6.8873663 2.6227431
-0.78382665 -20.393997 0.80232549
2.2361259 -3.4327025 0.19526426
-3.0238485 -3.7785144 -0.033572052
7.9421959 15.876549 -0.18853098
-41.04797 4.8276644 9.7786627
1.4091684 -11.629172 1.3959802
-4.4775672 12.163678 1.7670288
-4.832006 10.912019 2.4977431
-4.4212365 -1.9517756 0.54122126
-36.836914 5.4081802 8.7935953
-2.1923296 -5.7208729 1.0376152
4.5878782 3.0295234 0.22856417
18.698822 51.662804 0.65290296
0.69554472 -8.5657358 1.0918787
-4.5051994 2.8555551 0.9541499
8.8213139 21.543291 -0.35356981
-1.9044566 1.9817911 -0.28368542
72.689034 32.444283 7.2223601
0.047488071 -11.59746 0.98267925
5.4826465 3.0757625 -0.80920756
-37.505829 4.2849908 8.7685051
-0.11617648 11.49463 3.2486844
6.0077906 1.7332448 -0.77106726
-5.3131375 -7.8622327 1.5060689
19.178497 -21.774519 0.035910718
4.1081128 0.59837633 -0.1762713
-50.122246 3.3209372 10.106624
0.22096509 2.6444349 -0.45131403
4.5119772 3.4402461 -0.18023728
-1.0269413 -5.6778302 -0.16549519
38.361099 10.038151 -2.0176144
0.50440335 4.5934696 0.2565445
46.204853 24.189783 -0.96546233
0.37203634 8.2227125 0.22470924
4.6841211 8.8838415 0.72130501
48.626747 24.053768 -0.61420393
-2.4170272 -9.6042871 -0.16086133
1.8300238 -8.8508263 0.19154581
94.048805 -47.827545 2.0754676
2.4203267 -10.761292 1.7114091
52.738625 24.48745 -0.70118409
-36.645985 5.9835725 6.1129208
1.0784789 -6.3471756 -0.15059565
-48.645893 1.0432369 11.562192
-4.7668509 -1.2632499 -0.27290091
-3.4899104 6.9744473 -0.43566275
48.184643 23.981344 -0.99025053
2.7390556 4.1100621 0.30136165
16.402966 -42.384205 3.3001316
4.9222159 8.9757061 -0.17931625
20.606319 -25.624981 -0.14367947
0.55817372 8.2326612 -0.51498872
18.642849 -14.659636 0.0098802941
114.71524 1.6490912 6.2684455
-4.7977695 7.195075 1.8851194
0.55768538 -11.577443 0.57459491
-49.65921 1.0811187 13.667431
52.956146 23.67771 -1.0788621
4.1459141 4.8329935 -0.56213856
-0.55551243 5.044939 0.95673043
-4.8731794 4.0655212 0.73367757
12.80668 3.7465596 -0.96922308
2.5134361 2.5734744 0.59404474
16.778332 29.05481 -2.1257687
4.2856421 2.5967999 0.20939232
-0.86425894 -1.0739037 0.25561258
20.814259 -5.6317039 -0.87169605
0.61996019 -7.4400001 0.48845711
-0.11642026 5.1091437 0.86877364
-4.7185078 4.1607132 0.78871119
34.272541 4.7223945 -1.6831559
2.3296361 8.0082588 0.36439016
-2.4508276 -6.3862653 1.164726
16.168388 1.6907991 -0.64302945
-36.447243 4.8067369 8.8097458
-45.629204 0.37978023 12.518432
-4.338007 -2.3777561 1.0524284
29.55764 -1.3874846 -1.3608627
24.175833 -49.459579 -8.1044273
-2.5930364 2.0491235 0.76312149
-3.2070668 -10.024021 3.1580532
52.918346 24.673883 -1.2389526
5.1728315 6.8892112 -0.25285235
26.299917 14.438815 -1.508646
-4.8266807 5.7173843 0.11929398
29.251032 13.659401 -1.5855585
-1.7860602 5.0922885 0.15440869
-0.87941939 -8.5340471 0.67713934
27.433365 31.035406 -2.2424006
-1.6453648 -5.7462101 0.63363421
-0.47876856 2.4505231 0.20366488
-1.8428239 -10.034627 0.90354383
3.5581701 0.14020596 0.61506402
2.8067317 5.6079898 0.70853442
-4.8281193 -11.477265 3.235235
12.037442 -1.3687289 -0.79201806
-4.6660886 7.2072096 2.4836202
1.0393195 1.8119051 0.57080728
21.006924 -32.26181 1.1516743
16.750746 45.475983 -1.0025586
0.24422571 -8.108408 0.68187094
20.411184 -6.5933609 -0.86816818
117.19536 0.98724473 10.494532
34.406506 -16.446022 -0.36401486
-3.5972328 10.898331 2.3910463
20.307413 45.200798 -1.2174331
4.5504694 1.8485845 0.19951405
6.6984701 15.836306 -0.18467087
21.633554 49.403587 0.81260657
2.6817544 1.0814117 -0.47827181
34.397343 6.2821789 -8.0236225
-3.3492138 12.189695 0.84523529
-2.499635 -0.36166024 0.61134839
34.590717 4.5609279 -1.6595827
2.4896564 8.3370266 0.30134994
-4.6211052 -11.300647 3.1819484
-4.4212918 -1.1364924 -0.35888171
5.1089883 3.335829 0.25685903
-0.39868593 -0.15792157 0.30419317
16.304031 -6.585361 -0.020071821
1.1164167 10.419068 0.0090162167
-5.2030983 -5.0218973 1.4285533
2.7722921 8.9439564 2.6452203
-1.7030833 8.3641605 2.3806984
46.145473 10.812865 -0.80297899
17.99037 -40.341496 1.3201375
-41.290745 5.0417643 11.161962
2.3181927 -5.279634 1.3344063
-5.1838374 -3.7195251 1.0248965
2.1462815 9.445507 2.7914321
-5.9031367 -4.7430506 1.5008955
-5.201581 -3.7441914 0.21687351
3.9824326 -2.7214906 -0.17705899
-0.53852022 -3.4549701 -0.43677726
1.7415162 -6.1947222 0.2142677
33.960331 29.063066 -2.8089211
4.279685 2.1882787 -0.53545749
32.215263 5.4199224 -0.3220672
0.88505632 -3.5154586 1.2361586
83.78022 17.253696 7.7404327
1.4298871 -3.8693445 -0.3506631
32.014439 5.7900119 -1.6091901
0.33752188 9.4261217 0.22159567
0.072388701 11.369244 3.2161438
5.6603189 2.8687539 -0.80469906
15.556676 -7.7440977 -0.5937264
-4.2051558 10.490011 3.1837554
-3.9581487 -2.0334229 1.0184693
28.153116 -5.7701998 -1.1963285
-4.6009989 10.253093 1.5704
-45.523792 0.36850113 12.523787
-36.294849 5.0768762 8.8132076
73.763664 30.175407 7.2310243
-0.21370006 7.3790007 0.61027068
-3.605803 -9.5982466 2.7272291
-0.13895305 -9.75177 0.8830955
-35.644669 5.0550203 8.3711128
-4.3552465 10.394217 0.40306076
1.1201934 -1.4695051 0.66602612
21.018089 -35.564175 1.1924305
2.3378799 7.0067863 0.30829942
22.88624 -40.467236 3.3013151
22.841671 -44.253002 3.2058856
15.017603 30.863108 -2.1982458
16.887381 -42.249741 1.3605114
32.614799 1.3501083 -0.39043301
45.952797 56.469513 -1.0118124
4.5529947 2.5595212 -0.49887636
19.237097 -19.806288 -0.066447906
18.76215 -7.2206001 0.0063937348
-4.3735576 -9.9989014 2.8637784
25.632069 -51.275543 -0.40989578
-50.18853 2.6991241 9.9214106
24.501116 13.472899 -1.3783141
-2.3804216 5.5779796 0.55160946
1.4627918 -4.9987497 0.13272239
-4.5953484 4.9909344 -0.42259151
-4.0503244 -10.473056 3.3585262
18.824646 -12.130702 0.72761816
-5.3247433 -2.6194577 0.30517527
22.041397 -44.002708 2.7831843
-36.416126 4.8476062 8.7341795
16.491606 10.658351 -0.19888781
3.0097802 10.175789 1.4972684
-49.218224 2.1588867 13.511776
3.2929215 6.7875342 0.87838238
32.021881 33.728687 8.8558321
-1.0335523 5.7036839 0.65987736
20.749794 45.072208 0.62684977
23.226461 -42.33556 3.1027784
-41.260189 3.1331542 9.5919571
1.808273 -1.6876608 -0.41269162
2.1746411 12.005381 1.2406996
81.895523 23.798502 1.7329541
74.809906 46.315853 7.9500871
2.5831137 2.2795777 1.2216655
-4.0602198 -10.505317 3.1811261
-5.3095078 -9.0703259 2.6662428
2.8516185 8.1658821 -0.55193383
22.597237 -40.511101 2.982017
11.871234 -1.7479277 -0.80588752
6.4246774 9.7834492 -0.85789871
31.679668 34.100567 8.8596411
81.899536 19.393412 1.7140783
71.588608 30.332184 4.3420539
5.8268304 7.5103397 0.029248958
-3.6927979 3.4794393 -0.50409049
-4.9053888 -4.9872894 -0.27072534
-40.656944 4.2960763 11.236902
-3.329716 0.97085011 -0.45139086
27.157871 38.946793 -2.695297
34.396885 5.7426696 -7.9971271
-2.5417933 12.141044 -0.028157175
3.4080038 -11.887385 -0.43308225
-2.9694002 7.4821033 2.3450212
-3.7358093 12.233979 2.1968818
19.973366 0.022513397 -0.13159569
0.84568512 -7.6764517 1.302905
16.663532 -42.418938 1.3702557
16.248066 -1.1568424 -0.61960346
-4.2587767 -2.5014853 0.95752859
37.847324 8.9476194 -2.0051842
-1.3680997 -6.8213058 -0.065399423
1.1278769 9.8279009 -0.8203178
-5.2123694 -3.703728 1.4661964
20.877535 -9.591691 -0.10100623
-2.5673318 -11.453733 2.2315404
21.977381 -44.659397 3.1478748
4.0128636 0.38632411 -0.21556476
18.68882 -1.4643619 1.8973557
32.198921 4.2858052 -1.5639925
-0.58715141 7.7076716 0.62413198
21.170549 47.120361 0.64898401
5.502768 9.8826151 -0.41837236
1.687986 4.0406871 -0.46157882
2.9432731 6.3277893 0.82442409
-1.5421087 5.46807 0.65503919
2.6081522 10.001381 -0.71201962
7.0577993 11.113886 -0.076136015
22.551287 -40.975571 2.6858928
0.038254436 -6.6604643 0.14343683
1.2400182 1.8079485 -0.11581327
53.789299 20.047516 -1.0604653
3.7097192 5.8935928 -0.37290302
-45.361771 0.34675977 9.2254438
-4.8249221 6.9903026 2.4590323
-0.52101499 9.7697783 0.71168995
21.268476 44.831894 0.19446692
16.780592 28.671204 -1.7599506
0.2495328 -4.1161628 -0.42007902
28.87924 20.360285 -1.8723465
2.1777985 12.005871 0.37858701
22.648607 -40.204685 1.6543033
1.0630045 3.8772597 0.58047134
18.230822 -40.993015 1.3361287
-3.5394316 2.8969336 0.18671992
4.5060105 1.5498666 -0.20341051
-41.325947 2.9068613 11.133656
34.333225 28.299332 -2.4136178
11.751856 -2.070358 -0.8016994
22.517584 -40.890278 3.0021904
32.687313 29.504393 -1.9645896
-2.2537985 -11.5044 0.98886341
2.1942351 -10.475819 1.5292443
0.25141162 -6.6278915 0.5499959
-4.8563981 4.9682617 0.59386641
0.29043451 -8.1999025 -0.07485795
-37.207043 3.6422148 6.2030172
2.9453268 11.858665 -0.039380953
-0.66509283 5.6744552 0.99409872
9.0096626 -12.067534 -0.4419978
21.106159 44.903198 0.94917494
-0.56442136 -5.1266918 -0.40916193
3.6591172 -4.3924975 -0.39900088
0.27471974 -3.4141214 -0.35527188
4.3388834 2.8540087 0.21372007
51.794922 11.686826 -0.90494919
1.0116322 -11.398451 0.1712714
2.3688123 -3.1247246 -0.1898858
-2.1842797 -3.7363451 -0.43493438
-1.531458 0.53379267 0.14313608
18.468761 45.167774 -1.010133
0.28615662 -3.9080153 0.98208344
-4.9225192 7.9510875 1.0036765
17.301641 -42.080399 1.4082378
-4.0306125 1.9463563 0.33968517
18.52886 -6.4510598 1.9962426
21.767933 -41.447006 1.6905344
0.20635144 2.599972 0.59594923
6.8663235 13.934209 0.41420463
17.85717 19.76148 5.277348
-36.294556 4.3101773 8.7066574
28.003445 -6.4249067 -1.2651542
35.223705 -2.1580362 -0.35224453
0.50747657 -2.1772358 0.88315427
0.18835235 10.765613 3.0611751
-0.62185442 -7.8936391 1.3339672
-0.044881463 -11.604655 0.96442109
16.412626 10.832815 -0.90368748
18.572184 -1.8215239 1.8934427
32.34594 3.6330914 -1.5595334
0.21329966 7.4004364 0.59480089
34.876537 4.322916 -1.7136307
3.142534 7.6707234 0.32170084
-1.4492458 8.3045206 0.94475943
2.9472125 9.1710682 1.3863426
0.65989155 2.5462556 -0.45656145
5.1093373 3.2911544 -0.13545343
-49.947121 3.2745688 10.090679
-0.24520536 -11.606067 2.6253612
1.1265433 9.3735399 2.3754444
-0.37553376 -6.7659349 0.44218856
-2.5519969 -3.7099144 1.2952064
3.4863384 -0.64063954 -0.46264595
2.6159632 11.896121 -0.037753377
-1.078687 5.7542915 0.99936408
8.6102438 -12.121498 -0.4310005
2.1990957 -8.9184828 -0.13518393
-2.9258969 2.4417808 -0.16690354
-47.466145 2.4982371 12.739836
2.939821 5.0672956 -0.13966912
1.7271414 -2.236763 0.17572302
36.588818 13.132765 -2.0094213
-0.56427115 -11.532141 0.98026836
-4.3852544 9.695117 0.76117724
0.90988427 -1.7482481 0.63963801
-35.687622 4.495111 8.3659239
-5.4304056 -10.999773 1.4440784
-37.902466 6.3771873 9.1234465
32.984959 3.0193698 0.73836726
2.2047989 4.2995973 -0.53665698
7.6495104 -26.006771 -0.0066951131
18.740847 -6.5618238 -0.066844538
-0.95599312 11.861814 3.3509738
16.676218 27.013575 -5.0373321
19.017519 49.595142 0.75350463
-2.6770427 -3.1468832 -0.038408309
8.1672144 16.592907 -0.20423797
1.8262725 0.6181376 0.61432993
-3.3561718 12.118843 0.40511456
0.15832019 -8.8932362 0.99802029
114.98621 6.0017514 6.2900205
-4.959136 2.4726691 1.1101631
82.335335 24.308878 7.7668562
37.563515 11.263478 -1.9857765
2.5270765 -3.1334987 -0.41847852
3.2087319 -1.8256969 0.34682998
-0.95064062 -2.5247908 -0.38473341
-3.6074333 -0.12690739 -0.017303197
34.466938 28.148571 -1.9870639
8.8038168 22.817272 -0.35281217
19.310793 -0.25597003 -0.11385898
3.0106742 -0.14441961 -0.47232723
27.568792 38.284599 -2.8371041
-0.73917669 8.7611198 0.96919584
0.22564481 -3.9127202 0.66335845
2.1673124 12.00303 -0.035696838
27.627388 17.556522 -1.671091
0.839863 9.3479414 0.19444671
16.673155 27.44208 -1.4327152
-0.23128118 4.4875684 0.62871659
-1.4020548 -3.7970829 0.99611926
20.274061 -56.682198 1.306304
0.5512833 12.01934 -0.030092156
-40.382057 2.3557458 11.147207
35.228252 27.232061 -2.4341471
-4.3961306 10.788465 1.2147596
15.77464 -7.3604579 -0.62799269
-3.5811346 -1.7157191 0.88046563
-3.684572 10.860077 2.818172
-36.852539 4.7270422 10.207696
3.133014 7.7650218 0.6390031
-1.2301844 7.1887984 0.10053044
-2.5823972 -1.3468885 0.60414886
-3.0881362 11.443402 2.7560782
1.6757742 -0.72384804 0.81820673
1.3045372 12.022346 2.963397
-1.0593154 5.6910019 0.3304629
38.758057 38.789696 4.5723753
27.366474 38.834656 -2.1836033
-4.8337269 -9.3569746 3.206013
-1.1992915 7.1796494 -0.028549509
-3.2962773 -1.1211368 0.69805831
-35.985729 6.0784998 8.7159719
-0.59104484 -3.0043833 -0.41976276
3.9815645 -2.2022717 -0.28217286
-3.9902189 2.0189958 0.30350462
5.1619444 3.7906556 0.80752689
-1.3514011 5.0811744 0.55847508
2.8169217 5.6167727 0.99139231
30.404633 1.5964247 -1.4230474
19.586214 -24.321434 0.037745442
0.093159422 -2.5870423 -0.40395811
-5.9741368 -5.618331 1.4591987
-0.55822891 9.8125706 -0.31337878
-6.4419546 6.7822151 1.6921735
2.2063856 8.231946 2.4945135
34.042686 28.914406 -2.4194772
4.5034194 2.266717 -0.096952349
-50.131721 2.3646824 10.115997
52.561573 19.827311 -1.2154227
126.67079 16.640774 6.9466209
1.9272816 -3.5529771 -0.32755503
40.347961 36.693027 -10.789027
3.7928171 4.7739282 -0.14799449
-3.1733508 -2.5086682 0.78010225
21.270536 -35.709068 1.2789613
16.664289 -18.002502 -0.029464399
38.53466 8.2712708 -2.0067241
-38.194988 4.0353155 6.370667
-3.1779828 -8.7971439 2.8323703
5.3432784 8.6152058 -0.077462025
74.972923 32.864086 1.6747611
17.285938 -43.874344 1.4568383
-2.5689912 -9.8410826 0.89625847
-41.690144 3.2369325 8.4431152
-43.907524 24.836412 13.642389
-37.440956 4.3385973 8.9750242
33.20409 0.8519094 0.74572766
-3.5917671 -1.1675812 1.2052176
2.4043224 2.0065403 -0.50458676
2.9347341 9.3958721 0.17573817
-4.0795832 -10.392643 0.16367577
0.59022158 -7.4329381 1.0002563
5.9524574 8.2036285 -0.70644987
-0.016584748 5.128747 1.221086
-4.7860799 4.3018398 0.80547369
-35.821026 4.0173659 9.8905516
0.1395501 -4.191597 0.60897684
16.731092 27.155415 -1.496049
-0.075138219 4.134716 0.53963846
-1.3151513 -4.2448649 1.0097206
0.62901443 7.7305179 -0.19551834
6.7353411 14.20902 -0.69725567
5.8858609 10.677166 -0.054006889
1.5906934 9.9975948 -0.69541872
18.359854 -7.3653789 0.63492298
0.47134125 4.8897729 0.57881218
25.558313 15.970255 -1.5176839
-1.5475712 7.9400797 0.61850053
26.437357 33.804195 -2.4088907
83.837013 25.405571 11.048195
2.2637901 -4.5167928 -0.31470722
21.373169 -41.090557 -6.8255091
118.8927 -1.7225984 14.888316
-1.7060198 -4.0719557 0.97283953
14.378611 30.996775 -1.8020996
-2.9407294 12.142038 0.40530518
18.757172 51.585201 0.65091074
4.5170703 2.6071792 0.25708359
-0.58780909 -1.0535471 0.2112394
-4.8931713 -1.922452 -0.15052475
36.921047 13.085389 -1.9911864
52.389801 19.940638 -1.0197041
1.4890546 -3.4580362 0.27228644
2.4705868 5.1104031 -0.069062196
3.3383017 4.926693 -0.50841486
-1.9323233 -10.686942 0.56536442
2.4165483 -9.6170311 0.86403066
-2.6036954 1.9501655 0.83725125
22.519712 -43.786686 1.4863932
1.1370147 0.22008656 0.22609723
-51.247158 3.5938675 12.146248
-1.6872703 -3.7542057 0.66017318
-0.65902644 4.5716519 0.077301532
-2.4512618 -6.9043751 0.96991473
17.404484 -41.10062 1.3352617
1.6634032 -6.1724935 1.3511627
-0.17775188 9.7081842 0.36804098
16.859901 28.624325 -2.1045687
31.9713 6.0763144 -1.6117102
30.611464 29.430141 -2.4344053
3.805836 -9.8567572 0.16686851
-34.78278 4.3507767 9.6466665
0.075018525 11.212005 -0.39644223
-4.0859098 10.781716 -0.40160286
-3.4687271 1.8063371 -0.43508166
-41.548389 3.1213057 6.9097824
77.788742 32.932632 1.7190301
53.364544 21.027817 -1.0502818
2.6479285 -2.2666259 0.25225633
37.295673 12.99824 -2.0235066
34.392712 -15.622553 0.96049273
-1.8558776 -3.1349347 -0.364086
1.7171565 5.0491853 0.58025885
-2.7405212 4.397243 0.16997513
1.1141022 -5.8518386 0.91406685
0.33775166 9.0828571 0.68257058
-4.7334127 8.5533428 2.0941799
27.019928 16.977852 -1.515592
16.19363 -6.7521291 -0.64834267
-1.4411716 -6.110682 0.60461211
18.417963 -40.247406 1.1934861
0.25681946 3.7681012 0.89800632
0.9603712 -8.6821365 0.50627244
14.563483 -26.454653 -0.074434929
46.135864 38.019295 -1.1947711
-0.87576056 8.0533466 -0.20224185
-0.12892948 -4.1584764 -0.42368343
38.212429 24.029716 -2.3844247
18.383947 -36.368587 -3.0526586
-2.1940548 -5.3880954 0.93091202
21.312561 -26.021687 2.2351785
40.368168 35.999977 -10.63331
-2.3481073 -5.6896629 0.63121569
2.3542454 -5.1724615 1.0277013
17.057859 -40.928486 2.6014562
8.849741 23.497787 -0.37355131
19.970274 -26.064955 -0.13917276
-4.3370824 -8.7842283 2.955512
-5.1769156 -7.7910929 2.5042651
3.520298 9.2056513 -0.67325884
-41.912743 3.253417 11.542131
-44.078945 3.1502438 7.3243914
21.391535 51.609013 0.72038597
-1.3920476 -11.510988 2.2107337
22.811449 -44.41647 3.1938653
17.025972 -44.034225 1.7573411
6.8044248 5.6048632 -0.8661105
1.0148181 2.6736016 0.95665413
-3.2791426 1.6463948 0.60310209
1.8900253 -9.7777958 0.74881619
29.457216 20.895723 -1.8691604
114.11761 37.266335 6.5444984
-2.1209884 5.0833616 0.87147486
6.195569 8.928443 -0.38833845
1.9778452 8.0480452 -0.51838952
18.529621 -5.9034996 2.0028505
0.25504383 3.4061155 0.96017885
-4.8996997 -2.1997705 -0.29425707
1.0960046 -8.8342991 0.50299126
19.13728 51.484695 0.1723469
-2.5407672 12.140162 0.39649642
3.162802 7.6952615 0.93468231
1.1253191 4.6569204 0.88865894
-4.8541651 -1.3588529 -0.27524906
21.823744 -41.843491 1.0638409
20.200277 -10.72471 0.71197176
27.157307 31.580282 -1.9652405
83.760719 18.59833 1.7417994
18.313107 -2.2065961 1.2270935
4.1369405 7.8806062 0.63903522
-3.1333079 -11.165169 3.4534516
-0.26905194 2.1926217 0.068535998
21.56595 -41.739006 1.3351295
0.44877225 4.4993682 1.2365355
1.2433649 -1.7632302 0.66633356
1.1712648 11.136438 2.4186077
-0.99382061 -5.7347698 0.91355199
21.622936 -14.313739 2.609545
17.688801 19.980871 4.3131671
-0.98840439 -7.7000232 -0.059920322
1.7598499 -5.8229585 0.16466036
13.250473 -26.075392 -3.1594841
49.005249 24.155407 -0.65923983
1.8719945 7.3940053 0.88085407
3.6257017 1.6212209 -0.55343533
2.6661038 -6.4342613 -0.28756928
-2.6071131 5.1848335 -0.055634268
5.0141635 5.4926543 -0.59115422
27.007301 31.803034 -2.4107893
0.54911405 -9.2358818 2.7559738
18.408726 -2.9198251 -0.07097239
19.594671 -22.367836 2.0009294
-0.75950122 11.962573 1.6497525
1.6138388 -11.567869 1.830863
-5.3645754 -9.8937016 1.3451983
6.3067498 9.0799179 -0.75304711
11.507766 -2.6225491 -0.77972323
-1.3535639 -3.3200402 -0.35966232
37.895321 12.648065 -2.0526302
34.480896 -16.236782 0.97897524
-2.9691777 4.7251234 -0.12771289
20.18869 -25.916138 0.79368818
-2.8439751 -6.402298 -0.2648541
7.7920213 13.050501 -0.11266602
19.962202 -13.170455 2.4547117
-2.883332 -4.6660271 1.0603751
10.82783 9.6389017 -1.1101524
2.1046951 -3.605401 -0.36960781
26.408934 34.671803 -2.4304821
18.543474 -0.17744832 0.55565631
4.1427293 1.4121084 0.2444714
2.6928339 4.5258303 0.98960167
-3.4558456 7.6484828 0.064979307
18.891285 -14.207003 1.5905216
0.95616102 8.5580759 0.65237069
2.7132432 9.1350069 -0.30455169
-5.6051464 -8.1937361 2.9705586
27.986677 -6.2899551 -1.2654376
-36.435371 4.7147074 8.7529058
-4.1884379 -2.5725126 0.62634683
-4.4629674 10.078113 2.637578
73.224548 45.95969 4.7940841
1.4327514 4.5834041 0.57995254
46.998253 24.061617 -0.62354642
-5.4091201 -11.172796 1.0294988
-3.7212217 2.1641779 0.98869634
1.2701582 -9.3720646 1.1818436
19.973848 -55.225662 1.5478388
15.10203 -8.3573866 -0.59648597
-5.3820105 -9.877883 0.95677269
1.3737674 7.6877384 0.61834848
-2.944665 7.1952419 0.35284427
21.314983 -35.341793 1.1956117
-44.083462 3.2290881 7.3122697
33.910446 5.8769321 -1.5517219
-4.8002677 8.4359465 2.0815048
-36.43948 3.5200934 9.8471432
16.410496 -5.7041187 -0.019544316
1.3707041 -1.3987408 0.62374276
1.1735927 11.32652 2.4030883
19.871056 -53.770775 1.5833368
-5.3659787 -8.3814812 0.87600082
-1.0743486 -7.5152483 1.2784157
4.9916086 -4.2973251 -0.52116233
19.935005 -26.563259 -0.12417435
-4.186192 -8.8041296 2.9395077
7.3340745 17.769344 -0.2312054
-3.468257 -1.7942382 -0.21103536
16.289301 0.17993699 0.0029231708
38.566479 7.5923643 -2.0264602
3.3632045 -2.3046777 0.067211792
-0.96608102 -2.9513235 -0.38268268
38.268456 12.809287 -2.0803616
-3.6266775 1.5779655 1.1265512
17.148083 -44.857647 1.0797933
0.36142349 -11.603828 1.8009301
1.5186822 -3.448875 1.3110276
2.4972289 5.1625881 1.0729555
-0.32605854 -1.1171583 -0.0028501283
4.1079578 -0.1426253 0.24637091
0.29796299 -4.5882945 1.2151785
-0.74193549 12.061292 0.31580102
-0.95579559 12.132298 2.5387127
8.258544 17.060488 -0.88671339
20.085299 -55.177399 1.6805838
3.133534 -1.1147056 -0.11654423
-1.570465 -0.16815399 0.43953139
19.246552 51.469704 0.80338311
1.2623477 -9.0732203 1.4809697
-2.2007344 12.09852 0.82576889
-0.15362254 -6.9327245 -0.25889832
-46.285706 1.0228771 12.834618
118.9919 -1.3494388 14.899878
16.827101 28.931089 -1.4948711
0.31473285 6.139432 0.58845335
32.155918 2.4570322 -1.5410616
18.54896 -3.00738 1.9144274
-4.7210097 8.1960392 0.063594319
18.802898 -12.763121 1.5262959
-0.082469516 9.0356827 0.67723972
-1.1701541 -9.6731796 -0.14697661
20.81855 -0.77474016 -0.8897118
0.56833911 -2.2076485 0.64699578
35.215183 -2.1252713 -0.4221369
7.4874692 12.588851 -0.61585349
18.194204 45.293812 0.18316641
-0.47568363 -8.2664089 0.77109855
18.550219 -2.6194654 1.9063368
0.29311994 6.5813136 0.56671882
32.130295 2.9396505 -1.5484298
-36.375034 6.6160245 10.135674
-49.654663 1.1105077 13.58604
-4.5413094 11.757803 2.6230896
2.683032 5.5934129 1.8791665
-5.3582158 -8.5613861 0.53707278
3.0208035 10.209565 0.74816334
3.5200031 -0.14768241 -0.17030808
27.631866 38.220257 -2.5998764
-41.858776 2.607764 6.9628615
-3.8391731 1.2411318 -0.44822821
2.8863952 12.005967 1.0049082
21.075577 -41.014336 -8.4862986
26.698723 32.603294 -1.904902
-2.6140125 -3.6212511 0.95165461
-4.6048799 9.3281364 0.75296521
-0.95473671 -11.602098 0.96756101
1.691993 -5.0140758 0.96049523
-47.705574 2.2931399 12.778234
-0.18590765 9.5363188 2.7413275
0.21249214 -3.4045682 0.59497893
-2.5740688 -6.6391006 0.70195138
1.7155637 -5.7151551 0.8936708
23.298401 13.76997 -1.1505404
52.780033 24.342772 -1.0979201
-3.9624755 -10.497057 3.3839731
-4.0022373 5.0658016 -0.54316264
0.32190084 5.7777309 -0.15862562
34.340652 6.0747995 0.72875053
-1.5843368 0.078467242 -0.038932923
2.2405965 -11.465631 3.0773816
-0.62809074 -7.8134804 0.64706939
1.2049043 9.0433826 2.2791686
-5.0428987 -9.8996372 2.6784091
5.7675228 9.7793913 2.4125872
1.9917917 8.1629629 0.65282518
2.4186525 -10.963687 2.5839136
-4.8053207 7.1848631 1.5759411
1.0372385 10.087471 -0.69211328
-5.2967639 -8.6149654 3.0362525
19.222858 -18.153046 -0.084659554
4.699759 4.3042264 -0.56786025
-0.022076776 2.5301297 0.45579425
-1.4074091 -4.9742131 1.316467
2.2320142 8.2364197 2.3613405
20.029968 -26.01536 0.99727261
-2.8024359 -6.9680829 0.21559106
0.27411243 -8.5738544 0.58555222
-4.8915944 3.0190609 0.75112969
-38.732578 6.7295246 10.620945
-52.249954 1.1116236 13.984813
0.908602 -7.0326309 1.2195079
16.389753 27.747074 -1.6818255
-0.47295165 5.0791173 0.28612155
3.6453924 5.9170671 0.57681286
-2.7600176 2.8101463 0.47274122
29.594427 -0.75647694 -1.3670852
-2.3780801 -9.8472414 0.90809768
21.616165 -37.004433 1.2523369
0.29224962 7.0059919 0.20936966
71.773338 35.049496 7.2457519
0.27626154 -11.608472 0.98280311
16.502066 12.397698 -0.2322837
18.807926 -0.84649897 -0.093205541
2.68332 -2.2772729 0.99145508
2.3266664 10.755318 2.8098626
14.88523 -26.412624 0.022298479
-0.067690745 -9.3071489 0.52649432
-1.9098306 -2.938617 0.58267814
-2.1352077 9.6083212 2.4562466
1.3920337 -11.563819 3.0679145
18.618914 -1.3222257 -0.80429882
1.5117478 -1.4202367 0.83397287
-2.9860597 -2.1041405 0.52274853
-35.589279 5.0929856 8.5559673
-2.8600011 4.6804466 0.71130508
-41.738613 2.9457173 8.4535952
1.5374187 5.3208218 1.0161518
21.250502 -35.400276 1.272846
-0.17071471 8.7501535 0.33525932
34.358574 -15.020722 0.9574784
-1.6392118 -2.1871898 -0.26310474
53.180298 23.182676 -1.0749252
12.476414 5.8247404 -1.0224575
74.524414 28.5553 4.4494081
-2.5544925 -3.6660953 0.66947287
-2.8986678 9.1771259 2.4065597
5.6722574 10.184519 -0.44998363
-2.902384 -9.4042397 0.19644925
-41.31221 4.5868196 9.8711681
18.695774 -6.9873886 -0.77295494
-37.063637 5.2322369 10.278374
4.6082959 -2.5237386 0.0011590036
16.826851 -41.359665 1.0340729
1.2421643 -2.1759238 -0.40372086
19.560238 -25.055559 0.040471483
-0.55794877 8.8492746 -0.25325793
4.787838 -2.7061901 -0.2204956
0.26400381 -3.4043088 -0.43418807
0.76950407 11.961766 0.79888415
18.792585 -10.937687 1.4655795
19.232903 49.527843 0.75879139
-2.7036669 -6.6603837 -0.030133773
8.118515 13.059155 -0.11812358
20.53546 -25.765667 0.79323846
20.019131 -13.104571 2.4516199
18.815695 -6.6024375 -0.060448404
-1.2303821 -8.2754946 1.3830123
-6.4733372 3.3843589 1.3862108
20.58602 -25.193213 -0.13791558
5.1537752 9.6169386 -0.39866537
0.86955148 8.1809025 0.33878854
19.206089 -1.0417013 1.2511706
2.6488965 2.8469329 1.3264606
18.764271 -7.0462661 -0.80738413
2.4430654 3.0064623 1.0197777
-1.9635905 2.1697967 0.41301751
19.181467 -1.4422047 -0.097981498
-2.1143045 2.0799277 -0.053921215
8.610919 21.81888 -0.3407436
2.7142043 7.3664861 0.59386182
-4.6601634 9.0178785 0.23296474
-0.14545153 9.7498331 0.70970964
31.959198 6.0310173 -1.5870262
16.827906 28.626932 -1.752329
0.28061473 5.7723088 0.21079098
1.439188 -3.9267876 0.96403915
-6.2848148 -42.930721 -7.7174144
-0.73956072 -8.0370331 1.6223634
16.464205 10.643369 -0.76380175
-48.488197 1.4409615 11.198393
-5.1755109 -8.8173933 1.5899454
-36.307396 5.8689899 8.742651
-3.8622439 -1.5133798 0.64145982
-0.20072314 11.999825 1.2298146
2.8825536 12.010579 1.2362015
-4.0392785 -10.371326 0.77454871
72.410728 34.516754 7.275641
16.404383 9.1709213 -0.8402943
-0.013309781 3.9939971 0.91178161
11.610253 8.3041744 -1.0844243
16.399576 9.1882763 -0.77205008
-2.5892367 5.6019578 -0.17400382
0.70013839 -8.5796099 0.49841949
46.141773 10.823612 -0.77015179
0.89703608 12.003886 0.38786802
2.8261805 5.2107158 -0.075723179
3.9730074 -6.8456526 -0.4352468
77.593216 34.592155 1.7271559
-2.1577098 -4.2361283 -0.15811615
2.5004075 12.009297 1.6768099
8.4728336 15.432277 -0.17913881
2.6502666 -2.4153354 1.28415
-2.3158836 9.5742989 2.8167412
-1.7948037 -3.5400002 1.0364113
75.930786 29.10729 7.3722377
116.79411 -0.6092025 10.459445
16.779676 45.492794 -0.56189805
2.1471465 11.188756 2.8124664
2.4508843 -1.6264355 1.0035324
4.6253743 3.0362639 0.61098254
-1.6748061 -6.8271079 1.3794172
26.228683 -10.344108 -1.2096219
34.445312 -15.006649 0.97400481
3.0361295 -1.4026654 0.25311518
-1.501569 -2.2552619 -0.36847958
2.0532494 -2.0045586 -0.40540037
2.7543998 4.209589 0.65708762
-4.7777262 5.9717302 0.11435486
16.63422 29.412916 -1.4992441
-0.10488185 6.5644431 0.6364159
4.2097044 9.3157978 1.4579636
0.48262352 -3.9002581 0.71838576
18.819164 -13.016614 1.6153387
9.6190262 -5.2286005 -0.67233068
13.36839 -26.707417 -0.062179126
-1.2611068 -4.0532613 -0.42497656
5.0486917 9.4466524 -0.12214207
20.446905 -25.371876 -0.14191382
-4.041028 10.80842 -0.40463492
-34.791382 4.4083977 9.6395569
0.14384033 11.991409 -0.028870711
2.1532488 4.6150146 -0.033180505
-2.5962613 -11.481677 1.8185604
-49.253067 2.4311311 13.450133
17.96426 29.250637 -5.4855614
2.3383629 7.1408253 -0.44932476
32.864819 5.6287837 0.71010309
-37.162807 3.8094599 6.2142529
-4.6726151 3.2715733 -0.3967706
-0.47399521 -7.2527132 -0.042740222
51.862278 11.173226 -0.86829352
-38.039169 4.4174347 6.3258419
-2.3538444 -11.458864 0.5782938
2.2198374 -10.713755 0.9375217
0.25537467 12.081859 2.0883741
22.129776 -44.534439 1.4093605
18.407663 -7.574934 1.3484632
4.5531411 2.6094542 0.58789313
-0.16159585 -7.3039598 0.21133903
76.506035 29.005136 4.5541625
7.1202345 10.524949 -0.50557232
2.669657 9.847044 -0.85745054
12.140141 -1.0526232 -0.79540122
-5.1133227 -11.001438 3.2063146
71.91143 33.833447 10.049678
-2.329416 5.6169477 0.13844241
-41.04784 4.0462546 8.3125868
2.1939311 6.5582566 0.63712192
1.3538796 -0.54709172 0.2043837
-2.9811337 -1.4371281 -0.34294054
1.3772709 -0.64685076 -0.082482271
-3.7640071 11.011649 -0.39832726
-3.0318515 -1.4012916 -0.40663239
35.407318 26.941957 -2.3825841
16.194887 3.1806369 -0.66886288
1.0308138 -0.20023833 0.50334054
1.4522768 7.4949384 -0.19332834
-47.652435 1.6178383 9.5892801
0.54146749 8.4733934 -0.53303361
18.597622 -14.18168 0.01131266
18.763618 -12.29857 1.5160966
33.479122 30.024666 -2.4628508
2.9684384 11.065839 2.1160748
21.208017 -24.699636 1.0314314
-1.7150198 -5.504828 0.12441864
21.639301 -25.81407 1.014514
-1.4267145 -6.6876636 0.22413836
45.924206 37.93198 -1.2484014
18.356581 -4.6112695 0.59942019
2.3419197 -9.7915926 2.6922574
22.356222 -40.665462 2.9514947
20.02162 -0.043770932 -0.12687212
2.8038576 11.497589 -0.47696441
7.4195275 12.226912 -0.095192559
18.318171 45.169724 0.69565773
-5.2105017 -5.8943043 2.4094059
1.7982881 3.1819046 -0.25589591
27.683996 13.167547 -1.6330589
2.3332641 7.6128311 -0.19996345
8.0390034 16.296631 -0.8448723
15.429478 -26.2283 -0.082552999
-4.443995 7.7749753 -0.54050934
15.675533 -25.761797 -0.083295926
0.35184366 9.1752396 -0.27139926
5.2973971 -2.472744 -0.028682701
-4.2274351 8.0553141 -0.55643868
33.054241 13.183655 -1.8051363
-0.28342813 -3.433382 1.0295506
-36.963615 2.9562626 8.7859888
-5.1681733 -4.0441008 1.4973673
12.605483 5.0276675 -1.0001657
-3.3670032 -11.454153 2.693927
18.330885 -1.8700941 -0.080002733
-2.2106361 -3.5118525 1.2987685
3.9861703 -0.37332973 -0.54927659
9.1583252 -11.979404 -0.42979294
2.820756 12.000601 -0.041152518
6.4264703 9.4354162 -0.82753462
10.23855 -11.867642 -0.48057091
0.42701292 6.002377 0.94603938
2.4522469 0.64105535 -0.46625835
34.393272 5.9661994 -8.0069933
-4.7388706 9.0103579 2.1694314
11.191295 9.095377 -1.2602681
8.1392097 -16.730419 -2.5729349
-4.0457587 -1.7046152 0.95616221
-45.632885 0.75706923 12.532802
-36.420605 5.520463 8.8059855
0.46811488 4.0804553 0.57937646
-52.192825 1.3100069 14.30808
-0.60697639 -4.2037253 0.9872281
2.938925 9.1778507 1.7310027
-3.6869714 -6.3299255 0.34195849
-3.9977367 -4.7028255 0.84670871
0.63337308 -3.7204499 1.2935312
18.474043 -40.79052 2.64905
27.365192 13.190752 -1.5532739
7.1645551 11.236117 0.38822407
1.8892796 -9.7837019 0.88004154
-3.3738186 1.6678244 0.89832252
-3.1011393 -8.823719 2.7549999
4.5321589 1.0601497 0.60185695
34.446739 -15.797197 -0.33722311
0.98847514 -7.3622203 0.21066549
-5.1868129 -10.692442 2.2445264
72.2677 37.251209 4.5266089
2.1169939 -11.603827 0.97664565
-3.0668304 -0.37222305 0.83925664
3.0572338 11.401429 0.38297656
-41.714607 3.7889652 6.7609763
7.5512829 12.19551 0.40757877
-0.59170407 -1.2378298 0.26293021
4.5199289 2.320236 0.22192088
20.453281 45.220604 -1.0661776
-5.2817817 -7.8563399 2.5100327
82.113358 24.118725 4.7504148
-4.1958199 -8.7964926 2.7674599
2.1419613 -1.3609669 -0.41059682
-3.1141858 10.388618 -0.40821177
20.071085 -26.434685 -0.17272265
37.805031 9.2447662 -1.9646324
-2.3673091 5.9217525 -0.53078598
0.53826576 -8.0566587 -0.072858728
-5.2972407 -11.324656 1.9082338
21.881201 52.591736 0.74118268
3.404309 -2.8949625 -0.43464673
117.36147 -2.4803052 6.406992
31.679556 29.35519 -2.4376111
28.316675 30.351082 -1.9030477
38.63694 6.8796916 -1.9703748
-2.4510338 -3.7612586 0.12355005
4.7751398 -7.2053432 -0.44213957
-4.7859607 -11.17776 3.1649346
20.038237 -0.11673455 0.57626468
-5.2250133 -5.3972182 2.0293076
0.48932803 -2.1991878 0.24407835
35.510036 13.148658 -2.0259271
21.753979 -44.816402 3.0789785
37.952091 8.7648754 -2.0629649
33.244221 29.52994 -2.432996
35.525578 13.371002 -1.9349848
18.345812 45.132214 -1.3135381
14.671111 30.941494 -2.1941061
22.770401 -44.088177 3.2149408
-41.690434 3.2165964 8.3909416
1.5278646 5.6823468 0.63594955
11.98894 7.1726489 -1.0483581
16.34473 7.6805792 -0.78716749
22.996567 -40.39529 2.9894476
27.670584 38.16888 -2.9581931
0.89617413 -4.1037235 0.98331958
-3.349107 -4.9075127 0.52500844
21.158165 -3.9488034 2.9205248
3.2679229 6.2425704 0.31474847
2.9161024 -2.6401145 0.58015192
-2.6680706 -9.1816463 0.77974999
0.8954882 4.1785951 1.2045156
52.872017 19.520245 -0.98662156
2.1447234 -3.7115574 0.24546717
31.496691 13.268429 -1.4923079
18.820505 -15.87292 0.0055580279
0.90503949 6.8044968 -0.6175015
-4.9045687 3.6552112 1.5949208
0.23735417 -7.7706699 1.3030373
3.4257381 3.7042279 -0.57848644
3.7995968 7.1721773 0.62579185
22.897371 -40.437241 2.982255
18.198408 -41.040592 1.6636425
-3.5755947 2.8860469 0.54226679
1.9182638 -8.7858343 0.50512546
-1.0937566 5.5166659 0.22414444
3.3006387 6.3008485 0.58509755
3.5545421 -7.2986407 -0.97644651
1.1407013 -4.6467185 1.3337073
32.333832 4.0847201 -0.39682397
8.8335171 9.4316816 2.6603277
-3.0371904 2.3192217 -0.43457699
1.3118932 3.0579796 -0.12362193
7.873693 13.822429 0.41968194
118.76987 -0.59912235 14.871886
81.203003 24.563797 1.7253785
33.354042 13.141621 -1.5691389
0.28771177 6.1281447 -0.54479563
3.8249247 7.1619062 -0.23543291
-3.2519825 8.4424257 -0.56085843
0.74649942 12.039143 0.31042498
22.047911 51.314896 0.19115815
7.1470265 17.673962 -0.90237808
-0.43516254 -11.602662 1.7718874
3.8229277 -12.226717 -0.44826305
27.376055 38.575016 -2.6161773
1.7606102 -6.5473166 1.0128744
83.768791 26.525089 7.9422903
-5.4494185 -10.275131 3.0363479
47.736336 37.345211 -0.79539162
52.810223 24.438915 -0.7869274
3.6513319 -0.12629974 1.0025553
18.314098 -1.8138824 1.2216331
4.2417393 8.1111689 0.65649909
83.6922 18.859917 1.7416302
-5.3685188 -9.3627243 0.1864578
-2.2888348 -0.34870681 0.058888063
3.141829 -1.4391426 1.2323229
-2.9546084 -11.452555 2.6732471
81.687935 21.118124 1.717591
-43.283421 23.8776 13.354012
1.3551625 0.23171714 -0.084298521
-2.8227715 -0.65883917 -0.40413469
-40.361652 2.6743665 11.222992
0.26610455 -8.1132593 0.2132127
6.5672679 10.591637 -0.051889434
-4.01232 -8.8815384 -0.15657735
-4.3705821 11.239731 0.78247792
-0.73558927 -9.8317337 0.88969254
27.611822 -7.6754136 -1.2400852
-4.8261571 8.3237152 1.0420231
-36.519356 3.1663914 8.6805429
5.4575739 6.5923719 -0.85173291
16.761108 27.129856 -2.0224934
30.999937 13.11093 -1.7029545
18.541759 -6.8693457 1.9959757
-1.7034632 11.997957 1.6696815
17.219439 45.604599 -0.95352334
-2.690767 1.5954583 0.21970962
-5.2046819 -3.5527413 1.4099482
21.755238 -41.139694 1.0429503
-3.7977583 -4.4915295 0.030384153
1.1354944 11.99668 2.0867741
4.7094007 4.1227579 0.57064962
2.234118 11.954849 -0.036186818
-2.9394505 -11.462641 0.17748055
75.257042 30.937717 10.282726
-0.92473465 5.1757741 1.2402576
-0.027022477 -7.3444896 0.98784977
44.109924 0.19850528 -11.770313
82.551788 22.73288 1.7387522
1.7299653 2.2147965 0.55384362
18.443962 24.825306 -1.5852257
5.6428261 -1.2598499 -0.67095661
17.645935 -32.841785 1.2089503
0.0075206747 9.7257786 0.70741361
32.007374 6.0193596 -1.5636859
32.67514 29.501774 -2.4086525
-1.4692439 1.9860152 -0.42293981
17.372637 -28.363731 1.0377553
1.0625401 3.8453398 0.87465173
19.195126 -18.837284 1.7555542
34.963627 5.085906 -1.7269331
3.0064776 8.4704008 0.35119194
-5.1610513 -3.8632269 1.3882588
32.254803 4.4685354 -1.6061271
-49.044544 3.459583 13.470373
2.3633506 -9.8389578 2.3369138
-37.827866 3.5747228 6.2955952
2.7117705 5.5237117 -0.097981915
-4.7966127 5.1151338 0.60565019
0.69206893 -6.6610293 0.65568614
-4.4737639 10.198705 -0.018757902
0.46690136 -1.419248 -0.096781805
-3.8643093 -2.2801304 -0.42910045
0.97922421 5.9056039 0.61272675
-4.4502621 10.712584 0.31409732
32.875546 5.4170604 0.86836386
4.1184559 8.675251 0.32712483
-2.8299549 5.3323674 0.31746355
82.224731 22.92194 1.734266
-2.7280493 -5.1925788 1.4427506
3.2039266 -1.6053296 -0.44944471
-41.676399 4.0826607 6.939302
-3.9799047 2.8454523 -0.48307577
16.381901 -43.29361 2.9852753
0.70878631 3.8479817 -0.2173751
2.5902884 -9.448926 0.86762488
-1.795735 -10.003547 0.53192109
-2.6050162 2.0195854 0.86937869
-3.034127 -0.65134221 0.7240116
-3.3505447 12.186034 2.6274595
0.77647454 -11.608556 0.57445192
-3.824692 -3.2337887 -0.27409837
19.418779 -22.503868 0.7697556
6.9410572 16.210232 -0.19495526
-4.7906094 6.5230837 1.9117013
-5.2028184 -1.9728261 0.76285881
-2.0087383 -10.092696 3.1074851
-41.577206 3.3710508 6.7721491
-2.6240711 0.21758187 -0.4015013
54.04565 19.272484 -1.0374234
-7.3722596 8.0154066 1.1572845
-5.3307099 -8.3548679 1.5626262
0.68884295 -5.0197062 -0.40419215
-2.576555 -11.480422 2.6617327
50.563801 36.355766 -0.82520908
12.132371 -0.9744398 -0.82733768
-5.1377988 -10.978724 3.1573741
-0.75928628 -7.7454038 0.21394795
38.535313 8.2217722 -1.9773916
-38.220169 4.0386095 6.4049306
17.416065 -40.894436 2.608433
1.9369351 6.0431771 -0.56444901
16.301533 4.7066202 -0.10166966
-2.567364 10.513013 3.0681705
3.5820239 -0.086955547 -0.47779572
-2.4643476 -3.565877 1.265669
1.1305437 9.6141272 2.3900516
-0.74353313 -9.1268148 -0.1213484
2.4349499 -8.7914181 2.4536963
22.780712 -42.735344 3.1017506
6.9027948 10.302428 -0.92831194
19.035641 -15.706219 1.6585989
0.84927523 6.9404507 0.8235355
-5.0984254 0.17951812 1.0558364
121.54154 -5.6760721 2.3493772
19.060101 -19.380026 -0.092410728
50.941017 36.148548 -0.82854676
-2.2011781 -11.476386 2.6465812
33.229687 29.564703 -2.3763082
8.1338482 -0.20098352 -0.7612161
20.187305 -26.106144 2.1725409
2.077538 -3.512265 1.3077481
-2.3690915 -4.3756089 1.1002127
13.802397 -26.608282 -0.066338681
-0.95285738 -4.1197228 -0.42907813
-2.9457598 -0.13439299 0.073640287
2.5957704 10.69474 2.7286699
2.8867409 -2.1646295 0.56075066
100.29761 21.667194 -1.5441638
2.3091264 7.584043 -0.20841661
0.40251523 -9.2264147 0.20577368
1.4828911 12.020735 1.2328535
3.015481 11.048137 0.78309256
-3.0621722 -0.61189818 0.83850932
-5.4180179 -10.429362 0.58425027
49.649296 24.27532 -1.0133122
33.118488 1.4117393 0.84228885
4.238718 4.5428181 0.17086332
1.4127162 5.0634074 0.23196636
46.91613 24.428656 -1.0140601
2.7215321 5.5966792 1.2247053
1.1296263 9.1015635 2.3169703
-35.974411 6.4015532 10.02882
-4.3824115 11.972051 2.6486368
-0.69959849 -7.5735264 1.0073971
19.646591 -5.6499324 -0.79101145
-2.0811114 2.9165866 0.19396481
0.33846265 -6.1646538 0.92504877
1.761517 -2.9990468 1.0129108
1.5926365 9.6307364 2.8018014
19.891911 -25.95948 1.9835397
0.51298434 -4.1479626 0.87441492
-4.7086558 7.3027954 1.1624093
-36.269871 2.3657143 8.6800747
-2.808471 -9.2237034 0.86281896
1.4068962 -8.7382851 1.4404371
17.019293 -43.252998 1.3829818
12.057032 -11.046754 -0.52888459
2.6386774 6.9491491 0.83489954
3.7263436 0.26363975 -0.17194386
6.5493526 12.093209 0.4074778
-0.75345296 11.968232 1.2273349
-45.712223 0.84834462 12.353798
19.584705 -22.135626 1.959995
32.700554 -0.077527314 0.83270651
-1.4941339 -0.40604404 0.32347351
-5.1958313 -8.1171179 2.2315695
0.84448832 -4.9976649 0.22590025
-3.790344 -0.75119257 -0.40619051
116.37719 -1.746786 2.259908
0.78761113 0.37200511 -0.0093186125
18.534081 -6.2541246 2.0090268
-3.3578107 -25.361805 -4.5074396
-5.2031932 -3.6586905 0.4301298
21.935753 25.753435 5.3662539
-3.8288574 8.4536304 2.6646426
1.4932919 -3.0398998 0.25155759
52.346169 20.222836 -1.0180154
-2.9868429 8.5260754 -0.56157881
26.304525 34.631508 -2.4046841
-3.48172 7.7927942 -0.25812447
40.217827 36.209011 -10.639701
0.23107931 11.940804 0.38670039
-4.0313616 -1.5276955 0.54733062
-4.7373209 11.445939 2.5824764
4.9950347 8.5883093 0.34080681
0.19890189 2.0524442 0.29538605
21.829527 -41.830196 1.3729523
0.24747413 -9.263958 0.96533453
-3.4346712 11.977239 0.40344912
-5.9296494 -5.0265508 1.4266046
2.2777882 9.0351858 2.6992164
-2.090167 8.3731728 2.3679998
20.414116 -6.2674284 -0.84607691
75.756554 46.225067 1.7910625
0.325371 -7.8422332 0.61613345
13.456978 15.783587 3.4158077
-0.52256304 4.7725124 0.81364459
-4.9027014 3.988414 0.69716346
-2.2419591 -3.6545329 0.60522616
8.2268677 0.24623565 -0.80586404
1.8513451 9.8402996 2.8750842
20.350876 -25.956245 1.9736773
2.3252845 -2.993402 0.92353112
20.670641 -12.021824 2.3744709
16.423426 -42.20327 2.9502678
-4.9623475 1.8942068 1.6278431
1.1289648 4.9618778 -0.065573834
53.259766 23.208508 -1.0702766
-3.0088568 -11.327675 3.5032971
19.587378 -25.046604 -0.12751022
0.74869353 10.034527 -0.68305606
18.5814 -12.529822 0.01247119
-1.329475 8.3448915 0.65162271
25.52408 16.032604 -1.5139101
2.9796147 9.1661901 1.0425498
6.9085698 14.93297 0.40981224
3.2651989 -1.3507204 -0.052109912
17.1826 -44.793026 1.4234166
123.48853 12.678201 6.7581663
-2.8780618 9.2196093 2.3949718
0.75689578 -11.604355 2.6064315
19.686424 -5.6735106 -0.81882691
-0.7027781 -7.5755491 0.74429339
-1.1186846 7.1709137 0.35008183
-0.058917873 -0.77457058 0.24548118
5.0331249 3.1300209 0.24816288
-36.50243 3.5647731 10.116098
33.58382 29.783176 -2.4739571
2.3083391 -10.180161 2.6220806
22.075148 -44.003635 3.1433327
16.373714 -8.8372221 0.0043731751
2.335593 1.0650431 -0.47467911
-3.084846 -3.2831457 0.98025846
-3.5607252 9.4935827 2.8870347
4.0433512 1.079854 -0.1212819
8.3422747 -12.141557 -0.42262858
-1.513707 5.672864 0.93941623
-0.40993834 -6.7483344 0.44337037
-5.1870699 -3.7680724 0.43395868
33.232014 -2.4592047 -0.37343705
-1.4335998 -2.6073198 0.92165291
3.0188198 -1.7446305 1.2434454
81.248116 18.206884 7.5424738
18.858015 24.79138 -6.0819073
1.2995782 2.7132771 0.64742684
1.2683033 -6.1559539 -0.17089115
-48.328236 1.0518458 11.51475
-5.3306184 -9.728281 0.18314938
33.952892 6.1387815 -1.6877766
-5.770267 -2.806288 1.5047697
-4.8048196 8.0929003 2.016902
2.5674746 6.6217918 0.21943121
2.4085581 -5.2338338 1.0075579
-1.7257149 -6.3220749 0.63157904
18.293673 -40.240551 1.0036334
16.230217 -1.4091454 -0.61933112
-1.0077585 -11.465851 3.4540875
-4.2950878 -2.9279583 0.99673396
-37.706402 5.7293835 9.0634661
-5.3236957 -11.342895 1.469625
1.2063087 10.622481 2.2674744
0.035422113 11.70686 -0.43165427
-34.793304 4.4176693 9.5750828
-0.73836392 -6.0000629 0.6333214
19.618181 -22.285217 2.0084267
-0.38199005 11.993941 1.9036952
-3.8881822 -1.5743661 0.91474646
14.469279 -9.6423559 -0.60305339
2.1242149 5.8943954 0.58531475
-40.940514 3.3927267 8.301672
-2.3135633 4.9008112 0.33920163
-45.342113 2.4707272 7.6333842
-3.3959827 11.675736 -0.44110581
0.2678242 -9.5057478 -0.14342321
-1.9062823 9.6148329 2.3950756
1.8206022 -11.524516 2.6504848
0.2014688 9.9084883 -0.6664294
0.52656782 -6.6244884 0.21720421
-5.3033266 -9.8294554 2.1237237
46.585918 58.356522 -1.045012
-3.0662818 -10.481885 2.878763
4.1715999 4.9361978 0.11667408
33.091187 1.7866244 0.83894789
49.646088 24.452011 -1.0398763
-4.5734715 10.724363 -0.010715012
-1.9370738 -1.4510429 0.86071402
-3.2103386 1.3836433 -0.4647201
1.3885522 7.6799726 -0.47870088
-4.7840209 4.7819171 1.2896069
0.62948984 -7.0282259 1.3144844
19.954975 24.113186 4.9960523
-5.1816769 -6.4195528 2.5111265
17.314753 -28.500254 1.2468596
81.974907 18.761036 4.6732135
-50.329987 1.4926392 12.019004
-0.72534055 -5.7520828 0.53015721
27.631592 17.513575 -1.5868982
-48.397472 1.5234253 11.531126
1.4146097 -5.7354569 -0.1822114
-4.192977 -4.7934141 0.6525929
-4.647212 8.2245302 2.6728828
3.0845842 6.651114 0.60195583
82.61702 17.256365 1.7180991
-1.4003694 5.6546731 0.3376039
-2.9402914 -5.1852665 1.040557
10.979648 9.4184628 -1.1072582
11.953885 -1.5527745 -0.79514813
21.342873 -12.301797 -0.11396557
19.724543 -10.80332 0.66939288
-3.8973765 1.6144609 1.2050008
2.2158306 5.0406842 -0.45317298
1.2968913 -9.8164701 1.5773908
7.4059124 -6.6173205 -0.56603968
0.8043341 -6.4988008 1.3690318
8.6758575 22.910992 -1.2242546
-1.7148546 -1.18309 0.26852432
1.1290884 -0.59643865 0.27683336
34.918098 -0.036293101 0.82140708
-5.0951552 -3.9905264 2.0017805
124.044 14.315151 6.7961173
5.3196974 6.3255062 -0.81784332
-5.4193497 -10.464881 0.99043655
11.623476 8.3289499 -1.2316313
-3.0032129 -2.3818529 -0.40219468
1.3020597 -1.2898836 -0.15598552
-3.9498272 10.102887 -0.35583764
35.690392 13.637596 -2.0087223
-7.9795284 5.6068506 1.7617431
18.773905 -10.646544 0.68985432
-4.6693568 8.7289867 -0.0016861432
-3.1030138 10.379962 -0.36197212
0.59188712 -11.035538 0.17403646
-1.7056752 -11.436382 1.7939354
2.4151704 -10.620912 2.1110623
-4.9672456 2.4331245 0.54203928
16.736481 -41.241524 1.6666379
0.85437554 8.9750004 0.28259379
0.90800035 -10.797215 2.8835483
-2.3577354 -2.2122076 0.57329482
1.2517208 4.0734868 1.2070848
-0.50487489 -10.235863 0.18996079
-4.1482458 10.998261 -0.15070607
-3.5500979 -1.4702246 -0.40149197
-1.3972125 2.3544939 -0.42346886
38.539745 5.9027643 -1.9403394
35.162212 27.17024 -2.3812118
-2.7361264 -10.072518 3.1590054
5.7176552 7.1225119 -0.28375378
48.931404 16.642618 -0.67431676
22.098162 -43.943359 3.1567121
28.771971 29.993002 -2.2795236
-4.0945597 -1.4251108 0.99917269
16.149485 0.19033089 -0.62642932
-1.566167 0.57404882 0.5010584
-0.099243924 9.0661173 0.26473835
0.39393231 8.5934029 0.65621936
34.394665 -16.043182 0.97370595
32.90226 29.528725 -1.9824739
0.51410943 -0.22210066 0.24823898
19.292994 -20.186161 0.73917693
7.1513162 18.610209 -0.24240325
-3.7892871 -0.95785594 -0.3451696
-2.0719357 -4.9689593 0.66402787
21.247965 -25.891079 1.9905907
2.054812 -4.1208448 0.92429572
20.028917 -26.179081 -0.14380389
26.428726 34.919662 -2.3703578
4.5564857 8.5233259 -0.085690521
-0.32160929 9.2318087 -0.28031307
8.0291691 -16.806704 -1.9069507
29.774248 22.053373 -1.9249449
1.0350184 -9.3170366 2.7413592
77.14743 31.806475 1.701678
-36.220749 3.5703537 10.02299
0.24903178 -3.4253726 1.0184804
-0.28804046 9.5356674 2.8210607
-4.5997119 8.4551105 2.5368547
-0.55061811 -10.668677 0.53811198
-4.3680825 10.485356 0.36507306
-4.2483125 -2.0671124 0.54455477
-4.7095809 10.469269 2.4120376
13.374782 -26.822992 -6.5158229
0.48329973 -7.777339 1.3079239
2.9833496 9.1440172 0.70456409
0.96704489 12.005803 -0.031136198
-36.406715 4.4229035 9.960351
111.4005 -3.2891726 -1.7017064
117.43321 0.24986915 10.514891
0.83052802 -8.1082821 1.0349286
4.9657316 2.2428441 0.59287483
22.580761 -40.285774 1.3417078
1.0417407 3.8462801 0.20466858
-36.760284 6.8156486 8.874114
16.385597 -8.7750387 -0.011117497
-37.696381 4.1197696 6.2933621
-2.3871214 -0.60185146 0.87008649
-0.06967546 -11.605911 0.54839665
17.707478 -34.422775 1.2074552
-4.4678636 -1.9477443 0.39022282
22.158478 -42.360355 1.3981403
0.52694464 1.8427316 0.19462037
-49.930737 1.7841781 11.856451
27.502117 -7.7541008 -1.245432
-1.7578086 8.1140728 -0.054266904
-7.9799471 4.8302236 1.6708878
1.8409498 6.5180745 -0.61119074
16.322212 4.8064604 -0.09777426
21.638128 49.40057 0.7727046
0.76999074 -9.5953102 -0.15598658
-4.7488656 2.3621664 -0.16500272
-0.18941732 4.4630446 0.98191077
0.61812466 -7.760551 0.61774528
-4.7591434 3.8932948 0.56757247
20.030312 -55.203011 1.18699
40.500668 36.4832 -10.782327
4.0798035 4.7387786 -0.29802403
-0.024129305 6.7982712 -0.61613476
-6.139883 3.3873322 1.5549364
-0.18064551 10.801077 3.0733056
6.0651159 1.4828786 -0.80273473
3.1234901 -1.4482075 1.0548931
10.375079 10.337429 -1.2056473
4.2370076 6.9252739 0.63995564
0.88225603 -5.7291188 1.4383649
7.0563421 -2.5898569 -0.66062349
-48.490841 1.5172417 13.154143
-3.371289 12.200739 2.1756089
16.422979 9.2122746 -0.71736264
-37.223778 6.8809581 8.9935656
-5.1941676 -10.073174 1.3625923
8.2726603 2.5444007 -0.79836011
-46.908566 0.95409679 9.1589251
2.2297502 6.4625306 -0.62080908
32.864902 5.4225702 0.72366071
-2.4479525 -6.0487885 0.0031734845
20.657608 -25.583958 1.0104042
-3.8042815 7.9276032 0.076083705
-1.5309489 10.796347 3.0917966
33.82288 -2.2327914 -0.38653958
-4.5472693 11.437156 1.6933172
2.0450819 -8.7925587 -0.11853521
83.689644 21.399452 10.899117
0.29151148 -5.8035002 0.54240137
38.504543 10.85667 -1.9891419
-1.4848528 -6.2066569 -0.093688734
34.100643 -0.020196134 0.78322917
2.7861981 7.5825157 -0.50725406
0.63092685 -5.0452514 -0.29981416
-5.3210821 -8.2553282 1.8944954
-1.6965718 -9.8424826 0.87980962
19.819967 -53.799973 2.0968986
3.8580768 0.6158244 -0.47797182
18.389044 -0.86145651 -0.088107273
-5.2595673 -4.9228811 1.1862037
-1.1131189 -4.2343578 1.3326342
-4.594121 10.596914 1.7578133
21.860933 -40.622162 1.3445801
0.23537934 3.3850114 0.23206864
-5.0733371 -0.24618654 0.15734883
11.535091 -2.5639615 -0.8031736
2.1591206 -7.4618607 2.4340904
31.365358 29.391617 -2.4223835
32.147362 6.0485783 -0.38813469
2.2794504 -5.294384 0.52215469
38.877254 22.871483 -0.85139847
53.364979 21.29949 -0.68744284
1.8076959 -9.27876 -0.14444931
30.478346 29.647352 -2.344718
18.569529 -14.191398 -0.064934872
-36.396175 6.5305367 9.952651
17.175762 -28.571962 1.0045483
133.18448 1.9567914 16.640739
19.554739 -53.899925 1.5879815
4.7895532 -4.3238964 -0.50542402
19.024813 -5.8072023 -0.07473097
-1.3166908 -7.4087667 1.2644354
-3.5515339 -9.000967 -0.14638063
19.600681 -20.739716 0.87852591
1.8242798 2.2223535 0.27130061
18.43474 24.819139 -1.6171941
-3.5265806 -1.505836 0.20447636
1.4933366 -4.6986747 0.15941577
35.913528 41.514885 8.5700026
24.555578 -41.37616 3.0963893
18.300009 -2.9977419 1.1901348
-49.896057 1.3994236 11.856612
-5.1870098 -7.3913956 1.8890103
-48.486031 2.8097472 11.514419
0.96646827 -4.0164814 -0.34459439
32.697163 -0.029776031 -0.4070209
-2.1483409 -0.30182388 0.53111285
-4.1166553 -10.400009 0.91683745
-36.745617 6.6371431 8.7493629
-3.5890532 2.859777 0.80272073
1.8971461 -8.7895584 1.1009698
0.86801809 3.7622256 1.2342523
-2.4923332 -9.3677626 0.52995133
-4.0783439 2.0151036 0.79887855
-36.210773 6.6793742 6.0952268
18.7756 -15.765331 -0.073450781
24.153982 -41.636211 3.0674984
-1.4198294 -7.3585405 -0.043682206
17.577433 20.172941 4.3227973
0.48269045 4.6569705 0.92315584
85.636856 16.481794 1.7656692
8.6139593 21.005407 -0.32105222
-2.2682958 1.5751035 -0.030454746
-0.5155338 -8.7481813 0.5266757
17.577782 -31.373379 1.2277288
19.876801 -53.76907 1.639412
-1.6980743 -9.892417 0.53820658
26.818094 32.44833 -2.4273071
5.1013188 6.2620268 -0.68567169
3.0063345 11.869356 0.81752539
21.462299 -10.510157 3.2701261
18.314169 -2.1636488 1.1824489
3.7502661 -0.48265293 0.65060622
24.185009 -49.66967 -6.1572318
20.841911 -41.247768 -8.5034018
33.296635 6.121685 0.71319729
-0.63359886 5.7058997 -0.076734796
-1.9816366 6.7417459 -0.13385479
46.223503 24.102573 -1.2858341
-3.7586131 9.669446 2.5726154
7.2205501 16.597511 0.43782997
-0.18936481 -11.511982 3.032819
27.429153 31.069216 -2.4106081
0.59459943 0.64895666 -0.0062176543
-5.3031368 -2.5105624 1.6159827
12.789121 3.8920429 -0.97440755
8.5717735 19.891863 -0.29234061
-2.1451395 0.23918934 -0.17633323
-0.5967955 2.2813015 0.11138807
-3.0196292 1.6715586 0.1943419
25.010633 -51.64119 -2.4253278
-3.7863023 8.3955269 -0.25607479
19.20937 -10.805065 0.69109792
1.7215203 9.5217047 2.7867658
2.1653137 -3.390758 0.61416072
49.074543 24.483158 -1.0674952
3.5551438 4.8326011 0.13250847
53.214558 23.21241 -0.71371716
-3.7243426 11.216638 -0.43288386
-0.15041274 -9.6256742 -0.14274532
18.949675 -1.1820781 1.9145763
3.9845243 -2.8538549 -0.34802067
84.66555 -16.03273 10.874778
4.9944506 8.5571489 -0.17627399
5.7011266 -3.9731901 -0.57251632
-38.771614 4.3181882 6.3749719
-3.4287388 -8.6019793 2.8156295
19.433676 -4.693819 2.7502463
-3.2294667 1.7037899 -0.37298772
38.965065 22.600069 -0.82078302
53.396217 21.035376 -0.67606688
30.625256 29.447683 -2.2945492
83.425781 20.21629 10.832793
19.576714 -22.527529 1.9815701
-45.707893 0.7275396 12.321753
-36.422478 5.5221109 8.7653084
1.5899433 4.6443901 -0.020628063
16.835514 -42.720097 3.0348489
-36.579056 5.8741035 7.4493814
82.091827 24.206038 1.7380751
-2.8410819 -4.4478364 0.41451445
-3.2755556 8.062706 2.509299
22.17425 25.412643 5.3529549
4.3009853 6.56533 -0.80981541
18.324501 -3.4030139 -0.0698459
-2.8450143 -5.0032363 1.2736508
3.096911 -1.7112883 -0.43788701
20.265923 -10.744523 1.5261425
2.2348046 12.006397 0.79513818
-3.6462708 8.3942766 2.6322911
-3.350771 -4.7818131 0.42757484
16.091896 29.192705 -1.7659721
21.12743 -37.604748 1.282403
71.857254 35.636505 7.2747741
-5.6112223 3.3744299 1.0158393
-0.54858375 -8.2816896 1.0827188
0.50064182 5.4015508 0.57827622
-3.3209562 -0.22695673 -0.25469184
7.4252834 19.415064 -0.26559407
5.2288671 3.8427486 0.23725805
1.265092 2.6768732 0.27282599
19.293537 -20.203592 0.87699008
-5.1677604 -2.3951542 0.22249959
21.890759 -42.478004 1.3837904
0.2913968 1.4165828 0.21752408
4.5199046 2.2158604 0.62402034
1.2869767 -6.166481 0.97960782
2.48804 2.1818428 0.65554607
12.820284 3.4247928 -0.96143401
81.706619 22.531794 7.6719918
-2.8040304 6.0040922 -0.54940498
18.645546 45.29063 -0.57306433
1.7117149 12.002892 0.79605895
19.811516 -10.669674 1.5030462
17.261711 -43.215816 1.3822788
75.153046 33.225117 1.6800091
7.4388566 18.695955 -0.95268917
3.0155406 11.057491 1.795375
20.809954 -11.703714 2.4321651
-1.7034407 -5.5139365 -0.17155281
37.584835 10.770535 -2.025075
30.705418 13.333166 -1.6926869
4.9959574 8.3268051 -0.096030436
18.773462 -15.45392 0.0070544803
0.54640883 7.3237386 -0.43341336
-3.2974701 -8.8081579 2.8547981
1.0464147 -7.2473531 -0.044952828
8.1179371 14.526737 -0.15089069
-2.5915596 -4.9815636 -0.25388426
1.8747422 -4.2254925 0.17372096
2.1752501 -4.1774101 0.63199395
34.047764 28.92231 -1.9958349
-2.3195906 4.3867421 -0.33362231
8.7175102 23.734634 -0.38921431
3.1527102 -2.7491515 -0.22534397
-1.3345499 -3.3116918 -0.42832622
-2.6790743 1.3752588 -0.45806617
0.20635694 -11.586706 2.2113678
17.348793 -28.436422 0.79007155
-2.5362928 5.4737473 0.15492752
1.8822924 6.2253747 0.66126758
28.644669 14.029248 -1.5800536
-2.085896 -6.8330393 0.98405182
12.66937 1.4115915 -0.89900738
-4.6373258 -8.7910967 2.9956985
0.71719182 8.9186888 -0.57684445
4.0375676 -12.230529 -0.28920561
18.57287 -13.782244 0.012167788
-36.440941 5.782485 8.7751036
-4.3926086 -11.396251 1.0433987
35.007465 13.660506 -1.9416893
3.9733033 1.7438457 0.5220868
19.421484 45.25631 -1.0182182
-0.36675024 -4.1726527 0.91155595
75.914909 37.607979 1.723093
-5.1928048 -2.3187816 0.77949172
72.836922 45.380924 1.7414609
44.170612 0.67286855 -11.792934
8.3608818 11.953808 -1.127838
-2.4851389 1.8170053 -0.43377963
37.470936 5.4596992 -1.8693126
0.50945848 -8.0987339 1.0511961
5.6684189 7.471374 -0.63071269
-0.08952152 4.3599582 1.2224355
-4.6906772 10.238249 2.3718622
2.6839466 -4.379447 -0.41065922
37.438107 10.078074 -1.9588007
82.071846 23.18923 7.7179074
-36.911983 4.3465433 10.212588
113.45851 38.616329 2.3181434
0.3069813 5.3780913 -0.1481277
-37.976135 6.782403 7.5688872
34.3783 5.9761348 0.74109745
-2.0939536 -6.7456446 0.93870866
0.58598477 -8.7319412 2.6980395
-0.79095966 -10.026267 0.91275859
-4.3332562 11.119526 0.79577518
0.12620902 11.977284 0.80305022
-3.5101337 -2.8339634 -0.4313921
-4.1911168 9.4891262 -0.19085538
-5.1787815 -5.4979634 1.7961043
1.0282327 -2.2862403 -0.39386117
13.578136 -26.803782 -5.4409337
-4.6026545 -11.409618 2.7631001
16.87229 -42.937954 3.0221753
-36.638855 5.4396362 7.4383836
1.5201948 4.1090302 -0.21126767
-0.93256491 -7.7397175 0.62218839
19.293392 -6.1622558 -0.80510145
1.1220227 -1.4942608 0.20427324
-5.1397457 -4.4196529 2.0902448
4.1410823 7.8043232 0.14737923
32.909168 4.5552397 0.84854609
-3.9165142 -5.9369183 -0.26525906
6.8751259 13.867498 -0.12410403
20.851608 -9.6447659 -0.10164518
0.55630988 -11.541479 1.3819926
-0.61584443 -11.589783 1.3876672
2.2818251 -4.4437389 1.5866703
-47.389915 2.6135502 13.00658
3.2213025 -1.3127192 1.0154636
52.71246 24.490444 -1.2274121
-42.932819 24.825974 13.377921
1.6410242 1.4299533 -0.22817947
2.9762547 7.0355859 0.57721674
18.238747 45.269505 -1.2412908
83.72007 17.99085 4.753274
1.2939624 -6.6049557 0.62786841
5.1807075 3.3487022 0.57087821
73.023346 29.32358 4.3911819
-1.2214198 -8.7728758 0.93509603
18.848091 -6.946703 -0.78264534
-36.784424 5.2105603 10.190333
-41.782837 2.7604182 8.2990437
1.4028747 5.0732684 0.59246176
-4.6431208 9.373333 1.1151588
19.299801 -10.361913 -0.069072522
-1.0202385 -11.602489 1.3631448
71.878578 30.736654 7.0984735
45.400478 54.753593 -0.98199499
40.432102 42.046097 11.24118
-49.708454 2.4920852 11.811625
-0.054458145 -4.5725131 0.39768165
-0.010072012 5.214591 -0.48459244
-45.14085 0.58577049 9.239336
4.1452842 6.0724607 -0.16776237
33.863098 13.229081 -1.5872076
-41.152039 2.7907028 9.8028955
-2.6054289 -11.461031 0.17777126
-1.9085699 4.7499285 0.50371611
2.6968129 5.5928531 1.0008585
-2.9948766 -3.6127636 1.1825488
1.5363669 -3.1222205 1.2422985
20.809071 -10.900268 2.3817916
3.0054538 11.894745 1.2473562
6.3257093 9.3916082 -0.4164947
11.597303 -2.3837733 -0.78249085
-2.290581 0.96047103 -0.31755105
8.5946913 20.685081 -0.31821418
18.547171 -5.4738922 2.0047138
-42.002319 2.3890591 6.9577303
28.28701 27.129379 3.4037013
2.7874599 9.7682457 0.72643
27.651836 13.318679 -1.6252909
2.1084228 8.1646166 -0.23239194
-1.5725931 0.67253238 -0.004532794
49.311249 23.888153 -1.2054753
28.472267 30.407135 -2.2474728
22.014791 -42.933323 3.0936666
-1.3940369 12.119298 2.1050348
2.3238094 -8.9422321 2.5084124
0.86609638 -4.1829357 0.18021803
-48.615257 2.813082 11.607985
-5.1890583 -7.5341077 2.1074717
-1.3451475 -5.6687632 0.12795067
18.29064 -3.7518644 0.58749855
21.939026 -44.051643 3.2439811
5.3033147 3.3822606 0.58731294
0.23693086 -11.600696 2.9832609
-3.4543369 9.5965223 2.7689319
-2.9128129 -3.3389225 0.67936224
-0.49066764 7.4172435 0.61318994
-1.9518573 -1.0781695 0.81936699
-3.1159062 -4.3813066 -0.31935218
1.7674046 12.018398 1.6686692
19.481699 -20.969839 2.0363061
23.112757 -42.389259 2.7545125
6.6485205 -12.249591 -0.37408453
3.048142 9.0738564 -0.64389133
4.7813649 -9.6867237 2.0943737
6.8862686 14.655733 -0.15863249
4.8678794 4.3071651 0.23522134
2.1479602 4.7558031 0.25414476
47.798504 24.02376 -1.0019283
-37.083355 6.3525305 6.1988187
4.2611737 8.1251907 0.21514729
32.890114 4.9763184 0.87273312
0.99516535 -10.921181 2.9047329
-2.0599501 -2.7564099 0.72286749
2.0104754 -8.7712965 1.1280389
-2.3853683 -9.3684225 0.54353535
1.5266694 10.848353 -0.38801801
-4.7592406 7.8175983 1.7604474
27.231581 31.344433 -2.2482221
0.24427705 1.8067776 0.24994929
21.803963 -42.021389 1.3329287
-5.1380949 -1.9745991 0.17910956
18.013552 -35.862419 1.1956475
2.3090458 -10.56093 2.8692021
33.929375 -2.185611 -0.40928656
-2.0140774 -6.6549401 -0.25661093
20.927898 -25.710299 0.79787123
2.6774035 9.6474409 1.7848018
3.8862653 8.6839352 0.25199342
4.6571231 -7.0937681 -0.42367184
18.878002 -8.4854784 -0.064328939
14.59194 -9.5673456 -0.60757965
-0.086116821 4.2801719 -0.16598885
2.7699859 9.0221977 2.3845124
82.141159 21.833754 10.728743
126.79047 6.6364179 11.343546
-4.6844678 3.2861068 -0.40500465
72.74118 32.482719 10.073409
-0.74499762 8.3859787 0.35609412
21.036346 -35.773678 1.2308991
0.5787341 10.962702 3.1174898
0.96616602 -1.8430185 0.85377514
-35.669044 4.5426435 8.563674
-47.08297 0.78241277 9.5087891
2.1659315 6.3060837 -0.25123563
17.779509 -40.842834 2.8998568
21.109735 -12.100781 -0.10710147
12.421735 6.0242205 -1.0268466
16.438433 10.810997 -0.20839746
-0.26264653 -11.602227 1.7924973
-1.0029204 8.2649651 0.35634103
20.799675 -35.779518 1.225323
-1.7098848 -3.6604941 1.3143551
18.406036 -2.3025515 -0.076665953
4.0032187 -0.40293238 -0.5671891
18.220985 -10.452134 0.0090797441
18.518547 45.305103 0.92282355
-6.9330363 7.9621396 1.5050223
-0.96550745 10.959336 -0.40351719
80.341148 -20.783379 10.484134
2.8355274 -8.9830732 -0.1371669
8.56952 22.206842 -0.35096204
-2.0478601 2.5119519 -0.0097882655
33.362324 -1.9694709 -0.40467933
1.8593162 -10.202112 3.148375
-1.4969373 -1.8952129 0.62255687
18.356287 -5.3846965 0.60879976
-1.394763 -7.3809538 0.21663503
-2.2415729 5.1533532 -0.43566096
37.95686 8.7795115 -1.9583539
-2.7998056 8.3847389 2.560401
-2.3559711 -4.4128313 0.57940584
-1.4211255 -11.47736 3.041131
-4.537643 -2.8398218 0.65797186
-36.84388 4.0140901 8.7801056
-1.511476 5.4855156 0.93895566
8.3299379 -12.490361 -0.42761087
2.8033712 -0.80633354 -0.44144782
-1.0603379 -5.5744839 0.53489298
1.1719248 11.267873 2.3860064
-2.5634363 -4.7153792 -0.42357993
8.067318 15.000131 -0.76471734
2.3464708 11.993942 1.2422943
1.4060911 -5.7366438 0.070392579
-48.391144 1.5895048 11.634298
-2.9553735 7.4703841 -0.032991454
2.2054975 -4.2068701 -0.27999577
26.414032 34.109459 -2.4156637
18.931019 -1.2493478 1.1919838
83.67617 25.644915 11.037851
-47.714966 1.5433047 9.5921106
-1.370206 -7.3640895 0.61196786
19.172077 -5.6776543 -0.80325931
8.408618 17.432758 -0.91659689
-36.443726 6.5136647 9.9580326
17.135513 -44.873207 1.7889715
-0.80888009 -22.269039 0.87595594
0.20750107 -6.9923191 1.7020501
-4.3920498 -5.504283 -0.27574545
6.6891508 14.195806 -0.14143492
18.848154 -6.7655435 -0.77965713
-1.316609 -8.3120766 1.0862812
0.84577507 8.5609827 0.32562873
32.857555 4.9379978 -1.6169277
-4.7424755 7.6198969 1.5970927
1.448688 11.035721 -0.40491232
82.146942 -21.802731 10.72996
4.148571 1.4709001 -0.47915652
18.494852 -0.098876514 -0.096049652
16.296368 -41.357296 2.594161
0.43238842 5.8612084 -0.50849128
5.1647596 6.5405779 -0.23551066
-3.2200146 -10.505527 2.8801353
71.446808 34.350796 10.025339
37.257717 12.890956 -1.9922632
5.7079554 7.0921559 0.040649999
-37.372742 4.4763589 7.614778
-1.5693455 8.3654518 2.3690822
55.455582 34.685757 -0.88114989
-0.54174346 -2.591572 -0.40599889
-4.2103643 10.22167 2.726047
-3.9866691 -2.5366552 0.57473403
7.1863427 16.864176 0.4308078
9.063385 11.479596 -1.1297975
32.531628 2.2143357 -0.3937315
1.520292 -6.5937738 1.4110427
64.472748 21.397604 -0.92654359
33.252819 0.33183795 0.76095062
2.6570714 1.4279972 -0.47881305
7.5200887 -1.8732252 -0.69758427
-48.36689 2.0408139 13.134463
18.446169 -40.768597 2.9075089
-46.287151 0.87610602 9.4126787
3.1242242 6.6917953 -0.17975761
6.9298296 15.380149 -0.77038729
1.0680876 12.038284 1.2313708
18.928583 -8.4863358 0.0043450524
4.422616 -6.9997816 -0.39759666
18.611639 0.01923877 0.55028468
4.228374 1.893543 0.23291685
6.4079237 1.2947179 1.0738822
12.667637 4.6328883 -0.99037772
19.731297 45.216003 -1.2158874
4.0824895 0.29198682 0.56863046
18.566465 -1.3929154 1.1811099
12.804881 -10.806301 -0.56453484
3.2742028 7.0400467 0.89342928
1.1203907 9.8449688 0.023620648
16.320862 -7.3452339 -0.019297337
113.86563 36.37101 2.3128107
-37.446285 4.0448709 7.5930934
0.42334619 2.9229009 -0.050322201
-41.785877 3.4415157 6.9531679
-3.9860528 2.359972 -0.42810056
4.1856437 6.5241838 -0.74782836
5.2927747 8.9317598 -0.026334258
0.87073272 10.986633 -0.40262014
-4.9276118 7.9080858 1.3522079
0.27705649 -3.9245725 1.2150686
1.1342355 4.9250064 0.58468717
7.2949195 11.473918 0.39012757
27.673559 13.184706 -1.5493987
-1.3922122 8.2647018 0.33854544
15.214709 30.903442 -1.8807896
19.513218 -18.32159 1.7829589
1.3504993 4.6335225 0.95713472
2.5448399 10.738885 2.8096712
2.8684387 -2.0908668 1.0411761
-2.6976073 -2.1921811 0.15712704
-1.2091435 -39.891529 1.2741404
19.006392 45.187675 -1.2177939
98.334068 18.327497 9.0005264
4.1069202 6.9062028 0.28327179
32.965393 3.8275726 0.84882051
28.79554 20.472206 -1.8933359
-2.9403269 12.187877 1.7153193
125.44516 16.101152 11.300662
13.53384 -26.667334 -6.5020533
0.64230525 -7.4268918 1.2667522
21.854069 51.195644 0.70696884
0.2446574 11.967606 0.40644687
-1.1799712 2.6009827 -0.46475649
35.228245 27.215553 -2.3763702
-3.1631026 -1.0842396 -0.40734777
2.4963703 8.4820652 -0.26204959
-4.7742658 7.8100934 2.2462151
4.7987285 5.5088239 0.093378492
-38.585815 3.0627131 7.8325887
2.5576928 -2.5828526 0.65246218
3.0553854 6.3351555 0.30268762
1.5840784 10.74406 2.6831605
1.6712955 -2.2076726 0.65528482
34.155403 28.630507 -2.4167292
4.5161037 1.828037 -0.15226552
1.8192781 -3.683727 -0.35451463
52.693642 19.437433 -1.2157934
16.417826 -41.227959 2.7622948
0.88270253 5.8174119 -0.49693388
-4.951261 2.4684939 1.4008157
-2.1227441 2.1729879 0.13823098
25.725475 -51.254246 -2.4269783
32.119667 13.305229 -1.5453037
14.466299 23.258808 -4.3071785
-4.3833647 -11.399031 0.19602227
-3.5764275 -4.3876076 0.045300633
1.4691182 12.029245 2.0952296
16.245518 -2.1727417 -0.61886781
38.222397 24.044718 -2.4229915
-46.087399 0.73205131 10.984842
3.4167874 -6.6648102 -0.42876664
-2.7509243 -9.8669291 1.270927
-1.7943811 11.207823 3.198801
-1.5493 -1.4945689 0.80979246
6.7854691 12.862624 -0.61417717
17.396311 -40.879524 2.893532
1.8833283 6.0457139 -0.20683493
-47.239418 0.77963704 9.5398569
0.88944054 6.6799116 0.8044349
6.8272157 9.9760904 -0.91055214
19.076538 -16.026682 1.6884624
21.977892 -43.876888 1.4537343
0.33398455 0.18800469 0.26984283
-5.1950307 -3.543997 0.21934035
-36.067932 3.820116 9.97509
-7.4806128 7.9857154 1.6015348
1.865132 0.45114654 0.84181923
19.616943 -22.260248 1.9711723
7.8233719 3.7966835 -0.85979182
4.4278502 0.99428773 0.84246206
16.712896 28.315916 -1.7417026
-0.080086358 5.4421778 0.16401978
18.279194 -3.7974041 1.2522008
-4.8116789 4.8121314 1.7719913
1.053852 8.1208773 -0.22736232
26.671854 13.279347 -1.6861665
-1.2573016 -4.2162328 1.3264964
-5.9368024 -5.0655475 1.1567084
0.60938495 -9.6345863 -0.14837916
-0.094619699 4.2139969 0.93509853
0.49915183 -8.1158085 0.63947552
0.94784898 6.2067609 0.66849846
2.4840407 1.8131196 1.0281796
0.24436903 -9.3213644 0.52668983
-3.442055 11.980933 0.39742634
14.016514 14.802129 1.9294478
19.632463 -22.476919 0.92655528
1.73963 0.14577585 0.22407611
2.5319088 6.4080868 -0.62928951
18.348564 -40.785927 2.6196349
-46.756653 0.98005176 9.1371336
12.707743 1.8098576 -0.91055864
8.3161011 1.0771714 -0.80416787
2.0624778 -2.1285002 0.88638359
81.906128 23.390326 1.7312188
20.792768 -32.383976 1.1531792
18.569838 -12.997512 -0.061999246
0.61858714 9.9646511 -0.82770199
38.349228 10.121557 -1.9929408
8.5749378 18.94873 -1.0013852
-3.3448799 -11.439384 1.4162986
6.3959231 12.126686 -0.07577116
-1.7837473 -6.9083776 -0.039572902
2.8779349 9.4292669 1.763342
-0.58228666 -3.7750924 1.027941
46.184872 24.211361 -0.61034316
0.50238931 4.6015224 0.51277041
0.58986217 -4.7088938 0.90411854
-4.5136833 4.4035535 -0.48977733
31.630825 29.373446 -2.3387413
3.2467854 6.7619238 -0.18743648
18.820259 -40.597305 2.9222596
-45.587566 0.82391191 12.504758
18.406572 -7.6125598 1.3376889
86.571289 18.094658 4.8996181
2.5753806 1.8967838 0.24565855
-2.4558027 -1.689285 0.081074603
-3.3497403 12.211549 1.2835573
19.004475 45.235161 -1.2533294
-40.56514 3.1023381 8.2254667
2.7060735 5.5848441 0.66058624
-1.8698683 4.7542086 0.25137216
29.35894 13.437034 -1.5977827
19.464867 -40.058228 12.522649
4.9000897 4.3284268 -0.58481359
1.3277148 -7.65137 0.74872065
76.937233 46.281349 1.8086686
2.2898464 -10.203837 2.0788128
30.373617 19.425482 -1.8620498
7.6508889 12.202057 0.40707359
2.9934943 9.9065351 1.0972815
-5.2513757 3.1594386 0.99269229
-4.197659 11.117804 0.0017811125
-0.63934714 -10.24965 0.54425293
17.559786 -32.900616 1.2155391
19.976044 -55.231308 1.6684543
-1.6047047 -11.497203 0.55993909
2.458132 12.003612 0.79521382
20.420818 -10.765213 1.5326184
21.232231 49.610229 0.64944935
0.4003886 -6.5133619 1.6100607
4.8380084 4.5238843 -0.594576
3.0213556 10.200694 1.1197296
-1.4153442 -11.534138 0.57895005
20.025352 -55.222389 1.6869651
-3.6559308 -10.994401 3.4618611
16.994276 -22.374836 -0.076960765
1.3587378 -11.607247 1.8107146
7.792141 21.415947 -0.32211092
-3.1141462 1.7415651 -0.18411107
-7.3719573 8.0024509 1.5363411
2.0159051 -9.8668337 -0.17584294
31.044912 29.38455 -2.3036573
30.836821 29.159172 -2.4486632
2.9925508 -2.5028217 0.22813888
53.610287 20.648651 -1.0745099
1.2793651 2.3425453 -0.18233834
-3.1461105 1.5069666 -0.45694178
0.32335684 5.8932257 -0.50504029
1.6294665 1.0876487 -0.20185752
-43.098423 24.51873 13.387139
52.755756 24.337749 -1.2470387
71.839272 31.810707 9.9389353
-5.7845426 -2.805115 1.9850925
34.153088 0.42577726 0.77411288
3.4494138 1.8554382 -0.54317725
3.3714583 5.9177508 -0.16379738
0.88526124 -8.0984392 0.74687278
0.26874772 4.1870942 0.91640466
5.9784579 10.953394 0.37639245
-4.6611185 9.0065422 1.0898563
19.203253 -10.509598 -0.076941021
0.27917162 -7.1650028 0.21517333
-43.516815 24.851889 13.387977
1.3147165 1.4914871 -0.21241105
-0.5721491 1.9633535 -0.17462137
35.763603 26.663687 -1.9922673
7.2118368 -2.4133387 -0.6799776
1.4403176 -5.6781335 1.2706673
2.5140893 2.6219151 1.0594639
-1.7108818 -1.9160726 0.64458907
-2.0675783 11.190582 2.4120851
0.34322071 1.0981611 -0.06205631
-5.8222914 -2.2194686 1.7966284
16.402424 4.6164775 -0.11003696
17.823423 -40.854004 2.5803075
2.2037342 6.3488121 -0.55551779
6.0035939 2.0114973 -0.76381993
-0.3193931 11.6597 3.2912176
5.4784222 3.2082574 -0.80492836
21.208857 -4.0100803 2.9410679
3.6616685 5.8669448 0.30830702
19.21155 -21.846828 -0.10633451
-4.5533562 -2.2801685 0.95478052
2.4264727 -3.947799 1.3984884
4.5472355 8.1466045 -0.25929409
26.412409 34.588284 -2.3508086
30.05802 13.278462 -1.6526531
-4.6807618 7.9453554 0.69787645
33.992958 -13.296225 -0.34568092
0.22031112 3.7458985 0.17903793
-5.0724363 0.059417464 0.16620307
19.37402 -10.710898 0.70187491
-3.8230777 8.5001974 -0.29319832
19.315239 -5.6714544 -0.79203212
-0.93243188 -7.5177984 1.0065706
-5.3146162 -8.3338327 0.64131486
1.4534562 -3.4567683 0.63974649
1.0944123 9.5238199 2.4478533
3.428128 -12.030254 -0.28988919
-0.046878852 9.0257015 -0.58651733
16.493233 12.415679 -0.9632141
-0.32412794 -10.010147 0.88128906
2.2266927 6.6013904 0.19426265
-4.4125648 -4.954463 0.65681052
-4.8732095 7.8234568 2.6484532
-3.5118139 -0.50215876 0.74854112
-3.8011019 12.193756 2.653085
2.1068137 -11.618545 2.2475646
34.806469 27.649811 -1.9852444
32.77457 3.2461979 0.72938406
1.590397 9.5077829 2.8243399
1.7698917 -3.4496605 0.98234296
-2.5716279 -4.3376088 0.58127302
5.041687 6.5509949 -0.8141275
118.99468 -0.16330667 14.899268
29.468098 61.596367 3.8427157
-1.7704993 -0.19648762 0.24406299
4.9076791 3.2108564 -0.68717569
18.610682 -14.582941 -0.066644087
2.0500634 -5.8871593 0.51917028
0.22573176 12.07144 1.2308091
21.787542 51.358963 1.3018332
13.226436 -26.836557 0.089246735
37.606552 11.260038 -2.0218534
-4.5044832 -1.902531 -0.16549078
-3.4804542 6.7942047 -0.42068422
1.0490361 -6.7108965 -0.25999492
-5.1925893 -9.8510056 1.7443963
-48.59502 0.70222992 11.554938
1.089836 2.68606 -0.18750481
-37.067989 3.7659845 7.5267487
-5.0793576 -0.76818049 1.6020322
-1.2762882 -3.9170885 -0.4130457
3.1412768 -2.9482765 -0.3981441
-0.16421369 11.012573 -0.38674057
25.543217 16.035833 -1.625348
-35.003933 3.9601104 9.6975737
3.4037831 -10.187461 0.16783582
2.5029402 3.6803679 1.3663794
7.1292963 15.797375 -0.78761166
14.180096 -26.55154 0.017703785
-0.02111608 4.5767293 -0.49756891
-1.8792995 -2.9430752 0.22481562
3.5797422 0.63850957 0.25967315
-0.9504084 8.4910955 0.656241
21.1518 -41.156441 -6.817348
19.150927 -21.418221 0.032789387
-5.1240993 -1.6094606 1.2657883
32.704849 0.075541146 -0.38403639
-2.3182976 0.37965456 0.83339876
8.3323622 1.2206999 -0.79794103
7.5744729 13.838372 -0.13140027
-2.1595404 -1.382861 0.24923404
34.039917 28.972578 -2.8030961
-5.1922894 -7.5247521 2.8030205
0.27610284 12.05547 0.81049836
21.838413 51.364952 0.80854416
13.213693 -26.802351 -0.081015185
18.733536 51.666542 0.80322254
0.70983726 -8.5553112 1.4240793
9.0451651 11.503854 -1.2050579
2.8687444 8.1323614 0.66514504
-1.2377229 7.2054362 0.098606497
3.3494093 -11.451271 -0.26314619
-0.010766755 9.8338356 -0.65753943
4.2634034 10.504668 -0.37869665
-0.70771116 -9.2858372 -0.12687476
22.150759 52.615967 0.816324
10.361438 -4.4174032 -0.71374404
6.7575474 16.721312 -0.83921081
6.6920528 12.577881 -0.10397664
39.859562 38.596176 4.6854777
-4.2620974 -6.9209557 -0.068801329
47.38707 23.985476 -0.63718033
-0.97158855 -5.712729 0.54426771
1.1647731 11.060236 2.347805
33.961674 29.052 -2.3914964
-2.5670917 4.3959403 -0.52932149
1.7738515 5.0774384 -0.13418201
1.7869112 3.5037501 -0.18231036
6.1992426 -7.0687046 -0.51071388
-3.0564795 0.21943021 0.66043907
-5.383244 -9.3836555 0.55631912
-0.92322034 -8.6168346 1.0376122
-2.6352937 -0.49120733 0.20244384
2.6573598 3.1024132 0.32328549
6.2076135 11.383383 0.38152918
26.657887 13.192521 -1.530821
-48.003498 2.3147802 9.6349602
-4.8659897 4.7061505 2.0086811
-49.493752 2.3808587 10.009374
0.88804162 -0.5535025 0.57541186
0.66520095 12.062616 2.5256519
-0.057463791 3.92168 0.55655193
-1.2846228 -4.6018715 1.0107965
-3.7972329 -1.6854078 0.20045845
1.2518154 1.7679148 0.1868815
18.179108 24.701914 -1.6113744
19.345318 -21.007452 0.89379042
38.48349 9.5393915 -2.0121539
20.221186 45.155556 -1.0234678
4.5274043 1.5578556 0.53009635
33.328735 5.4152865 -1.6408063
-0.16211921 4.4932842 1.2500204
5.8836684 7.8263836 -0.67182398
-2.6651509 1.1673793 -0.42560849
-0.11291143 -7.4699988 -0.046768203
-37.910606 4.4263887 6.3179636
10.154716 10.565478 -1.1295284
13.697048 -10.465514 -0.58156037
-4.3615804 -10.007426 2.861083
8.5751429 22.978991 -0.36689821
34.342571 28.350849 -1.9881697
0.25532192 -6.9349041 -0.19946544
6.9086399 15.851429 -0.1870552
-4.763844 6.0424871 1.837927
0.75830382 -11.627556 1.3915462
20.98452 -10.226663 -0.10836785
-36.281212 3.7553558 10.027405
16.244789 17.64109 -1.2022245
-0.73416251 -5.048315 0.71542704
-50.031693 2.0913301 12.048059
19.427603 -20.367537 2.0076702
19.539335 -5.5469594 -0.80955791
-1.0390213 -7.0196261 0.64096922
-1.7540262 12.153049 2.1174319
5.8110681 10.597772 0.37181908
22.851995 -44.183369 2.7976136
54.06459 19.276669 -0.69071954
8.3230753 19.903149 -0.28856298
-2.5086951 0.36033863 -0.27693224
20.945766 -25.878496 1.9834995
1.8736236 -4.1777244 0.94976276
18.537022 45.086018 0.97963631
6.7590518 -12.240685 -0.4105314
0.75721335 11.979357 -0.029683264
35.398582 26.93784 -2.4101748
-3.627069 11.111519 -0.41052806
-0.6882984 11.989428 2.0765111
-4.5050688 11.85229 0.070809945
-0.80223322 -9.2403231 0.50590575
20.426001 -53.588306 1.645099
2.4231496 -10.291351 2.8849266
81.9422 22.581081 4.7200022
34.11335 -1.8981495 -0.41603637
19.925863 -0.20638777 -0.83186829
46.647308 23.941998 -1.3131628
-2.82318 -6.808239 0.72725952
7.6410728 12.595157 0.4176763
4.7826762 -2.8996577 -0.21371029
-4.5585451 -11.418095 1.4495157
-37.016945 5.9219007 8.9370289
-0.0050222292 3.5954413 0.46759698
-49.497597 1.9928842 10.024057
-40.564167 3.3469429 11.17168
1.1109234 7.8828959 -0.21577479
-4.8769531 4.60464 1.8198304
132.26826 11.10366 11.845159
-48.01001 2.2864273 9.4933224
-44.469242 2.3529224 7.1249304
33.437969 4.5720749 -1.6582901
1.3365388 8.1477976 0.21241458
-3.8305368 -2.4461763 0.08757703
1.292542 1.0072764 0.2517997
19.378681 -21.788654 0.91143751
21.142014 51.527889 0.66394335
-0.78560168 12.096744 0.78350335
2.8804781 2.4484186 -0.51401561
-1.4093589 -6.8810635 1.126689
18.998005 -5.5635958 -0.76969397
0.95921326 -11.603018 2.2194347
15.039952 -26.352896 -0.078768358
7.9885221 16.251011 -0.83818936
-3.3886726 -3.1257644 1.3221058
2.4867556 0.22375073 -0.45422468
5.9330792 11.025023 -0.50445288
21.400557 46.966747 1.2351453
-0.28768563 -9.73491 0.52623874
17.820337 -32.768585 1.2031852
-1.2877549 -4.1489582 0.32179016
18.306274 -2.2153261 0.57086188
21.412668 -10.682369 3.1735272
18.641085 -7.6189265 2.0707989
-4.2661352 -1.4057858 -0.42966804
-3.575551 -4.1035824 -0.31379932
1.4852889 12.015205 1.6637865
7.270205 15.379081 -0.16198944
2.640887 4.6099524 1.6830215
34.173874 13.187139 -1.8628765
2.5491288 -9.0614548 1.0050002
-1.0200843 12.077076 0.40328401
-1.4036529 12.123199 2.9832153
-4.5143218 -2.1665056 0.33616975
0.52000135 1.3817284 0.20677507
22.016287 -42.43475 1.3997513
17.502634 24.192329 -1.6163286
18.53821 -3.8357444 1.9331485
0.23325899 5.3755226 0.59381169
8.0787354 14.618752 0.43107304
-2.5590887 -5.1794124 0.62872517
-2.9614048 7.8962364 2.4449999
-2.5056226 5.6631994 0.54636317
18.820383 45.073517 0.65644813
32.157875 5.7781701 -0.43137124
18.243214 -6.1792884 1.302536
-38.134628 3.1330597 7.7527604
5.0189848 5.4019446 0.11588415
8.3680296 20.186796 -0.29921067
48.240414 23.910892 -1.3302573
-2.6042063 0.45590684 -0.26061529
-4.7431769 6.019165 1.4260938
4.2418199 4.3871403 0.29189384
33.175442 0.99577504 0.83660901
-5.3265147 -8.6640892 1.3669832
20.695637 -0.79585117 -0.1415782
6.0624118 1.0367576 -0.75000918
19.446722 -4.8139033 2.7527003
-3.2680387 1.5813793 -0.22324434
7.5744405 21.018152 -0.32032448
-1.1043134 10.776413 3.0743225
34.026882 -2.1868393 -0.3918649
-1.3283693 -11.601698 0.92526984
16.774836 -41.18549 1.3009286
7.6579504 -26.010441 0.01392428
18.73818 -6.6149292 0.0048167636
20.035467 -55.209915 1.5315623
-3.3870442 -0.58898133 -0.37281081
7.4502039 19.105883 -0.26334655
82.608437 20.570671 10.74578
2.8407371 7.7858877 2.3673351
17.541212 45.450375 0.68620789
16.346792 7.7148986 -0.80129075
-40.531902 3.7105532 9.6826229
-2.0327945 -10.041347 0.18871666
22.129915 -43.723347 1.7673924
17.545286 23.188288 -1.5352294
0.537278 0.11082056 0.46106294
4.4951501 1.4704999 0.91283202
17.792892 45.345497 -1.2264683
3.8504577 4.8858323 -0.1906864
40.199108 36.900291 -10.796194
0.21782008 4.7167196 -0.5238871
-2.5391426 12.18784 1.2645456
19.031107 51.529613 1.2727247
16.491924 12.387813 -0.96083039
0.82454431 -6.0716681 1.3568537
6.9458022 -2.8146412 -0.67049217
31.264345 13.147846 -1.7176971
5.7704191 7.7957506 -0.31979913
0.34508386 -11.602223 2.6013982
14.788366 -8.622901 -0.60916877
72.914375 35.588753 4.5180311
-0.15986376 11.212578 -0.3944521
-35.041405 4.0261683 9.6991367
3.5632083 -9.9721422 0.16753978
20.144148 -46.683403 4.6816502
-4.7640367 5.9453692 1.0505663
0.54758304 -5.7881522 0.92570633
71.702217 34.195721 10.04542
3.8723991 0.67029649 0.20503597
21.412441 -9.22505 3.1861732
-1.5285325 -2.8250022 0.39480069
1.0366515 -6.9086123 0.60709631
0.28597218 5.404376 0.89202416
18.96195 -8.3581266 -0.059294499
-1.5986674 -9.8048706 1.2344873
19.028551 -15.709661 1.5560448
0.92848772 7.0175591 0.58039099
-3.274374 -3.3436241 1.050729
-3.8096297 9.2225809 2.8458369
-37.533295 4.4355254 6.2396774
-0.59542722 11.797137 3.3292193
5.8973265 2.2439337 -0.78308558
1.1489658 -0.21185991 0.23398368
34.940945 0.18927723 0.80389357
4.1712718 1.5088181 -0.216313
72.67823 31.363281 10.011345
19.574409 -22.560165 2.0065632
22.987101 -43.917534 2.7895274
29.415586 29.76903 -2.4107683
2.6929994 -1.000702 -0.42819518
19.190062 -21.758764 -0.10401345
-5.1609263 -2.3774853 0.98466873
2.3925962 2.4381275 0.76997393
-2.3570867 1.9018404 0.024573904
2.5228112 9.2954092 -0.31069708
83.25415 -23.584185 10.918589
0.59984654 4.1709681 0.96057588
-2.1495728 7.9040642 0.10436115
14.772216 30.784775 -1.8173174
-4.3663731 11.204531 0.82151341
-0.59951025 -9.6785545 1.2043356
72.22065 32.782784 7.197237
17.760578 -34.357018 1.2154057
-0.16245085 -11.559487 0.57540733
18.564608 19.086977 2.3541913
-2.605098 -5.6328063 0.82446706
2.7396972 7.6751142 2.398155
-5.2711778 -6.3004007 1.0475974
-35.668941 5.149117 8.5843744
1.079793 -1.5681466 0.81501842
4.2240252 3.3312168 -0.63455141
-4.0989156 -3.4814353 -0.42237914
-5.9929175 -5.6133628 1.8780167
0.25147116 -2.5530813 -0.38377169
-0.90316772 -9.1257353 -0.1201423
34.435909 28.138472 -2.4127853
38.065647 7.1357088 -2.027508
17.824476 45.378479 -1.0060421
2.3983099 1.9747249 0.77599382
1.6595908 -4.8077154 -0.31336725
16.314234 -6.656919 0.0065353038
17.057486 -19.170029 -0.060386654
2.191493 3.2050638 -0.52238494
-0.87674057 1.9796734 -0.19893335
33.084431 2.2118897 0.74738127
-5.0584593 0.50047308 0.92722398
121.30598 -5.2399402 2.3450603
19.033621 -18.986757 -0.088714145
115.06588 4.1912618 6.2900205
4.2597766 10.061789 -0.39082804
-0.99411553 -5.551517 1.2195544
4.9927492 -2.1558061 -0.50785202
3.3962808 -11.873281 -0.28193817
-0.031575941 9.2915106 -0.61212164
2.5009141 2.1979191 1.0249991
18.018501 -32.659683 1.1298379
-4.9619536 1.8851062 1.5789814
16.416599 -42.294937 2.598376
1.0401912 4.9163895 -0.56004488
1.745753 -1.3993559 0.89837021
52.448841 1.0668843 -14.031192
73.325874 33.840755 7.3228564
-5.2080503 -2.3465395 0.79125684
72.330475 30.124397 7.1140676
3.5217979 -0.69299966 1.2806014
-37.067039 4.5394645 8.7493725
-4.4678688 -2.5464988 0.65793872
14.961248 -8.5420418 -0.60537869
-5.4068899 -10.224176 0.97780895
53.068386 23.398479 -1.0797265
-3.3225296 -11.328363 3.5245934
73.272842 33.273979 10.172592
7.930923 14.242347 0.42700025
-2.8441882 -5.2760472 0.59480304
1.4850208 -4.6591678 0.94817781
32.415009 4.0513411 -0.41116315
32.167793 2.3410234 -1.6231897
-49.010162 1.1757741 13.404997
19.981031 -55.197784 1.6841675
-1.9634004 -10.884858 0.55807245
74.31292 46.333206 7.914134
22.457365 -44.106079 1.4908816
20.154594 -0.37138778 -0.84510034
-0.11153153 -1.8149687 0.60407525
20.558268 7.2191133 2.7777035
1.3950413 -7.4009223 0.20738474
-45.033676 2.1123359 7.4793763
32.822285 4.6708522 -1.5921667
-3.4806051 7.2811251 0.091913953
-2.2801974 -6.5510516 0.22486487
2.6480446 9.6450176 2.1466362
21.022108 -25.708588 1.0063344
19.227264 -1.1340367 1.9324703
12.754866 31.66814 -1.851701
17.526806 24.193459 -1.5500751
0.63185275 1.4141068 0.5693602
4.8469205 2.2535696 0.97644603
-5.3148274 -9.142787 0.55001485
71.41951 35.700718 7.2431531
-0.61160356 -6.3396125 0.00095757953
-50.267239 1.1981102 11.918139
50.14489 17.161777 -0.93879193
-4.7109265 7.8640518 -0.053332414
-5.2327056 -6.8240962 1.9903651
0.56346303 -3.8163579 -0.21384104
30.443184 2.1482565 -1.4389262
4.9220586 -2.8013728 0.001218247
-2.4949057 -3.5320709 -0.42889267
15.365359 -26.285368 0.0069503309
-2.37692 -1.5776647 -0.39481628
8.5755119 18.190039 -0.24742004
-1.3571136 -6.7133784 1.4167299
19.005703 -4.866396 -0.077518865
-1.3790777 12.069621 0.39293993
2.2679503 -8.9242115 0.50868344
-2.8771937 2.4120083 0.45550552
-4.6153927 -2.6676865 -0.28977451
44.785309 -119.67628 6.9414225
22.118929 -43.12347 1.0751489
18.537535 -7.0399404 2.0372081
0.29234213 2.2722948 0.83844393
1.2879032 3.4107318 0.87043256
19.389105 -19.42012 1.8304234
-41.25555 4.5729938 6.8520346
39.009186 21.946157 -0.77701598
-37.09502 3.9019833 10.242272
-2.9408062 -10.805773 0.18307006
-41.2145 3.1448572 9.8284693
8.0453157 14.598722 -0.74078298
3.0536377 -1.3590229 -0.18693426
-1.4879259 -2.2938187 -0.4149147
7.1373858 16.164587 0.4328185
111.39037 -2.9379263 -1.7013503
85.416245 19.011484 11.037243
-37.257839 3.6010761 10.253145
7.8435383 14.559505 -0.73364598
19.699263 -11.211205 2.3169165
-0.11372457 -2.5147715 0.29137859
-6.4288969 6.7898002 1.5836799
-0.52707314 9.8027992 -0.46090284
-4.6787033 8.6334 0.12155745
52.427769 1.783038 -13.973913
31.974508 5.9244061 -1.5760902
18.811155 -12.312027 1.5040506
-0.23155811 9.3099947 0.68718094
-4.5718508 9.7468882 1.1386461
-0.94005907 -11.559972 1.3870479
34.366646 -15.553248 -0.33996221
16.360462 7.5948391 -0.80797416
16.365757 6.1855383 -0.12270277
1.8957851 7.8678608 -0.49595305
31.747652 13.610451 -1.7405305
6.1166811 8.7290144 -0.37582454
19.29892 -12.553609 2.4217544
-3.403486 -6.1814318 -0.26147032
7.5080848 13.41789 -0.12194837
8.3073111 0.93457335 -0.79668969
18.370844 -40.787971 3.230294
-46.771214 1.0910145 9.603014
0.35521764 -11.602418 0.57540101
7.3232932 18.198229 -0.93195122
11.192949 -3.1837533 -0.76195997
19.398151 -14.85697 -0.086846888
-4.7698889 4.785624 1.0546443
5.8979874 8.6407309 -0.74359912
-0.075645186 5.2190461 1.2433864
0.70028132 -6.9605994 0.95978665
1.9625281 11.927734 1.6621785
7.9579744 15.040425 -0.1523069
-2.9926605 -4.5388336 -0.31610265
27.030729 17.311152 -1.6532563
1.2171246 12.001151 -0.028170815
-4.704216 8.9957819 1.8016605
2.8477852 8.7612858 2.6736166
-5.1810522 -5.5120411 1.5261362
1.1042082 -2.2497759 -0.4024078
1.7483639 -0.65003526 0.26413065
-4.1651449 9.4019947 -0.5587979
35.758736 13.152719 -1.9424286
-4.6207199 4.7273302 -0.30468318
20.997784 47.226559 0.69746447
-35.501873 6.431108 10.014346
-3.0518486 -10.490816 2.7574239
5.3045783 6.6144352 -0.67474914
-3.6843095 12.173829 -0.030789396
-2.8930058 -0.34785846 -0.40829802
-40.376148 2.8257525 11.251149
53.957863 19.18502 -1.0436561
-1.9008259 9.5959301 2.3955741
1.8284601 -11.60448 2.6650531
-49.551624 1.5137948 13.608586
31.925444 2.726083 -1.5293642
7.7070856 -6.4582891 -0.57952267
19.746353 -39.877506 10.860488
0.32370359 -7.8010879 0.21376352
1.6494226 -2.3557792 -0.19149616
-7.9813013 4.7989039 1.3368714
-2.5083766 -3.4282746 0.69474578
0.43883851 -11.602992 2.9857438
8.1262531 16.292631 0.43628144
-2.8838055 9.2418118 2.4177938
1.788422 -2.702877 0.95407432
1.4415294 10.252533 2.9602764
7.6657553 4.1452184 -0.86347264
1.6384685 1.1455191 0.84094375
19.60841 -21.900007 1.9483281
0.28119916 -2.6040864 0.23432826
6.6634793 16.149412 -0.19381596
-4.1059737 -3.4953866 -0.30935228
19.625019 -21.407049 0.89940524
1.6988943 1.4090711 0.22740121
-3.3715925 -2.3146243 0.11572756
-2.8279386 2.8218238 0.48649269
18.411806 -40.946815 1.6601139
1.7541271 -5.827692 -0.2012549
16.343824 -7.3072543 0.0038152412
-1.5754833 -6.9845839 1.2088737
19.037415 -5.3786311 -0.075858563
18.309259 -2.5893331 1.1860847
3.2017343 11.973452 2.5598407
19.210136 -21.919664 0.031133816
-4.614224 -2.300864 1.2606562
4.1895385 2.1879818 0.23066717
-0.90633941 -1.2772802 0.13867658
18.814415 -16.035089 -0.080836244
-5.0101614 3.4123344 1.1245092
-2.6872952 8.6533117 -0.56649369
82.124557 25.014 7.7668562
20.417221 -6.6496787 -0.79692692
0.25329465 -8.1288891 1.0624776
-1.7872024 -3.6858046 0.2242901
19.58597 -24.270149 -0.14501807
-4.4110599 -4.6182351 0.86027038
7.7418957 20.531713 -0.30103594
18.651222 -14.918517 -0.070183977
-4.6419754 -9.9949684 2.7613063
-4.8334374 6.6861644 1.8086377
1.0771564 9.8199787 -0.32148421
1.367099 12.013153 0.79828733
19.426638 -10.70508 1.4873351
-3.9418342 8.1303425 -0.55326569
26.317997 14.199337 -1.606173
0.68738234 8.9021749 -0.25895545
52.774281 25.137041 -1.1066616
2.0058787 -9.2162256 -0.1645643
30.988295 29.614393 -2.3418832
70.954269 31.390486 4.3335629
2.802443 5.5927458 0.76335776
26.360147 34.60519 -1.9532945
29.787493 13.334295 -1.4997085
-1.3877741 -6.8323383 0.50380361
19.041977 -5.6610813 -0.78215545
-1.3801488 -7.3473868 0.99286664
-0.74989963 -19.762983 0.78849691
29.595501 -1.6328884 -1.3548183
-2.6165106 1.7878141 0.6054793
2.405761 -9.6265106 0.52731854
0.4378885 4.4488306 -0.248383
16.382114 -42.5116 2.9286788
-37.377327 5.7748051 7.5789852
44.197521 1.0908471 -11.806812
82.65773 23.322914 1.7431537
2.2649999 -9.4077835 0.52035463
77.831306 44.68539 1.808076
-1.4239844 11.995637 0.38524136
-35.649853 5.3489003 8.3807678
-4.3589921 10.746351 0.77813792
0.69284117 11.996792 2.4850383
1.0712916 -0.86458945 0.58946627
2.3519118 7.5867715 0.10871906
-0.11063776 -9.3917847 1.1397156
-1.8913689 -3.0375354 0.98300469
18.61821 -1.3130239 -0.75167447
-2.3183072 9.6076994 2.8179798
1.6646613 -2.9508822 1.2253956
19.92683 -25.957464 2.1507521
20.191984 -24.783148 -0.12041418
-3.6806297 -4.9803977 0.86368519
0.70027655 -4.1967516 1.3273225
8.6818027 9.7898254 2.6873891
18.95841 -13.322918 2.4059989
6.8248353 12.743711 -0.10783679
16.336897 -8.8556461 -0.018199036
-36.726639 6.6087937 8.8669443
4.3619175 -10.005467 0.1607251
0.57931483 11.014036 -0.39014748
-4.0393214 8.950449 2.8069015
4.208075 -9.8778172 -0.21666768
0.54035658 11.365559 -0.43123761
129.00603 10.399424 7.0334396
-0.59313154 2.1227427 -0.13504897
33.35984 29.716883 -2.3758879
-38.140312 5.0913396 9.1458721
-3.767508 -23.835829 -4.1616902
-0.36500147 -3.7226741 -0.28125599
-49.630157 3.2773302 11.496223
-36.808247 4.2521853 9.9664841
1.2117841 -9.6784849 0.18716191
1.8566475 10.776845 -0.39001477
2.7257626 -1.9910952 -0.40249404
-5.789937 -2.0841446 1.1747786
36.650158 25.967081 -2.4209998
26.153503 -10.597884 -1.1940901
2.3298028 8.9301004 0.040856972
79.073242 -17.833448 10.248044
18.416191 -5.7878375 0.62123686
-0.93068433 -7.6696291 0.21275336
3.2600927 6.7224355 0.60735023
71.357361 32.648624 4.3794847
-4.7880063 5.0671616 1.8118896
27.105469 13.325311 -1.6078988
-47.960606 2.4198971 9.5729504
1.2052855 8.0507545 -0.22314875
52.817608 24.428207 -1.0876701
-3.8919854 5.2051873 -0.53015918
-52.784973 1.4380929 10.573879
8.5869493 20.177246 -0.29582989
48.513187 23.974903 -1.3664068
-2.2151115 0.40575531 -0.21488747
1.2101548 -11.126844 3.372998
-1.8153843 -2.6109324 0.98527551
18.667025 -1.1392508 -0.7527079
33.187363 -2.4189255 -0.37357524
2.9752192 10.575872 1.931044
-5.1956449 -3.5189137 0.42858246
-0.43157884 -2.6562486 0.91135621
16.305658 -2.8320906 0.0048575941
1.9494925 -1.4531125 -0.39913118
-2.6390407 -2.0220242 -0.40578166
35.984447 26.385395 -2.3620889
29.933134 29.577394 -2.4169526
22.774193 -40.381813 3.0334041
33.10841 13.192548 -1.557475
6.5532279 10.314965 -0.90565854
0.64259225 7.1008954 0.81640911
1.4026636 -5.3579307 0.54257357
23.192348 14.320003 -1.3510644
0.81308371 9.4507589 0.69928229
18.830795 -13.417543 1.5594565
19.974924 -25.931545 0.99822283
0.53416729 -5.376472 0.6046316
-0.093866497 6.9405532 0.93374699
18.925508 -14.626243 1.6119326
7.1996541 11.341158 -1.0348773
1.1117849 8.1188841 0.91725641
1.808918 -4.1627421 0.57192433
-7.9865556 5.4435716 1.3942553
38.386318 12.368655 -1.9303635
71.016762 51.032295 4.8455515
18.445778 45.350117 0.68934411
18.184355 -10.444325 -0.052395884
39.527176 43.065281 11.257373
-1.3958985 -3.7789109 0.19547009
18.342567 -1.8712757 0.56931645
-49.727837 2.4350703 11.504131
19.871439 -13.278185 2.436758
7.706974 12.595883 -0.10038582
20.007072 -26.018755 0.78912431
21.605503 46.851986 0.17461078
0.29919487 7.8253326 0.12062719
-48.836376 2.8492823 13.381489
32.244705 4.3344469 -1.6175125
4.6756749 8.9317293 0.3345713
33.318321 5.9052081 0.80930543
-46.785118 1.2168627 9.451623
2.6742437 7.0513864 -0.2256159
47.436771 37.480873 -0.79267693
-5.6281633 -10.019758 3.0015323
18.41242 -5.0371752 0.60971403
-1.1506834 -6.9276714 0.21675107
20.811783 -9.6355257 0.71680725
2.5357292 -2.1692171 -0.38767505
53.384506 21.023565 -1.2338079
34.398384 7.3229299 -8.0799398
5.3093085 3.4191189 -0.18603711
35.68388 13.660696 -1.9646504
-4.1005163 10.324706 -0.42115781
21.784069 -25.859343 2.2444093
2.4100494 -4.0381031 1.4217401
-1.8243471 -5.0176535 0.93531138
21.606504 -10.427551 3.2861147
85.415306 16.749485 7.8712502
-5.2017918 -3.0771279 1.2346736
21.350454 -11.994491 2.3725688
2.8944604 9.4213133 1.4112945
-1.3024541 8.4912863 0.95457053
5.0064549 3.8329797 -0.22212692
0.65163875 3.0772376 -0.47852945
0.46379656 -4.7404819 0.59141481
18.870184 -13.872011 1.6056422
34.405865 6.644042 -8.0443373
2.8099918 1.2140065 -0.48039189
21.654701 -40.848724 -8.5134411
-0.22407781 7.3689303 0.25810263
21.211134 -36.780121 1.2511477
16.497822 30.026836 -1.827772
4.1185107 10.111446 -0.81208801
1.8254265 -6.4914618 -0.26212087
3.7281516 -7.4282103 -1.3149394
71.742073 35.70462 4.4659138
2.872999 10.736062 2.4192433
-5.1799445 -3.3536363 1.3787552
5.3230929 9.4977341 -0.012095562
-3.9504442 10.39027 2.7391672
-3.2288594 -2.552928 0.7285822
7.2372327 16.836157 0.43085468
-0.93968785 -3.4095011 -0.43344238
3.5597372 -2.733618 -0.16671847
41.857658 -32.620972 14.689493
6.194726 -3.6148295 -0.61420351
0.30120564 -7.1009588 1.2442194
1.1438706 7.8202147 -0.48332545
-4.902575 4.6129222 1.4212474
14.010358 -10.009676 -0.59283984
-1.4317064 -1.3613178 0.048022732
-0.17401914 7.0514154 -0.16105501
0.19783932 9.7545109 0.17424922
32.005466 6.0786681 -1.603706
-5.1957688 -7.1867023 2.069689
0.97903389 -3.7377853 0.27060446
2.2056389 -10.101552 1.3887423
-4.310708 -6.7936254 0.21026663
3.3149543 7.373095 -0.2419131
0.019945165 -6.3942857 -0.28446731
47.429176 23.981718 -0.98401892
1.502019 -9.4049816 -0.14615092
-3.3801086 7.4504609 -0.23849654
26.347481 34.217579 -2.4062955
-38.05122 4.9798694 7.717092
2.2645965 11.97311 0.81457019
-2.6560285 -9.9029865 0.54449773
-3.5693724 2.4481192 0.92817062
-1.9399878 -10.107408 0.19105603
-1.3697764 -11.449093 2.6176772
3.5659249 -7.3582096 -1.2882864
14.913714 30.756935 -2.1884642
22.821157 -44.411892 3.2233491
-37.482502 5.5348053 10.415092
-1.4728633 11.49826 3.269973
-3.2347362 -0.85394448 -0.40748546
2.204252 -8.6174726 2.7433238
22.343552 -42.772343 3.1203887
2.2277832 8.4971466 -0.25379875
-3.0877807 10.40421 -0.36292011
2.2203102 -1.0259596 -0.39758208
-2.2625549 -1.7064536 -0.40185621
36.05843 26.418987 -2.3786912
0.17821112 3.9332361 -0.51512951
4.6804867 4.5934176 -0.22649246
20.617176 45.077785 -1.0241886
1.0728455 3.5095282 1.2102917
22.588966 -40.52914 2.6715007
2.4030199 -6.4091883 2.1716256
6.950757 11.498804 -0.07965938
1.3648959 -2.5634654 -0.39146447
12.782413 2.5667467 -0.93448865
30.207224 29.520691 -2.424027
32.920326 1.040608 -8.6945496
-1.656962 -6.3685241 1.3551608
18.290831 -40.247459 1.6370343
16.818766 -42.401684 1.3783864
8.7942514 -7.0196157 -0.67620754
3.59689 4.7608304 -0.51497412
20.033901 -24.954601 -0.14170875
2.5737352 2.8705733 -0.52735358
33.200485 1.6327541 0.76956731
13.696501 14.523808 1.890969
2.221477 6.2404013 0.19722496
52.48798 1.6482867 -14.051247
31.973833 5.9207397 -1.6030524
-0.080964804 9.2523766 0.31871697
-1.7113795 -3.8138738 0.98223525
32.409271 3.5690005 -0.33486462
18.191584 45.332268 0.69079882
-1.81756 -9.5028648 0.86217719
32.403534 3.61816 -0.37402114
-2.8219678 -11.462596 0.99180549
-35.311718 5.6720405 8.5184689
0.38381195 9.1913919 -0.59111094
3.8137584 -12.234927 -0.30446678
27.41235 38.591 -2.1985648
5.2758293 -7.1940937 -0.45697692
-4.3525977 11.134698 0.81960469
0.21727706 11.974948 1.5949531
-3.4600713 -1.3882273 0.60036772
11.243582 -3.2121177 -0.80024618
2.1798704 -8.2241812 2.6369336
0.51971525 -1.0799174 0.2511766
-4.2649403 2.0945089 0.31966713
18.539951 -6.1334581 1.9947935
-48.920296 1.5432929 13.399011
32.132988 2.4405515 -1.622944
21.21751 -11.756488 -0.094923452
6.4461808 10.710268 -0.49447933
-1.6493986 3.6421618 -0.4953393
38.055004 7.2094889 -1.9534369
6.0946927 11.082624 0.38446379
27.871685 30.678532 -1.8898699
-4.8036222 -1.1257594 -0.2672002
21.783611 -41.465233 1.043011
1.1025143 4.9304605 0.84923953
-5.2030334 -3.862047 1.7642183
0.65187234 -0.63607365 -0.011413792
-3.6103444 -1.2905724 -0.41780773
-4.4633994 10.950023 -0.01201539
2.709985 8.2951851 -0.25440267
3.5523739 -4.3918805 -0.4084723
1.084887 10.342381 -0.352741
-4.828126 6.9428353 1.8468326
0.80795288 -9.6099186 -0.14484088
1.8540854 7.2950864 -0.17851581
82.637337 -25.311394 10.905811
1.2926722 0.60827148 0.59770018
-1.2090245 11.950084 -0.036425106
2.2956121 -9.5119038 0.1824663
-36.165321 4.4188666 9.9684162
-40.547264 3.691709 9.5383883
2.7931647 9.6585836 -0.011805985
3.5457978 -2.7934113 -0.44485694
2.2661309 -3.360714 -0.35423014
-1.3065494 -5.5327086 0.93882632
18.966005 -36.081135 -3.0569568
4.5602789 3.4692936 0.60525805
-2.4824009 4.9183273 0.28053606
28.686125 13.686084 -1.5881323
-41.225292 3.246628 8.357563
1.8343592 5.8016396 0.65311605
-40.467854 2.939158 11.128104
3.0619078 7.7059155 -0.52897686
-5.3195724 -9.3662157 2.4775443
0.33009154 -8.5191154 -0.093159802
-37.212376 3.5169244 6.2163434
2.7912462 9.6521225 0.016812056
13.223072 31.632515 -1.8221426
1.3245361 1.4912395 0.53005069
-3.062022 0.49391755 0.30018038
9.9818764 -4.8713984 -0.69648522
30.74028 13.068911 -1.6649009
4.6393414 6.5630817 -0.78336406
26.514679 33.074448 -2.4103515
3.7218211 4.9523535 0.12365279
49.335396 24.539268 -1.0812075
2.2067063 -5.2187452 -0.18194862
5.7678742 10.539024 -0.4737173
18.246655 -5.81568 1.2927207
-49.429459 1.9484046 9.9432344
-1.2699538 -5.1060433 0.66353792
-5.1747599 -4.0081577 1.1041542
-0.47362289 -3.504324 1.2347282
-1.1235794 -6.6385036 0.54872352
-0.51462609 10.379181 -0.40674222
-6.420433 6.8940387 1.5923575
-1.3065295 -4.593327 1.3036329
0.65171039 12.037178 2.9543514
20.381716 -6.3903127 -0.79521441
-0.23584417 -7.8966346 1.0404693
-4.4784708 -8.688755 0.53049296
35.578781 26.773405 -2.387872
-2.8784354 -1.6466746 -0.40318725
1.3100818 -1.0305353 -0.1453101
-1.5799357 2.4607415 0.14566846
-0.44826999 9.1321192 0.36128306
-3.7974608 9.2242603 2.7954485
100.04356 17.344378 9.1317768
81.175125 22.080482 1.7133589
-1.2707229 -5.6610756 0.60459977
52.971928 23.684473 -1.20971
0.21301216 -11.57774 2.6313639
1.2826499 11.18816 2.3810802
4.2126374 1.0146654 1.0376109
-1.111503 -6.2042794 0.64552945
1.1670554 10.666981 2.2764645
-2.6519225 -6.9099813 0.2184685
-6.5906191 7.9257884 1.8331914
-0.51406461 10.963147 -0.38356864
53.355007 22.982553 -1.2556567
72.599403 30.788692 9.9748354
-5.241643 -7.4825773 2.5105386
4.1748786 1.8875618 0.56062222
81.125435 -25.128906 10.72205
3.9136801 8.6252317 0.65129852
-0.54646438 7.7037096 0.23255485
21.123779 -36.299564 1.2422411
26.415379 34.915394 -2.4424169
-1.246827 5.2913499 1.2808011
4.9550667 -2.3059261 -0.20743479
71.86055 37.058044 7.3306527
5.9769139 1.9323076 -0.80406481
85.514793 21.928091 -1.2889805
-49.917458 1.2746553 11.531141
33.19376 0.74938208 0.83347082
-1.1313858 0.27345276 0.052552212
46.967072 37.607296 -0.78751457
-1.2145973 7.1784678 -0.017889133
-43.71759 24.666176 13.543825
1.1665492 0.95935881 -0.098419689
33.538662 30.04632 -2.3928223
8.8400888 18.304689 -0.24890518
-1.8882204 -1.4283992 -0.14931424
23.817509 13.506405 -1.3471942
27.530939 -7.7902002 -1.1919537
46.398434 23.999926 -1.3098416
19.237371 -20.921322 -0.067311727
2.2595212 10.957975 2.768173
2.4666934 -1.6522381 0.57976168
-5.6842728 -3.0415127 0.64644551
-2.5591099 -11.444255 3.0758588
-3.3710272 -2.5399449 -0.41269779
21.558245 52.754402 0.71119511
18.69713 45.305866 -1.0096456
-2.8889294 2.2181346 -0.20470759
7.8857751 21.693415 -0.33477941
-2.6449847 -1.5470871 0.052214164
2.5843928 2.0116029 0.085711114
48.615887 24.489025 -1.0455011
2.9123054 5.0588198 0.22307673
-4.7969594 6.5385709 2.0649693
16.823816 28.372335 -1.7970353
0.18759528 5.4016747 0.25802174
45.696667 24.880571 -1.0007954
1.5941747 9.5227175 2.7794588
1.8940794 -3.4955499 0.63443655
25.351656 -51.336075 -2.4211729
-2.5133004 2.0790582 0.32460675
0.714095 -11.623728 0.98501557
-36.982723 6.8270335 8.9310255
-41.225883 3.2536204 9.8365612
-2.9635947 -10.646826 0.18511985
-0.43357992 9.226181 0.36609399
-3.4280655 10.977592 2.8264897
-2.9838929 -1.6373191 0.91452354
-2.5429716 12.183433 1.7043501
28.824265 20.453148 -1.8459343
-5.8166471 -2.6711338 1.1750877
-38.23027 4.6129742 9.156723
2.2256382 -10.198227 1.6659588
-5.195015 -8.470396 1.5800951
-3.6716335 -1.1340557 1.213713
2.2474587 2.2376635 -0.51040936
-1.1881367 0.4349781 -0.0046813041
33.172237 0.96695375 0.75841534
34.098106 0.1011416 0.77238023
-1.3960353 -5.6184783 -0.17096226
2.3939557 0.76029944 -0.46148825
0.84720039 -7.7875466 -0.066931739
-2.3887715 -0.80330539 0.4908216
1.0205126 -9.3099327 2.8692536
-2.4535787 11.988093 2.5451806
8.5829372 18.464405 0.45016679
-3.7924094 -11.425972 2.7131913
-36.164627 5.9324255 10.043274
-0.24986322 11.650993 3.1733217
-3.1525865 0.47260115 0.81849879
2.1916854 -10.977637 0.9537341
1.2916114 -9.4417744 0.52074367
76.853645 44.60054 1.7930093
18.381517 -12.57038 0.72059798
-2.4222071 -5.4556937 0.053733509
26.373291 33.967941 -1.9165483
2.2075868 8.4686127 0.66427594
8.3660908 11.956018 -1.2088878
37.497845 5.4240737 -2.0355299
-0.25962168 -8.3120193 1.3782277
84.586189 25.309042 11.132774
3.1112642 -4.4578042 -0.36804652
46.314621 37.796562 -0.78057194
-4.2917924 -3.1368701 -0.41239446
-4.8098168 6.3529201 1.2011236
-3.7505352 -10.358744 0.94743282
-4.1606889 -10.079002 3.2677026
2.8847001 10.899935 2.4248972
82.618004 23.772831 10.848309
3.2867336 -1.7830123 0.64718616
52.832119 24.214151 -1.088364
-1.6275604 -5.7366295 0.84959173
18.742861 -6.1956701 -0.068193175
7.6500101 -25.960903 -0.0080915205
4.0245414 -4.4072609 -0.44570357
2.3965065 1.1793584 1.0304246
-0.8816672 8.6063967 0.221854
1.2603707 -4.3105907 1.3528603
-48.118668 2.8742974 13.190327
31.415279 29.363636 -2.3207951
2.6647217 5.6113234 1.7446581
-40.627327 3.5532007 9.4601145
-38.183746 3.9633894 6.4070544
38.558613 7.8096066 -1.9733486
-0.77335978 -8.1166601 0.21220091
-48.893448 1.2353812 11.582571
0.43131196 -5.7298179 -0.1725909
-5.2955098 -8.9064217 1.9032634
27.279247 17.171644 -1.5936226
18.795273 -13.682302 1.5589632
0.66661143 8.9887285 0.67800575
5.2614551 3.1275101 0.59659165
73.231087 29.139296 4.3976803
-4.4566727 -4.5515652 -0.20687228
0.21538125 11.942758 1.6485337
-4.3958135 10.863032 1.2141314
-3.4028418 -1.3352214 1.0007715
16.719509 -16.348549 -0.043647636
38.520878 10.123251 -2.028796
-1.3894353 -9.7234612 -0.14734235
-2.1592393 7.8562779 -0.045220152
-8.0163002 4.5787215 1.6800333
30.041828 1.1103522 -1.4053365
17.01696 -43.169765 0.99551266
3.9597681 1.0059547 0.9491204
1.4857848 -2.7183375 0.17446326
52.341267 20.42968 -1.0310858
-36.665752 3.4045646 8.8038607
16.341063 -12.006095 -0.066645719
16.572697 -25.009623 -2.1740189
-8.0111456 4.8223882 1.3736801
-2.2658157 5.1289048 0.68431598
29.999006 1.2234391 -1.3988575
16.417326 9.1795921 -0.77675623
-3.4408283 -8.0371027 2.6688216
72.709129 32.972988 1.64048
-0.75124341 -4.9205251 0.22182332
-50.239506 2.0139301 11.869538
7.0824385 11.135524 0.38202444
-40.66642 4.563756 11.225013
13.660439 13.741893 1.8105338
17.413538 -41.135441 1.6638963
16.289679 4.6256409 -0.81851554
0.23928653 0.60621858 0.25916678
-4.9162188 -3.0050159 0.030557806
21.98135 -43.366821 1.3782915
39.604294 37.647984 -10.81557
-5.2011309 -4.098135 1.5671074
2.2477295 -10.821599 1.7261413
22.000355 -43.192936 1.7504455
17.519184 23.661684 -1.5070648
0.56784415 0.9284035 0.52878928
2.9894652 10.569017 1.5379882
2.8069239 5.5667734 0.97678697
3.5641935 -4.4092321 -0.41034123
116.74704 -2.0791564 10.456845
72.94133 37.01799 4.5523424
-3.4370217 8.3747053 -0.55893248
1.7659589 12.021089 1.2365903
1.0571581 -4.9874902 -0.30565378
-48.476456 2.3042824 11.539868
-5.1872506 -8.2603788 1.8911138
1.1661029 -3.1254652 1.2112281
9.5534792 -11.987846 -0.46001992
5.9874392 11.32863 -0.063506328
-5.0590215 -8.1884146 -0.13489157
32.694805 13.320869 -1.5465239
0.28973636 -4.6898861 0.93995917
33.04845 59.42421 -0.92556453
-5.207664 -2.5937731 0.80471182
-0.71960801 -5.7491174 0.94768351
-1.5590144 0.038317762 0.48775434
2.3300691 -11.019838 2.5682795
1.3746313 4.6218653 0.21423796
46.973106 24.049616 -0.97665066
-5.189301 -7.8939023 1.5152357
-1.2689471 -9.4819937 0.52702069
20.37771 -53.571262 1.6485335
-2.4185414 -0.83547908 0.22376347
2.6093063 2.4867833 0.39122042
34.249924 -16.569891 -0.34591949
16.297747 6.1666193 -0.80547118
-2.5368354 12.185576 2.1430755
-4.0853639 -10.410878 0.18054694
-37.93438 6.8935561 6.427011
-1.2046192 -8.239912 -0.080366738
21.570456 -14.43828 2.6258564
0.24896729 -6.9581156 1.0366857
18.859329 -15.070977 -0.055329487
-4.8677483 4.5953851 1.0515876
0.55913067 6.2239676 0.22457281
-2.832104 -3.9923196 0.71630418
1.4014302 -2.9618385 0.94783646
20.784138 -9.7833443 -0.096971221
0.043261193 -11.494881 1.3760452
-0.58462954 12.076359 2.0893812
26.380365 34.873585 -1.9559872
-0.16680588 12.082111 2.0882175
21.90056 -44.507816 1.4355692
-2.5724261 -11.485754 0.58285236
22.68111 -42.808971 3.2316666
-37.191383 5.2617269 10.408261
18.74003 -6.9963088 -0.065840751
-41.147652 3.3398697 9.5704708
-5.2668915 -8.3918571 -0.14736371
-1.119602 7.2069569 0.34938058
-4.2164764 12.226668 0.86124307
1.6111616 -11.61163 0.58056754
-3.4747524 -0.004808628 0.56952131
-1.9966669 6.3213501 -0.56075549
19.743279 45.241722 -0.57200629
83.03167 22.6147 7.785049
38.256874 9.9544458 -1.9817365
21.468239 49.473488 0.73586786
-48.146854 2.940953 13.221433
33.029358 4.0687165 -1.6155024
0.58867878 7.7137628 0.8840884
2.9810729 10.580973 0.7637772
-0.74015117 -9.1694555 0.51791161
-4.205802 12.194387 0.39718902
19.965532 -0.0462786 -0.12824866
-1.7398119 5.6851473 1.0280727
7.8114753 -12.201474 -0.40772426
2.4147737 -0.42303997 -0.43544689
4.7055988 2.182668 0.96646613
1.6070613 -9.1731319 2.8568461
-1.7862214 12.15361 2.5605946
-50.284515 2.7557561 12.001005
-39.508404 22.363293 12.249915
-0.70253193 -4.6420469 0.62603581
6.568881 -3.2167928 -0.62598026
0.54757935 -6.5559611 1.3800428
32.148655 5.8402424 0.85774422
3.5335011 8.811409 0.35726753
1.0218916 -7.7510695 1.0277355
4.9695849 5.0086875 -0.18891513
27.151499 31.533739 -2.259558
-0.71896058 11.906919 -0.023621745
2.8063385 -9.3343725 0.18972315
5.5403886 7.3241949 -0.61514676
-3.9583964 8.9357548 2.7919152
7.2366247 15.692286 0.43066013
-3.5732553 -0.40356091 0.23691621
-39.835945 3.1612782 10.976354
21.889854 52.843662 0.80623937
0.66776741 -7.7457209 0.20959193
-5.3882604 -11.059899 2.3156109
0.58356947 -11.522864 1.7918808
8.3260717 18.17144 -0.9447096
-5.1404405 -2.9748394 1.7493199
34.961208 0.49316481 0.78168356
-43.660339 23.792698 13.429011
1.1016091 0.2620919 -0.017170057
37.527569 11.633578 -1.9774508
82.355095 24.628229 7.7763858
-1.3898263 -5.0498319 -0.41542807
0.72381574 -8.5939522 0.1959506
0.48447162 0.093316451 0.26519218
22.19672 -43.802769 1.4227254
13.413465 -26.727652 0.016612019
-37.249561 5.1311169 10.342125
6.5697317 11.44665 -0.069526851
2.4007711 -6.3536272 2.1723082
2.2181377 -6.5627022 2.2040887
-0.61238533 10.803892 3.0649593
20.017 -0.25258273 -0.78682202
20.435619 -10.768698 1.6091946
2.5243914 12.007304 0.8492794
49.086533 102.54381 -1.7388222
3.4986057 -0.22036795 0.61746585
-37.612514 5.4783988 7.6428509
33.750385 13.173656 -1.8435082
-5.2044411 -3.0039062 0.38676867
3.0455751 -1.3967725 0.6218909
2.9688144 10.623759 1.1505876
-37.470169 3.9288299 7.6090927
12.342668 6.2667713 -1.0325092
74.08226 28.952646 4.4353709
-41.235172 5.1051736 11.396879
2.3127747 -5.2537842 1.7265124
-0.084760793 -0.99231404 0.15213002
5.0864444 2.7366147 0.17122908
1.0455955 0.22228786 0.50690734
2.8177989 -9.4061012 -0.15335305
-0.72358108 11.73049 -0.42989397
-4.1252794 2.6863079 0.93345237
-4.9527421 0.92801523 0.36425915
2.866281 7.9294205 2.4729111
3.4552965 7.8094974 0.18899052
-2.7623677 2.8084855 0.20264021
0.50293529 3.8362346 0.2605074
22.358154 -40.389862 1.3271866
16.976114 -22.471325 -0.077040128
-3.9388285 -11.391644 3.213675
113.40859 38.20166 2.3150961
0.21709354 4.862443 -0.19167107
-4.72084 2.585294 -0.31404734
0.41182017 -9.1692333 -0.11480905
29.27751 30.012945 -2.291913
1.0259434 -2.5456176 0.92228216
-0.2438792 8.7723684 -0.2514843
-4.3965588 -33.585506 -6.0110192
2.9325638 9.8588982 0.73283333
19.895102 45.139755 -1.2201525
6.713768 1.0360192 1.1092664
12.737463 4.2370539 -0.98128617
-4.7622423 -0.13148312 -0.096724547
22.185198 -40.484657 1.0322086
29.779779 0.02868985 -1.3846114
2.3169606 -8.922698 1.4874941
-1.3601717 12.106036 0.81832314
85.120773 21.73225 4.8686862
2.5864539 -2.5353005 0.98397738
-2.8256638 -5.1590276 0.031702206
1.6298896 11.526468 2.3947272
16.534744 -43.661804 3.3916085
-3.6936255 -2.5103137 -0.42589474
2.7685349 9.728075 1.0793431
-0.94110018 -9.9883194 0.88904268
-4.5645876 11.487289 0.78557581
-0.95566905 -5.099555 -0.40923178
54.12141 19.063175 -1.2393837
3.4662764 -4.387289 -0.39565837
-1.2614543 -11.602392 1.3872825
18.879333 -10.372373 -0.06176411
-0.72995192 -5.8120751 0.1732741
-50.0471 1.5062789 11.839691
3.8511965 7.1614079 0.26346466
8.7035942 -5.9311562 -0.62930632
2.4863155 -9.0081224 1.5033669
-0.93714613 12.108598 0.81578302
-4.9440117 3.4410491 1.4659706
1.0683551 6.7583342 -0.61579561
-6.001152 -5.1832123 1.8369952
-0.09103474 -1.9437308 -0.079978131
14.934517 30.849215 -1.8263782
-1.7419246 8.2446451 0.28589988
73.675926 30.697647 10.092273
3.7133243 -0.14768215 0.23546134
1.9702125 7.9061837 0.081965126
-2.1906035 -3.8897319 0.080653898
-2.1880603 -11.411561 3.479569
-5.2135234 -2.8910627 0.81802768
1.7919211 2.0081027 -0.50263846
3.8460042 10.250111 -0.81208938
6.6054754 10.551463 -0.92976069
0.56400836 7.3485599 0.84373397
4.4677186 5.9797435 0.091145948
-38.597088 3.214201 7.8426962
1.7875111 -1.9096583 0.61840057
2.9137669 6.7147975 0.29786205
-4.7644625 8.169693 2.2121072
4.2231998 -9.9150553 0.16225743
0.47602922 11.214167 -0.38459009
35.572632 26.78315 -2.4078472
2.6755216 7.7556586 -0.49579513
101.83917 18.297331 5.6820283
7.452219 19.829487 -1.0275378
0.15028462 -11.58923 1.7989448
-0.97303587 -2.5107348 -0.40576279
-4.5188646 11.866372 -0.025073806
83.275597 19.625618 10.79811
18.448181 -7.5541048 0.64159817
-0.89966846 -9.2912683 0.19797353
31.553783 13.308754 -1.726956
5.8597341 8.2019625 -0.34423131
1.4740455 7.5123658 -0.46247181
21.649834 -11.588991 2.4802849
-0.9724319 -5.1125298 -0.29970184
39.894108 41.722614 11.148298
19.550167 -21.356302 2.0118971
22.905069 -42.533772 2.7428677
11.463916 8.6284208 -1.0920863
-0.60903686 -11.542777 2.6250904
75.253944 29.925776 1.660033
19.003765 -15.395151 1.5525227
0.89206427 7.3350234 0.59636873
2.8018212 4.2251987 0.63633174
0.29092848 2.5938625 -0.21473549
-37.657787 3.674638 7.5870347
-6.4736791 8.0039864 1.8251976
-0.75959057 11.2512 -0.3956975
21.619678 -37.219608 1.2512944
16.813009 29.2131 -1.8258932
0.29728183 6.5947022 0.18485712
-2.581181 1.9173125 -0.2892465
8.3273287 21.327078 -0.33663198
-39.641045 22.149 12.279715
-1.5754073 8.353323 2.4667122
-0.981107 -4.5924168 0.63511503
19.973005 -0.41077319 -0.83809435
-0.42851073 -2.3357403 0.44158748
34.038635 -2.1901231 -0.40972379
2.4271255 -10.55488 2.888479
20.711153 -10.422791 -0.10282395
73.005165 30.134958 7.1686478
-4.825695 10.749089 2.4698834
-4.5403934 -2.0539575 0.5449453
-3.5241272 -9.6524639 2.7208424
-4.807415 6.186111 0.1098945
0.59435999 8.2106047 0.63557607
18.799969 -14.490828 1.5887446
0.096750483 5.2033334 -0.57219571
7.6246438 12.0969 0.39822933
-5.3695617 -10.624793 2.2481537
0.61421192 -7.3275685 0.2129581
17.388931 45.406685 -1.2205149
4.0879655 1.4359916 0.96163702
2.3294477 -5.1854143 0.016405959
26.454445 33.407917 -2.3236296
-2.4163873 -3.6269352 -0.34252182
-4.2451329 -6.8382769 0.21137196
20.208351 -0.41232949 -0.84556115
-0.20841499 -2.2276924 0.61079836
1.038198 6.1952047 0.24751353
2.4244571 9.6109447 2.4756792
2.840986 -2.8819859 0.73662567
32.800304 0.11361998 -0.40158343
-1.6733525 0.2734153 0.48901501
21.02729 -35.493752 1.2217168
-0.53607345 8.5953836 0.32614794
1.4425111 -4.8954778 -0.31042024
-48.399132 2.3837099 11.515747
22.168015 -40.51231 1.6617858
0.53286779 3.3822699 0.57973045
1.8757484 11.925445 0.38540521
-0.73533994 -5.1161513 0.98447996
81.66964 21.387993 1.7184376
-1.0137329 -38.089508 1.249138
6.7442145 13.554019 0.40654513
-4.798048 6.7340117 2.4092066
2.8904407 5.051435 0.6395663
0.50984752 5.7643194 0.25549027
32.561317 2.3220744 -1.6507285
-37.032684 3.5453517 8.890276
3.5274167 8.4701462 0.64670914
-0.91750091 7.793818 0.32370114
19.731133 45.222893 -1.0188719
38.301327 9.9518642 -2.0104451
18.568405 -13.378313 -0.064742647
2.0651386 -4.5395818 0.60452163
8.1802921 12.085397 -1.2074668
3.3277469 8.1169596 2.5670633
3.9113553 0.68917155 1.008485
159.02655 -8.4059782 2.9855647
19.575819 -25.594488 0.043203868
1.4622494 -2.5560207 -0.40390304
72.282181 30.63978 7.1274967
-0.4441773 -11.602362 1.3885196
7.6174059 -12.216147 -0.39777169
14.590361 23.135962 -4.3005962
-1.8062304 7.9738574 0.64539826
14.920662 30.781197 -1.4911425
-51.248852 3.7051265 12.140163
1.575838 -11.602216 3.0119979
-1.7994233 -3.5366235 0.68141162
-2.2599506 9.5470858 2.6324928
5.0039501 8.2593651 0.32112482
0.92824823 10.512582 -0.36335275
-4.8065763 7.4995627 1.9320542
-0.6620971 8.7674932 -0.25292009
-4.5006866 -33.562576 -6.0089612
31.011589 29.176672 -2.2956088
1.8885682 2.5821342 -0.51192814
-0.6366415 5.0966702 1.2130173
0.17920122 -7.4565096 0.99261802
38.174 8.7750931 -2.0053437
-44.470654 24.693619 13.696878
16.835947 45.606064 -1.0235245
-3.1653023 1.5630685 0.19907326
2.6634259 -2.2225158 0.64456278
2.313138 10.723438 2.7191803
1.3645767 -11.591351 2.650244
77.500481 29.986845 1.6958375
-2.094183 9.6201029 2.3964901
21.607092 -10.279841 3.2723327
4.0751548 -0.075225323 0.51144344
6.0421114 1.4305329 -0.76240814
52.245205 20.828121 -1.0422083
1.4446391 -2.3050857 0.13967673
-0.17689058 -11.559519 2.6264672
-3.5518317 -1.4368536 -0.38803476
7.3456264 18.230482 -0.24016097
-0.94100112 7.8876586 0.63747859
25.604883 15.94469 -1.5063239
2.2502072 11.93876 0.38624406
1.6293433 10.074944 2.9232581
8.2905617 0.77005315 -0.80167472
7.5687566 12.990773 -0.63922316
4.5739083 1.8139192 0.93983346
3.5488772 -12.130923 2.3901579
39.18861 38.258442 4.5705962
-5.0996823 -7.3710318 -0.10624342
8.4569845 -12.119879 -0.3977828
3.4933703 -0.58927351 -0.18874787
19.432547 45.171097 -1.246763
8.3288927 17.677551 0.44539639
-2.4865572 -1.8966694 0.44669798
-2.9520903 10.875745 2.7726314
38.968559 22.556217 -0.78953397
20.350672 -6.6440334 -0.79446077
-0.2008602 -8.2936563 1.0455478
18.782644 -16.019699 -0.095090203
-5.3805971 3.3789217 1.0178895
17.420002 -40.78159 2.9527361
-47.239697 0.85387868 9.5079794
21.623819 46.877647 0.7315554
18.789267 -12.417206 2.2786191
6.6404681 13.531017 -0.65433472
21.473852 0.70050138 -5.6146188
-1.4011792 -9.9071732 0.88616848
0.95857823 7.0585437 0.26476666
-5.9625673 -4.9703236 1.8080883
0.32847103 -1.7517679 -0.086711191
1.9892232 11.181752 2.7935736
2.1237686 -1.7493818 0.59134758
18.545454 24.633253 -1.5723504
1.7049596 1.766763 0.6485278
38.38158 10.457474 -2.0242186
21.619625 -11.68358 2.4926112
-1.1162833 -5.5859814 -0.15938331
-5.0096283 0.95600426 1.3832184
16.469986 -42.937786 2.6278532
19.025112 -18.602928 0.016703162
1.0918033 4.210145 -0.48475382
53.517498 22.7619 -1.2323413
8.0635271 16.215691 -0.19764183
-2.5131874 -3.5339315 -0.33782256
2.160625 -6.4328098 -0.26837584
2.2898445 -4.6422162 1.7268
33.719311 3.9840252 -1.7516994
-0.025623916 2.6558635 -0.44405419
40.699005 35.571415 -10.624343
4.3625507 3.3368099 -0.055516753
0.48117715 -8.2943602 0.20804542
-5.288681 -11.332939 2.3500826
33.995735 -13.297859 -0.41114402
-4.7317166 7.9771605 0.070434742
71.704163 30.914841 4.3594694
13.715053 -25.86314 -3.1655536
34.438629 -15.786802 0.96942049
-2.9448712 4.8314209 -0.037970316
26.106033 -10.829472 -1.2121491
82.068092 -24.29162 10.802978
-4.7826233 5.2965932 1.8492638
0.81923163 11.997749 1.6450343
-3.798897 -4.4780149 -0.048358783
6.9351444 15.028943 -0.16304858
5.2956462 6.1375256 -0.57987851
-5.9279022 -4.7561569 1.7762623
0.33713719 -1.4851928 -0.081076004
-1.4302212 3.0447176 -0.48443255
34.8078 27.604889 -2.3108044
38.575195 6.506887 -1.9515928
76.761139 30.803005 1.6892353
-2.860487 10.912332 2.3735271
0.23404534 -3.4356444 0.17248017
-49.494835 3.6309693 11.770018
4.4860525 9.2200375 0.3762795
-5.9626546 -5.2749209 1.2962292
19.482841 -5.6702399 -0.80572528
-0.89890945 -7.5286636 0.62041336
-50.256626 1.7424123 11.936392
-2.7693732 2.7959123 0.54527193
29.565834 -1.0268234 -1.3613837
17.549873 -31.37422 1.1081223
-52.431351 1.1725923 14.402599
40.713093 36.211693 -10.776192
0.75503725 11.987998 0.061641566
-2.3857994 -1.5581492 -0.40196863
7.3799186 -12.233426 -0.39462784
-1.2790197 -5.1314731 1.0150244
-44.440025 2.44401 7.1793642
-1.4742187 0.24868536 0.12057171
1.4487165 -6.598875 -0.26007059
-48.149841 0.78343219 11.48255
127.4707 8.2372999 11.410688
-3.9427624 5.0765119 -0.51304489
32.7146 29.633247 -2.3829086
-4.1643119 9.8969975 -0.37285721
-0.62842655 -11.523089 0.1765845
32.641151 4.2577987 0.72660232
1.6850688 5.3345695 -0.46568042
0.98892224 -6.5712523 1.0078125
4.3842001 -2.5535591 0.011579325
16.781078 -41.390743 0.99932843
40.893742 -120.7098 6.9237466
-52.280094 1.141214 14.188951
1.055516 11.994698 0.38549516
33.08746 2.2156072 0.84414089
2.0162027 3.5555143 -0.11670954
2.2994022 7.5692611 -0.47050786
33.136444 6.0891809 0.72230768
20.165129 -46.644962 5.0470128
-4.7728534 5.9127941 1.4179354
-4.6710353 8.9896736 1.4447469
-3.9014606 -3.2140982 1.0233423
23.229193 -44.078594 3.219754
19.176367 -20.319477 0.78051674
-4.3432808 -1.1346728 -0.3603954
6.6723514 18.599157 -0.25844789
27.642349 30.850321 -2.4224126
18.686436 -36.04808 -1.6234335
-3.3020287 -8.8195829 2.7305765
2.7098517 7.7168856 0.93619704
82.151352 21.26812 7.6810884
33.708805 29.710762 -2.3944831
-2.556078 5.1238074 -0.44489715
1.8252577 5.908699 -0.28478342
-3.7855756 -11.418699 2.2763677
28.118296 30.450834 -2.4318507
21.942078 -42.951275 2.7991171
-4.463603 7.5401058 -0.52390522
15.256145 -26.409533 -0.069684029
8.5899544 23.480034 -0.37424785
34.216705 28.587896 -1.9913867
52.341541 20.235094 -0.65094119
-49.587662 1.1900862 13.592007
31.936216 2.3610761 -1.6387267
1.8778834 12.02367 2.5443494
2.0425191 -0.70782256 0.60994673
1.4610225 11.941874 0.80775565
2.3740425 -2.3006992 -0.38001868
2.2958775 -5.1596527 0.41350135
-0.65163583 -6.6950989 -0.16994141
46.405449 37.634678 -1.6901546
18.546146 -13.804946 -0.063504972
-4.3619242 -1.1192404 -0.42395031
18.58811 -7.4111671 2.0553865
0.57599705 7.385108 0.21457539
4.8617177 8.3450975 0.66863132
-48.71941 2.5810366 13.382391
32.580372 3.9086399 -1.603496
-1.1433213 0.26956755 -0.0071478924
33.192154 0.71398598 0.75550479
-2.806839 -6.8030319 0.97211128
32.488575 2.6301982 -0.39377043
16.982853 -41.143723 1.3357986
30.39661 2.144439 -1.4392439
-1.8012174 5.6726871 0.70319736
2.483233 6.696219 0.93408817
-4.8936076 4.1853361 0.15207314
-0.58596718 5.0353699 0.56624985
3.6435175 5.9575596 0.83455312
-2.7197495 -10.032313 0.18505183
-41.159218 3.633734 9.8151894
-0.23936546 -2.2791846 0.85359955
20.250254 -0.41354907 -0.79416388
-0.62079531 10.780959 3.0655146
-36.790913 4.6741033 10.189513
6.4780321 11.952166 0.40488794
18.761921 -6.5648146 -0.81264794
73.821693 45.670555 1.7582204
16.617453 29.387539 -1.7934211
21.23634 -37.37923 1.2685449
-0.071112514 6.6346726 0.23097168
18.305178 -2.6264975 1.2329266
17.807907 -32.750347 1.1877471
2.3675911 2.3808696 0.81400096
1.8488853 -11.611878 2.2401357
31.904411 2.6612039 -1.6231821
-49.454731 1.5318346 13.570751
19.661932 -5.5445347 -0.79741991
-5.3818984 -9.0534563 0.91329753
117.23984 -0.9806776 10.49843
17.206011 -44.008881 1.2648213
-2.5244875 -10.0116 0.92174768
7.940568 -6.3403664 -0.59119081
1.9488895 -9.358078 1.5318791
101.45923 76.264122 6.900352
3.9419 1.0981195 -0.57611102
18.389221 -0.77805018 -0.087541357
19.346552 -1.3980064 -0.10416953
4.3876619 -2.2312758 -0.34439123
-0.18999417 -3.0166581 -0.4186314
-0.43853652 -11.602914 0.95761871
-2.2880754 11.991201 0.81406945
1.2515862 -9.2272863 1.5002435
17.041441 -44.014839 1.3901939
-3.1687207 -10.266966 0.92018497
-43.18961 23.875282 13.319635
1.7718816 0.19918288 -0.14426385
16.273737 -1.3100591 0.010304645
5.2621441 8.3262577 -0.0087437313
31.084076 13.307775 -1.698765
-46.040264 0.51910055 9.1939001
2.8351758 6.3134522 -0.63418341
-0.9324882 -11.601315 0.54653084
-4.6656032 9.3685532 0.036083639
-2.7948456 -10.770667 0.16697519
-41.129482 3.420706 9.822504
-36.534458 4.3484874 10.116857
-4.9044957 9.3248463 2.6106241
-36.32954 3.1732237 8.7032566
0.48817903 -3.3046048 0.84267592
-4.717104 8.3560276 1.0477864
-0.9510144 -5.7514644 0.14828759
18.409096 -3.9349592 0.5972017
-2.1483161 -10.985494 0.17190099
82.397545 25.207193 1.7478938
1.1255891 4.9830723 0.27220762
46.579216 24.431509 -1.0082109
38.531689 10.545672 -2.0246539
32.006115 5.8372884 -1.5805134
0.36106145 9.4811182 0.66845012
22.847261 -40.128094 1.4026314
1.5798542 3.6415379 0.036071595
-3.9640913 0.008390408 0.093967199
-2.1210678 2.8918817 0.56428117
32.455231 2.9224758 -0.41252998
5.0822444 3.0712597 -0.81861705
0.49240899 4.3596659 -0.25637358
-37.415886 5.4358864 7.592082
16.379168 -42.928276 2.9639618
113.61298 37.475956 2.3145037
18.821184 -6.9667869 -0.057528511
7.7541895 -1.3761934 -0.71808267
-47.668812 2.4475017 13.078894
1.7785984 -4.5092363 1.285864
21.035639 -26.020142 2.1699297
-2.4741058 -5.3126168 0.91767317
16.538801 -13.396985 0.0051532676
38.423679 12.800266 -1.86694
71.360222 51.790161 4.8831124
-3.3209362 11.437866 -0.42606202
0.23675838 -9.6223249 -0.14539926
38.425369 12.129715 -2.0588861
-0.53437942 -3.8977747 -0.170931
-3.4689152 -10.404477 0.96096623
32.911785 4.1503682 0.73068255
2.1180892 5.2415915 -0.46235389
19.776205 -10.658383 0.70383143
-3.9748671 9.8209038 -0.3565875
-0.18184125 -11.526538 0.17644933
83.172371 19.325136 10.777422
18.389633 -7.6281061 0.64536583
-1.3230294 -9.6672068 0.19445443
0.62666249 7.745544 -0.46646634
18.670824 -14.942967 0.0085422406
71.956337 33.654758 1.6337086
1.7488774 12.000992 0.81218368
82.063202 23.171299 4.7342982
-0.070694335 -1.4370755 0.53037745
20.020153 0.04091008 -0.84239602
-2.1334639 -6.8738732 1.207252
-5.1819711 -7.4955459 1.4735278
0.95808542 -4.0095 -0.4226456
22.254093 -44.148521 1.1019803
2.2441566 -10.118279 0.76014107
-3.1892183 1.5930744 0.40227985
16.777435 -42.293255 1.3321507
-40.258739 3.4446456 11.099686
53.926254 19.437447 -1.2343602
-5.2677717 -7.8568387 -0.10853025
27.518795 38.340092 -2.1930969
-5.1783319 -11.129436 2.7748296
8.5695887 18.951582 0.4526777
-2.589205 12.164518 2.5891333
-2.3282635 -0.6717779 0.5365656
17.727451 -34.425415 1.1700828
1.2005703 8.5062017 0.65221387
0.52464485 -4.6532416 0.3149147
-49.065125 2.7082279 11.691133
-5.2840052 -7.8544021 2.1731892
30.154886 13.050887 -1.5050222
26.407606 34.050705 -1.938156
-2.2376812 -5.0756221 0.06993223
9.3342381 11.270314 -1.1302128
21.106646 -1.9864844 3.6290605
0.64412439 -3.3366072 -0.43076047
-5.2310028 -6.4239321 1.3436853
0.7337442 -6.896328 0.6223408
20.824137 -5.5252724 -0.86754733
47.817039 23.879614 -1.321209
7.6852841 20.21497 -0.29921526
-3.1112201 0.54755515 -0.37109214
53.939098 19.637739 -0.61406964
21.372847 16.178085 -1.3097643
83.751938 19.050421 10.839182
-42.12339 3.6859629 6.9818664
-4.1044559 2.6267691 -0.45894715
46.160267 10.71978 -0.76745141
76.102043 44.80825 1.7837831
-2.9054797 12.129724 0.39773503
1.8647797 11.944641 -0.03444279
27.261395 17.147697 -1.644316
18.485247 -13.869366 0.81533659
0.658503 9.02141 0.21452421
-37.803909 3.5913451 7.6673956
5.3093395 5.8418579 0.1479196
1.347713 -5.7960234 0.54443932
2.420054 12.001472 0.38614181
23.190582 13.969779 -1.3589811
17.626318 25.300095 -1.5877618
1.0365452 2.6678159 0.63816798
5.3295741 3.472615 0.80683756
-3.2212284 1.6139202 0.36678806
18.356127 -1.5695606 1.1783751
3.7381077 0.22901434 0.62428063
-2.1414752 8.4054108 2.5004478
-1.8612058 -4.2590442 0.4037928
2.2076817 9.4963322 2.8100851
2.4494114 -3.2674007 1.0502144
2.1115286 5.8444133 -0.1033733
-47.09866 0.37441137 9.4899197
3.8089499 7.7682571 0.63942689
9.7789745 10.922285 -1.2065942
17.046152 -41.16452 1.6637774
-37.361904 6.7248797 6.3099022
1.7154051 5.0531354 0.22233213
47.407471 24.455694 -0.98413259
0.49442464 2.1997166 0.18201324
17.584681 25.173046 -1.6174742
22.088104 -41.795692 1.4353771
22.049673 -25.905947 2.2332802
-42.059036 3.1642399 6.7446327
18.531483 -4.6329021 1.9545738
45.861282 24.308737 -0.60822153
0.21262434 4.5973935 0.56059468
-1.0001352 -3.9201241 0.93405378
2.6343968 9.8504314 -0.70282423
-47.660419 2.3748047 13.09271
1.6712897 -4.9248257 1.2801542
7.6167541 -1.6260301 -0.70540309
-36.383553 5.7455926 8.8219309
-3.756393 -11.411545 1.4246485
-4.2863069 -8.6496906 0.19790508
3.0426762 11.045095 0.38000774
7.5876002 11.992929 0.40522537
-41.72163 3.4239407 6.7318645
6.6981168 11.755752 0.39140725
26.992218 13.350995 -1.5008732
-47.966244 2.4333537 9.63943
-36.263996 2.7793419 8.8024664
16.659781 -13.188819 -0.024352606
3.3236217 -1.0156492 1.0553215
-48.877522 3.2321265 9.8249254
19.198982 -21.130543 0.88612139
-4.3420067 -1.8559611 0.38186496
1.0354911 1.791067 0.23071274
31.365881 34.516766 8.874032
0.56372249 -6.3282976 -0.14918245
-5.3160825 -9.3464909 1.9289489
-48.881214 1.1643901 11.582203
2.7435949 -9.0138845 -0.14928167
-41.559647 2.7451031 8.4546537
1.7312056 5.1264005 0.92212105
-3.3091826 11.413805 0.40361124
0.23007125 -9.7118692 0.87714285
37.41851 10.48628 -1.9737686
82.032211 23.457232 7.7209401
5.1436005 3.0666838 0.99921918
33.260586 5.1964035 -1.580822
-44.435711 2.4532387 7.3786645
21.114555 -36.331749 1.1926262
0.96045876 -2.1115866 0.59472859
21.035917 -35.789486 1.1916214
82.151505 19.87829 1.7201304
30.602692 29.471264 -1.9148223
-5.1872592 -9.4561863 2.1193235
-48.667168 1.0560614 11.608138
1.0892447 -6.2272859 0.12195563
32.651688 29.654507 -2.4430137
18.970903 -1.3032054 1.9195883
-45.279755 1.9070655 7.5373235
32.660534 4.0647058 -1.5865735
52.609062 25.662159 -1.0703927
1.110593 -4.9732594 -0.40712065
-0.81652391 -10.011134 0.53685427
-4.5001721 11.023294 0.38299569
-0.16780868 11.997491 0.40777946
47.598839 20.149172 -0.92288148
1.6627096 0.48874107 0.23403165
19.61582 -22.205803 0.95100731
0.28489855 12.027188 -0.028899038
38.562195 6.2716775 -2.0271525
34.935341 27.424915 -2.408361
-40.41428 2.3290653 11.141332
26.763155 32.32539 -2.2835021
2.7717025 9.5874529 1.7813771
-2.0331452 -6.9321113 -0.042033292
18.309252 -2.6126585 0.57617986
-1.2721001 -4.4925632 0.35112834
37.606743 11.237665 -1.9678587
-1.2596776 -7.8245068 0.20318833
18.360495 -5.7784762 0.61474794
35.494751 13.171309 -1.9110211
85.585854 21.261471 1.7821748
0.33676893 -11.601641 2.2015207
28.007683 17.621016 -1.7045386
81.291275 21.852522 4.6773725
33.791668 -2.418448 -0.4254348
-4.3462281 -4.84409 0.22347955
22.44297 -45.414463 1.4581174
-1.6545209 -5.5150995 0.58845299
-6.5006847 3.4078679 1.7567917
53.169666 21.575397 -1.1104969
2.3959527 -1.6180099 0.013396657
0.6009168 6.8822103 0.64351547
16.770433 -41.385422 1.3400921
-4.9439158 2.4214642 0.35376257
-4.1081119 10.951408 2.3964567
-2.8155615 -9.6149673 0.19633251
-41.388668 4.0966969 9.877553
19.854929 -0.17939684 -0.7868188
34.080917 -1.9398648 -0.38584957
-1.119596 10.809278 3.085772
20.697258 6.0256133 4.39083
4.9833336 4.9783096 0.25915825
-2.4873118 5.4422894 0.63788354
32.20784 5.3866272 -0.42834646
21.172943 -36.884827 1.254415
16.362453 29.667719 -1.7965459
20.403463 -58.181091 1.3309355
-0.60717309 -4.247818 0.16342017
-50.266235 3.1449864 11.948943
40.065281 42.459564 11.247046
-2.0634608 8.0589714 0.29632163
14.644298 30.925495 -1.823215
52.579998 19.859997 -0.65570199
71.801109 34.752598 1.639295
-4.0273147 4.7933917 0.13299294
34.251579 -16.547956 -0.40969086
-4.0140123 -4.4561863 0.023346171
0.70358533 11.995021 2.1044424
37.375687 -108.21068 2.225373
-0.12692496 -4.1708503 -0.33622906
-49.679943 3.1431234 11.499836
-0.54709035 -5.142385 -0.29945844
21.233992 44.845047 -1.2519933
-38.107086 6.9222255 6.388279
38.478951 10.848931 -2.0465848
-3.521795 -0.51605439 0.81351322
-1.2614307 -5.5173392 0.090980068
18.287182 -3.4119408 0.58437663
19.359325 -19.969904 0.88687718
1.3004764 2.9455955 0.27169797
-3.6625719 -0.4084565 0.23693903
3.856837 1.3874587 0.25535572
-1.41356 -2.2014487 0.22898929
-40.171688 3.6173751 11.049479
-4.6361899 10.613589 2.0182106
3.5568967 0.13732573 0.22520334
-1.7422123 -3.5493486 0.2591818
-37.937332 6.9013286 6.3867526
-52.205479 1.3052479 14.420885
38.565289 7.5899076 -1.9545354
-1.5019356 3.6949849 -0.49709937
3.6524448 -4.4014893 -0.39553273
7.5955453 -25.979155 0.020126453
-2.7950647 10.860435 2.7629871
-2.3939455 -1.8044113 0.48224092
8.4273796 17.783249 0.44418794
-2.9913218 -2.5144904 0.25322616
3.9202709 7.5530524 0.19716667
32.630299 4.2650914 0.8480801
33.861565 29.32881 -2.3940516
82.362495 21.046062 7.6940832
-2.523073 4.5068836 -0.54031324
73.701668 45.312164 4.7974634
-5.0718355 -0.21449207 0.93716556
19.075907 -19.77799 -0.092822604
121.55087 -6.1026096 2.349885
1.4412227 -4.8856611 -0.40732676
0.53871852 7.3994131 -0.17452493
-5.1440668 -4.0077391 1.8084985
1.1147077 -1.0021269 -0.089925721
-3.4601164 -1.6582502 -0.40074861
-4.1085024 10.768016 -0.39501834
81.026703 21.766481 1.7095499
23.108332 -42.372993 3.218976
1.2901455 2.1471646 0.86828202
19.468903 -20.616634 1.8880123
1.0720755 -11.573054 0.5737589
3.3477175 -7.7307301 2.2682645
-4.917479 -2.8379879 -0.15519923
16.393066 -11.904188 -0.042785276
-36.742115 3.8993123 8.8127708
-36.803257 3.5694101 8.7854996
1.369626 0.55994958 -0.11047389
-43.277752 24.10844 13.369879
-7.9905701 5.5558777 1.7567109
27.581556 -7.5814285 -1.2444345
20.249653 -1.2180368 -0.78871322
-0.20455243 -3.0275648 0.95857376
1.0079979 5.4006791 0.59491271
52.359467 30.521801 -0.79570317
-4.3606849 -8.700367 0.52765602
0.30257067 -7.8301768 1.0336374
4.4209647 -9.8851204 -0.22690178
129.38647 10.02024 7.0516353
-4.905427 8.0984659 1.3692518
3.6913006 5.8754139 -0.48890969
-45.381504 0.29299086 9.183032
-4.8090777 6.8707237 2.1285453
22.119759 -43.937275 3.206934
19.987864 -46.68058 5.0319052
-4.8064303 5.8566995 1.4119687
83.442841 17.458609 7.7153087
0.70716733 -3.2823014 1.2102071
1.4113396 11.592329 -0.43890548
-4.7262306 8.3248816 1.380924
0.92907667 -7.3661618 0.99795884
6.0636764 8.1487017 -0.7015937
0.066454411 5.1030173 1.216943
-1.7151531 -5.4369364 1.3316388
4.3931646 -2.3352649 -0.49710312
18.410631 -3.6607816 -0.067580171
-2.6857984 -0.30452195 -0.24429232
8.3566599 19.420782 -0.2739383
21.095181 -2.0941837 3.635169
9.5154924 11.129704 -1.1310112
3.2473543 7.7253065 0.93919069
-1.0766983 7.1914501 0.40754938
-2.2077301 -1.3220319 0.87721503
18.954889 49.643452 1.2511984
-4.5062923 12.11272 2.2182605
17.237396 -44.780109 1.3777652
75.081299 32.349514 1.6729835
-41.692989 3.0225925 8.332078
1.4377002 5.3684716 0.59344161
2.1936867 -2.1254864 0.6596458
1.8137159 10.708364 2.6914365
-4.1065364 -4.408607 -0.17785722
0.72536802 11.993307 1.6626158
6.6582446 14.973453 -0.16088068
18.883961 -11.999827 0.7097187
6.6515865 13.769364 -0.66426426
18.795944 -12.371301 2.3237314
-36.605453 3.4440281 8.7670088
2.1357296 5.0098848 0.61990297
-41.064228 2.7785146 8.2951899
1.7176374 0.49410832 -0.12927881
-43.170425 24.380619 13.394984
0.26983079 -3.0293219 0.99821889
27.652493 -7.3984904 -1.261302
6.5996838 16.266155 -0.81697685
10.063432 -4.8078208 -0.67788392
4.9037619 6.5428019 -0.79827118
27.392143 13.342125 -1.5197316
6.8166099 11.766343 0.39196861
6.2614369 11.098931 -0.063087121
-4.6178689 -8.7172995 -0.14533436
-40.565716 3.1408615 11.220798
-3.205899 -0.29719681 -0.40499148
18.557901 -2.2343695 1.8994493
0.31677681 7.0581136 0.56018442
-49.155739 2.1833241 13.616863
32.308277 3.5395398 -1.5625129
31.775774 13.181228 -1.72929
6.0553107 7.965199 -0.33619082
23.044556 -39.965084 1.3851359
1.3312852 4.2190232 0.21015741
47.115669 23.981724 -0.97084969
-1.4999605 -9.9183664 0.53751081
20.114285 -53.667622 1.7203741
2.7062147 3.7707705 0.65044105
-1.9217983 2.9869502 0.2186168
21.499014 -11.843159 2.4776559
-1.3374016 -5.496232 -0.15872681
0.19575043 4.8721237 0.21904795
45.838173 24.469873 -0.96494168
1.7064774 3.7628412 -0.21931778
-36.341068 5.1467609 7.3792
2.4187932 -9.7282448 2.3349566
1.0139077 -7.4028482 1.308386
13.811672 -26.728704 -6.5445685
-5.1918921 -6.4168258 1.6298887
0.93921888 -3.2704875 -0.3636266
-2.0258703 -3.0407133 -0.43364844
15.673359 -25.86499 0.05063051
36.159225 13.237878 -1.9710402
-3.9728789 9.8385105 -0.40906897
37.345947 12.640319 -1.9919291
-2.6949608 8.9368649 -0.59463042
-7.0138259 7.3621082 2.1763608
-35.956951 3.4652832 10.018971
-47.882038 2.1656289 9.6621723
6.6817799 11.345331 0.3891536
27.005243 13.187628 -1.5370129
-4.7931581 4.7449865 2.0047941
111.55442 -3.6452684 -1.7046436
3.4386926 9.1442041 -0.81226724
32.166603 5.7789302 -0.32981443
7.1088324 -12.244672 -0.40443805
-3.4261799 11.082882 -0.40728593
35.63224 26.825806 -2.4207511
1.1157081 11.995734 -0.031901602
74.579269 45.831791 1.7705786
-1.0690391 -8.2711992 0.69216526
2.6867766 7.5851855 0.92256707
12.3179 -10.776238 -0.52182317
21.123695 -24.751596 1.0030465
-2.2517715 -5.5004888 0.14974235
6.3800144 9.1723156 -0.80025434
0.34094685 5.7355275 0.94424015
9.6241503 -12.007198 -0.46306357
-0.22806141 7.3750992 0.92552388
0.51419771 -5.0408473 0.62873471
-3.022856 -3.7837303 0.0760618
39.813923 37.367516 -10.806002
34.632126 13.281553 -1.9067343
-1.7135955 -11.427686 -0.0033972014
-1.6303371 2.0543604 -0.40762186
38.329071 5.9430952 -1.9308902
-5.2324171 -6.2389765 1.8143955
0.61223751 -2.866574 -0.37883329
125.31744 17.154989 6.8803368
6.4898801 9.1936626 -0.40908507
52.444515 20.076351 -1.2257277
16.324734 -4.4070802 0.0079710362
1.7290024 -2.9672039 -0.38542643
126.46455 17.018785 6.9385629
0.89283025 -5.7602525 0.17171325
-48.555195 1.3504075 11.619125
-5.1818008 -8.8613443 2.3329215
38.303993 23.955826 -2.386272
16.276989 -2.7954385 -0.037060112
-2.195581 -1.4022667 0.61486036
8.5724525 18.180489 0.45542806
17.241116 -26.963602 1.0125995
-0.9321534 8.5509949 2.3618784
37.516247 11.066309 -1.9817202
4.240881 6.4519086 -0.18494521
26.372303 33.126301 -2.3622682
1.6905873 -5.3354034 0.11058179
21.192316 -37.263451 1.2601953
16.318018 29.581633 -1.7962202
7.1905169 -2.3963718 -0.67240506
-48.520008 1.8035638 13.093904
0.88840723 -5.3400178 1.360587
32.386131 3.5583181 -0.39352748
28.598961 30.1833 -1.8885968
3.5128245 -0.53380567 1.0068194
19.423906 0.11065073 -0.80718988
2.3457246 -9.955225 3.1099763
-1.0652905 -1.3244797 0.59612983
23.097973 -42.373932 3.0916491
-3.1450427 1.5873402 -0.0066209072
7.6885004 21.081116 -0.32005861
13.941452 -9.9682217 -0.58523744
72.114059 34.360413 4.4527869
16.453848 -11.853443 0.0052419067
-7.3445082 7.9624629 1.5390711
3.89873 -0.5878861 -0.53392947
18.332462 -2.1833313 -0.076872267
-2.2184181 -3.635282 1.2528961
116.23322 42.206364 2.3826001
3.050375 9.1062498 -0.30964372
-5.4896841 -8.2605724 2.9795823
5.4016027 6.6479511 0.056218922
-37.81015 4.1499724 7.6788239
-0.55639112 -3.8026133 1.2829237
49.018532 16.380888 -0.92194259
-1.7320778 -6.9084187 0.20585258
2.8534827 9.3837194 2.1118248
-1.6817024 2.2195549 0.28280053
-4.3213015 12.011959 2.6512363
-3.6121547 -0.51428413 0.76155531
2.2391181 12.00136 1.6780334
8.117341 15.242939 -0.16629998
-2.7086139 -4.3912549 -0.27961248
125.96956 15.765436 11.342246
22.466316 -40.409031 1.3348193
-4.0186229 -0.27946055 0.2304657
1.0269725 3.4116664 0.21385346
-0.018825924 -4.8557205 0.408582
8.8921852 19.37468 -0.27665985
-1.7415714 -0.090028696 -0.039868888
20.690815 6.0485339 4.4039316
0.2560735 -2.9591749 -0.378308
4.0540175 -0.14930238 -0.56070924
18.681616 -1.7633817 -0.087893695
-1.7963784 -3.5405917 1.3027576
1.3293906 1.002358 0.63399738
13.231617 31.568436 -1.8698053
-0.36384436 -6.3421001 0.00084306794
-49.845844 1.1509471 11.864526
20.447218 -10.81079 1.5298834
2.6499703 11.91602 0.4043197
-5.2472563 -6.6374397 2.2636805
0.52750272 -3.4432938 0.31011167
-2.1121771 0.26975802 0.17800473
1.4087497 -5.5029092 -0.16144553
-48.394245 1.628087 11.529403
18.519466 -11.992115 -0.070162602
2.328824 -2.9557848 0.66339839
1.6555626 9.6098948 2.7955992
-0.75493926 -4.6278186 1.2657101
5.5366974 -1.485617 -0.66058707
-2.1162868 -5.1680636 0.98698121
21.299053 -25.897392 2.194649
26.111715 35.234634 -2.3819211
4.3151875 8.9649954 -0.054733895
-49.560932 3.1855869 11.776222
0.25248563 -4.1962013 0.24796352
19.837011 -25.946041 -0.13899863
16.229509 -4.4043922 -0.62401354
8.8327103 -5.8637042 -0.63826388
-0.77671945 12.104478 0.81815755
21.069567 51.593853 0.80733699
-1.8189315 8.4036598 2.4820993
-1.3239924 -4.2711444 0.64995897
-49.51683 2.5130587 9.9758415
34.406029 7.4954953 -8.0916433
2.9246724 2.3517737 -0.50829494
-38.109871 6.9227328 6.4233222
21.218065 44.880508 -1.0050275
75.563194 44.973717 1.7773501
-0.077940807 -9.0931091 0.52514982
-3.6934688 12.185596 0.3979373
-3.9807477 -2.9218047 0.38345173
19.399687 -22.207781 0.91903013
1.3418543 0.58884323 0.24533434
-0.81518221 11.992376 1.6359217
38.20409 40.94529 4.7517776
2.4377165 -9.4453621 2.2826986
17.890766 45.317959 0.69440889
16.409691 7.6279521 -0.82062101
-5.2235436 -6.6307173 2.5648415
7.2814093 11.404493 -0.081945591
2.3153851 -4.0861502 1.4750234
-47.433308 2.8238218 12.978158
8.001605 -0.81556749 -0.7486977
32.714153 0.61131185 -0.40638646
-2.2642934 0.55083293 0.71737456
2.3927472 1.3749597 1.0194777
-4.9756589 -9.0204086 3.0928078
114.24028 2.0020869 6.2440114
18.73008 -5.9523168 -0.070229121
4.0317388 -4.3895445 -0.44350329
71.126244 35.012367 7.1937714
20.33338 -6.5818539 -0.85579973
75.571777 45.787163 1.7845448
-0.20927206 -8.269021 0.61329865
-5.3924427 3.3954198 1.6803011
0.55832654 6.5206456 -0.27496994
-5.1873169 -5.8927488 2.1338382
0.98803103 -2.4928749 0.21992303
-2.1527395 -3.0148232 0.6319077
1.1920215 -11.474506 3.0176339
-2.6945734 9.6289797 2.4870446
19.215322 -10.808614 1.4631237
1.4248853 11.881612 0.76408404
5.1364169 -1.9561706 -0.6169467
-0.98988962 -5.0900292 1.3251221
-1.695853 7.542685 0.6168806
-2.9009948 -1.0423658 0.89232421
-0.2492861 -11.601974 1.3891109
72.520454 30.471441 7.1409245
0.72756845 8.7527676 0.96430486
18.788519 -14.253742 1.6025398
8.1648483 -16.847025 -2.5905607
2.484499 -8.7864695 1.8099207
-3.5670712 1.5843601 1.1135604
32.872532 0.73269081 -8.676466
-1.6524371 -6.6007094 1.4001349
11.720359 -11.249906 -0.52018094
2.2263641 6.5179629 0.90336639
-2.3640721 5.6136308 0.55279213
-5.3173175 -9.0516796 0.19500934
17.621601 -28.270885 1.0478547
6.9256673 14.178815 -0.14090358
21.419609 0.52394581 -5.5969367
18.607813 -0.35433322 -0.75575542
-1.6529762 -1.7884208 0.83765906
-3.0573685 -6.3241673 0.70261616
7.8377309 13.391212 0.41701791
-4.5904093 11.77139 2.1743288
17.218063 -44.825741 1.4187109
0.32046118 -6.6370888 0.98388964
-3.0696883 -2.2689712 -0.25632939
7.9575243 17.295881 -0.21802849
-6.4016399 7.230227 1.7351124
-0.56910133 10.602826 -0.36222377
2.2440925 -10.844797 1.5787761
0.5885334 -11.449638 3.4473197
-3.0882418 9.843358 2.9357727
-2.6046412 -3.0371118 1.0286086
74.863831 29.408026 7.2951336
15.746601 15.399527 2.0385191
7.5134563 20.279593 -0.29984352
-3.2231271 0.58420563 -0.39693284
47.358257 23.897907 -1.3070778
27.040577 31.804876 -1.9012643
-5.178833 -10.00641 2.1562407
1.0034702 -7.0420508 0.22052695
32.676441 4.6909347 -1.5847282
-45.383965 2.2593071 7.5282416
-0.18150072 5.8223782 0.62759322
21.217247 44.851513 0.70409298
16.784021 28.616388 -1.5215998
26.578201 33.002934 -1.9325453
18.624769 25.054535 -6.0970225
2.4188128 -11.289454 2.6479011
28.124849 30.446369 -2.2422676
21.92613 -42.964638 3.1008608
-4.7800331 4.713757 1.9891119
27.011086 13.190609 -1.6062577
-47.824379 2.1327972 9.5639896
1.4210495 7.7005277 -0.20681484
19.123369 -12.48323 2.3389447
-3.6445835 -6.0817027 -0.40361482
-5.3137612 -8.6912756 1.8145021
0.46265835 -5.4060521 -0.14690675
1.9459044 11.993229 2.0995898
-2.8077307 -4.4400449 0.39758432
-0.21360449 7.7608237 0.62651008
21.385143 46.999859 0.71776938
71.286026 31.001753 4.3412743
13.449387 -25.854542 -3.1488056
-5.8553562 -4.6142378 1.1975638
-1.3902173 -3.8120098 1.3027821
1.7279441 -2.7480617 -0.2108192
16.271545 -4.318006 0.0094728954
0.95511544 -4.0870233 0.59252828
11.373919 -2.8930814 -0.80259234
3.6696117 -0.46525317 -0.16238093
-0.51054758 -11.6048 2.2073829
27.529562 17.701006 -1.7002636
33.392654 5.4196377 -1.5709021
1.1028132 -5.8198133 0.60646141
83.202568 18.490173 4.7324791
4.9187756 4.2555223 0.58134729
47.832638 24.018366 -0.6423344
-4.5484629 10.590566 0.76990128
0.59666377 -1.0613936 0.5350197
-0.77710283 -9.5114632 0.85922825
-4.8089314 4.9257097 1.0733778
18.879072 -14.733809 -0.062836327
17.016346 45.459663 -1.0000201
1.7688878 -6.570158 0.62434423
0.95451242 5.8512416 0.95380253
-4.8539314 -0.075607218 -0.10274603
21.958546 -40.577183 1.0239996
51.88987 37.822483 1.3754584
1.2925792 1.7774423 0.65079129
18.212334 24.675213 -1.5838419
14.965152 30.870741 -1.5347383
-1.716012 8.3039579 0.6545592
22.360723 -40.626186 3.3002837
27.641905 30.832102 -2.2413645
3.5853326 0.8806597 0.28768063
-1.7249628 -2.7118888 0.11446133
32.401623 3.6113319 -0.41989657
23.193357 14.539108 -1.1379944
1.465247 -5.0493484 1.0785866
3.5404484 -9.9445829 -0.20414059
-0.15834971 11.208875 -0.40332413
-34.993675 4.1244555 9.5797729
3.5987346 0.064935133 -0.48464024
-2.5833411 -3.1419919 1.2990571
-2.4465058 -6.0574431 -0.0023250787
8.1683884 13.380737 -0.12704378
1.396181 10.058534 -0.69421768
82.363449 -22.431898 10.775597
-4.7834644 7.1885428 1.5477307
8.7700367 9.5438786 2.6665318
2.2470942 -10.712777 1.7116416
0.68449515 -4.5454106 1.3785321
-48.865143 2.4873567 13.127505
2.6191895 -9.4279947 0.52131706
-1.0952227 11.970854 0.025321286
0.73612463 -10.789119 2.8749466
-2.708281 -2.0942249 0.51111215
8.3557329 17.412853 0.44446212
-2.9476986 10.752112 2.7425685
38.975719 22.009695 -0.74817181
20.985813 44.952641 -1.2165112
0.73821336 3.484272 -0.49385568
4.8791361 4.3257203 -0.22334331
-1.7457862 -3.919539 -0.43292013
1.4722785 -9.7533255 0.91797549
17.190409 -44.79652 1.0143726
-3.6517024 1.6918207 1.05636
28.855413 30.021151 -2.4042256
32.959503 13.25269 -1.5518262
-40.331978 2.9813373 11.100242
0.56244141 -6.2082095 0.98722458
2.9873044 10.604652 0.37639913
-49.996151 3.6256745 11.842515
-0.35619217 -3.421495 0.20689343
-3.6210573 0.061772559 -0.35596758
-2.3100798 -11.471241 0.17788066
34.189049 13.228992 -1.5999408
1.3043987 -8.7149134 -0.11483439
2.4673605 -0.15424553 -0.44465971
1.4002627 -7.0034103 0.59609127
0.46045667 5.3617291 0.97741044
46.337776 23.988281 -1.0640829
0.47171053 4.2406311 0.23477592
1.243582 10.433431 2.9988875
1.7901343 -2.2060649 0.89005452
-4.7878518 7.9935298 2.6710405
-4.1888676 -4.807898 0.65597767
76.38562 36.371403 1.7211462
18.728596 -40.744255 1.3771995
14.021586 13.207278 -3.6405413
-37.468754 4.4734225 8.9813814
-4.4127636 -8.5971518 0.19711514
3.3984787 7.4250307 0.19559126
-1.0941656 -5.5847449 0.042399324
-50.416023 1.6361263 11.887355
-3.3275645 12.135267 -0.029442215
0.19292489 -8.9419842 0.20735165
28.918114 30.035271 -1.9167612
80.683006 20.588518 1.6988847
-0.044081714 6.2896938 0.59059209
16.764715 29.033379 -1.4889838
2.6025283 2.5990243 1.2762705
5.2560129 3.1399415 0.3048754
0.24685878 -0.60912216 0.28295168
34.092583 -0.010208201 0.81416291
-3.2995117 11.436574 -0.3892512
0.28614166 -9.6006165 0.19470945
-1.7165413 -11.430595 0.17659035
16.518948 -13.402137 -0.029457429
38.41724 12.814771 -2.0269094
-0.53473866 -3.0176888 -0.38191393
3.9909797 -2.3687766 0.033045273
-2.2840905 -3.259876 0.24118112
19.169266 -22.059874 0.033826571
-5.1372457 -2.5869858 1.4457293
-1.7196795 0.49589652 0.60946089
-3.213695 5.6597099 -0.53401685
18.323969 45.154057 -0.5676614
2.464211 1.4104822 0.96909904
1.1467105 -9.823658 1.6088594
-37.862633 3.8917406 6.3176093
-5.7944283 -1.9216923 1.4353027
36.551956 26.080097 -2.390569
-4.8762479 4.4255557 0.78196514
-0.54218638 5.500432 0.94957536
20.735683 -5.5528235 -0.86948323
0.19505687 -7.0080829 0.56945789
-4.8155155 11.329134 2.5674818
-1.2757879 -7.7207789 1.0301028
18.832935 -6.365859 -0.78115743
13.717943 -26.764444 -5.4472828
-36.50716 6.1670251 10.156703
8.2757444 0.6206342 -0.78859794
7.5180964 13.066545 -0.11018769
13.372639 -11.091834 -0.58136094
3.724622 7.1929822 0.88031983
-4.8111205 6.3351417 1.1931945
0.29131064 -5.4291601 0.9096542
2.5001159 -1.5887939 0.66210794
2.1268547 11.215699 2.7942679
-5.820559 -2.614738 1.4102849
5.6457849 7.023293 -0.59937918
42.059566 -120.40164 6.9284253
-5.2127695 -5.0815563 2.2333288
0.52735806 -1.7787606 0.27531776
20.082319 0.051600102 0.57288742
-1.102102 -9.5307274 -0.13778715
2.8910761 -0.58889097 -0.45227242
-2.9000952 -3.6565535 1.3431288
15.580907 15.688382 2.0437024
79.811203 -25.828926 10.594269
-49.726688 3.1737483 11.830152
-0.0079615209 -4.2110844 0.38701668
53.52853 22.770176 -1.0627053
-36.93409 5.3907685 7.519032
16.485495 -42.971069 2.993365
1.0886787 4.2067504 -0.18000156
-5.0446057 0.041695949 -0.02569849
3.3110764 7.0134268 -0.20412463
2.394783 -1.5961877 0.011397092
53.195202 21.640865 -1.0618284
2.3604672 0.10521389 -0.41768864
-3.8021746 -3.0404229 1.3572572
19.243053 -19.386662 -0.066711776
4.5662036 2.9618521 -0.59079695
18.770365 -6.9587197 0.005443499
-4.5537734 10.132816 0.78332037
0.61712986 -1.4243711 0.61495733
1.9660051 7.1908751 0.097016156
-47.031193 0.88053107 9.6254206
3.3607185 7.3857813 0.90340841
12.980021 -10.601413 -0.55722481
7.0956602 13.351501 -0.11472134
-3.7129996 -6.0636082 -0.26495314
6.5801821 17.536175 -0.88730901
21.132137 44.888458 1.2101104
8.9102602 -12.105236 -0.39425433
5.3870039 8.9508781 -0.40067706
13.747458 -10.104123 -0.57985735
10.003121 10.848153 -1.1260881
3.6318281 9.9098034 -0.81878346
1.8224261 12.022759 2.1029732
-3.0286796 -4.3553214 0.39864746
-1.3378836 -11.49497 -0.0029081239
35.02533 13.417212 -1.9138978
18.813753 -0.72711533 -0.095405601
-1.0999513 -6.9575458 1.3146961
-3.4660699 -2.0633011 -0.32585746
7.29737 17.411406 -0.21929812
6.7592349 13.703636 0.40869829
-4.7294993 7.1915379 2.4887068
-3.7198474 12.190753 1.7410315
27.974791 20.786497 -1.8524519
2.7459221 11.456907 -0.37011895
3.5885954 -1.1925226 -0.49924734
22.102301 -40.97419 1.4012641
17.427076 25.606249 -1.6170335
0.45306623 2.9655237 0.25214416
8.429882 -12.422244 -0.42988294
-1.0309284 5.2961164 0.96540713
17.645267 24.093252 -1.5476789
1.0414568 1.5198126 0.60914499
-3.2045374 0.40190163 0.23482509
13.006618 31.620434 -1.8221762
-2.1084161 8.361599 2.4969327
-1.8242348 -4.5432162 0.40752995
4.9617519 2.672076 -0.19320622
-3.3386135 10.97482 -0.39653137
-2.5637915 -1.2795801 -0.40132004
35.612255 26.807869 -2.1766105
1.1506832 -9.1880875 0.87563848
-2.5555623 12.14081 0.4043597
19.009155 51.53413 0.74142271
1.6932491 -0.26993901 0.21673204
8.3230715 18.557562 -0.26189148
-2.6564591 -0.96723354 -0.38469255
0.77233249 -10.848475 2.8825099
8.3354912 17.078554 0.4503808
-2.6983695 -2.6928098 0.67272514
1.70864 -1.7574613 0.92148465
12.266346 -0.62520093 -0.79561865
16.447926 -42.624115 2.6690848
1.1717606 4.6491704 -0.54998761
18.993244 -18.266472 0.018849369
-5.0426989 1.2391883 1.2403275
1.0181385 3.4140644 0.59579319
22.420404 -40.429714 1.6621025
8.3861341 20.725307 -1.1027133
5.9893875 0.062802441 -0.71933246
0.68476379 11.720246 -0.43484852
11.156381 -11.551995 -0.50706822
-1.8921063 2.139744 -0.16771972
-0.5313834 10.400848 -0.41068473
2.253772 -11.3703 2.2116392
-48.881207 1.6389917 13.391316
2.0353749 1.6387564 -0.48206639
-3.7364233 -1.3676363 1.254986
-4.5297022 10.928215 1.6383965
33.780083 -2.4031606 -0.38118845
-0.39635327 11.991596 2.0704377
21.974804 -44.930752 1.4365795
-4.5037656 10.961596 1.2238408
4.8295116 -7.1526151 -0.39697284
-4.6203256 3.9844666 -0.4647229
2.790843 9.3589344 2.1199446
82.182472 22.121988 10.742738
-2.3647702 -6.9053512 0.21670496
26.786081 32.313316 -1.9828491
20.676943 -12.025594 2.4197371
-2.2045071 -3.6474805 0.98791689
1.7978622 5.8261247 0.23981689
22.907846 -42.529778 3.097331
3.100337 8.5067101 -0.27687585
28.695406 13.678076 -1.610176
116.29664 41.609253 2.3801877
6.3043723 11.407069 -0.072505347
16.374331 9.1747351 -0.17546459
1.8635457 10.776551 -0.40271434
-7.3632159 7.9848738 1.1571312
16.423176 -11.870711 -0.023611467
22.126093 -44.853973 1.444033
0.02698293 11.995467 2.0745928
7.5404172 -12.22542 -0.40225843
-1.7732067 -4.9801278 0.62840343
-4.6415577 10.18131 1.9573033
3.753958 7.4490561 0.6433773
9.9631948 10.753142 -1.2100432
16.838408 -41.252258 1.667361
-4.8321309 6.3071661 1.7516177
-4.7040529 3.1918497 -0.43415084
1.4221646 -7.0357947 0.21276714
3.7399504 9.8551378 -0.76035285
38.037231 24.414211 -2.3838637
-0.88367444 8.5998878 -0.24173193
4.3828096 -2.9745061 -0.18805763
7.2117114 16.080727 -0.80794781
14.77133 -26.394484 -0.079139456
3.2397385 -1.2685149 1.2678703
-49.272015 1.346827 11.696859
0.38031784 -5.6870389 0.16036059
-2.4070702 5.6146326 0.11865734
47.424282 24.017439 -0.62879539
1.6323638 4.7363176 0.47770795
1.344485 2.1961122 0.65792888
18.395098 24.85821 -1.594139
1.7387035 -6.2083826 0.56567663
-41.688084 4.1195745 6.7835507
7.58389 12.525659 0.4219622
23.515694 13.559018 -1.3386002
2.9695218 11.862351 0.38597494
1.5605712 9.9834929 -0.84518999
-4.7793536 6.7979603 0.94455951
0.4861249 -5.032269 1.008568
33.691158 4.9162893 -1.6322938
-5.9618182 -4.9791155 2.0819752
0.15209751 -1.9404464 0.31415522
35.0406 13.409744 -2.0289695
13.464751 -25.948927 -2.1359601
-41.530399 3.0724611 8.419445
-1.6369092 -56.705608 1.7406026
1.7041353 5.3996449 1.0205134
32.286602 4.5653067 -0.41968527
-2.7819929 4.5400386 0.69350022
21.443655 49.462982 0.8130694
16.417749 -7.2768946 -0.015111216
38.343639 12.62755 -1.8951476
-2.1952829 2.6383016 -0.4808377
37.675774 6.0506797 -1.8844993
82.429169 18.879751 7.6555309
-37.022724 4.5527587 8.8823175
2.3535979 -8.9313154 2.1582828
-1.396028 12.121099 1.6745842
-37.216171 6.3151488 8.9844141
-46.533169 1.224697 12.78243
-1.507588 7.5889039 0.62804729
6.9094095 14.167623 0.4109408
7.4464383 12.284382 -0.60320222
nan nan nan
28.675669 13.585258 -1.5913584
-2.6617217 4.5543127 0.19897199
-41.482327 3.0703816 8.3936605
1.7845482 5.4032235 0.6242649
-0.57720834 -11.564936 1.7972642
16.410936 7.5833979 -0.79714811
12.213536 6.6059294 -1.0383602
7.1456709 18.000078 -0.92116243
-36.341785 3.22948 8.6961861
0.49534854 -2.998523 0.89516747
-4.657032 8.5795078 1.0602871
3.9696655 1.6653469 -0.066861153
-50.908287 1.797698 10.244931
2.7103636 4.199717 0.95050883
-1.9292938 3.2029057 0.45288426
-3.4183319 2.0964367 0.74264234
1.914247 -9.4048986 0.74411672
1.0531352 2.999424 0.99839079
-4.6090069 8.9260063 -0.43615344
-3.1071737 -0.39115092 0.7058202
-3.7576554 12.221312 0.85274869
0.54815274 -2.4648259 -0.41239971
-5.2564917 -5.8344927 1.4546503
-6.3911915 6.7517066 1.6731473
2.6111019 8.1678629 2.5107882
-4.6648855 8.2912998 0.71261758
82.810623 20.867153 4.7410569
0.49535465 -3.4346819 0.67784542
-0.076127931 9.1191654 0.99556649
18.80549 -12.624162 1.6060199
0.0080372887 11.997062 2.9420984
-35.962532 3.4128788 9.9415169
28.185686 -5.5556479 -1.2810214
-36.298378 5.2152157 8.7078295
-0.67627358 -10.130979 3.0525057
-4.1428127 10.930999 2.4518909
-3.7944758 -1.7291642 0.69599265
-0.88914531 8.0070219 0.92106712
-0.17716596 -4.180274 0.55862653
-2.141046 -9.702672 -0.15106873
11.826218 -1.880821 -0.79699779
6.5117612 9.7390976 -0.44136614
21.263643 -12.423065 -0.096978307
22.585196 -40.556946 3.3002954
-49.609596 2.6175275 9.9937572
4.9260664 2.6875551 -0.57920283
22.035767 -44.028259 3.2507079
33.847275 -1.9911318 -0.40494317
19.51359 -0.17572477 -0.81175709
2.1410725 -10.152807 3.1508706
-5.1937566 -8.5435791 2.6612797
3.405993 8.5231857 -0.64575857
37.553062 11.298411 -2.0104053
-52.421062 1.2084914 14.253125
-3.6115372 -0.45962697 0.82795113
-4.5379615 11.793589 1.2855294
-4.9021535 -38.033611 -6.7743468
1.0496199 -2.7056639 -0.38322452
-5.1735206 -5.7809849 1.8367887
7.8573208 12.247152 -1.1244618
0.23362835 9.0401297 0.98661119
-44.474957 1.5763805 7.3742309
0.79824483 9.5138845 2.7538276
0.98660713 -3.306186 0.5819391
21.173401 -37.410755 1.1826875
0.7302385 1.9202718 0.82397312
19.620111 -19.853336 1.8803152
49.600517 38.59367 1.3522658
-6.3962588 6.8920794 1.5803293
-5.2758756 -5.518322 0.99787825
21.127245 -46.629589 5.0886588
6.6509371 -6.9134464 -0.53093386
1.4649373 4.6891565 -0.54505515
15.114127 -26.3578 0.016254198
0.2457974 -3.8406737 -0.11659606
-52.163795 1.6264875 14.291889
3.0948191 4.9681306 -0.49950013
1.3504997 -0.20433602 -0.073985994
-43.473186 23.548471 13.338866
-0.30989841 -3.7802329 0.9300068
46.588966 24.109642 -0.59742695
1.1098928 4.5978127 0.55542886
2.7298617 8.2577066 -0.55451471
0.28168774 -8.6057472 0.20699486
3.2091062 9.4226236 -0.0086136265
21.159182 -11.762448 -0.10687209
1.827978 9.959259 -0.84661484
38.467396 8.8486185 -2.0064044
4.562582 3.8055923 0.55647773
-4.8833461 -11.399625 1.0303925
37.465755 12.378523 -2.0764565
2.5116508 -2.9982197 0.13419351
34.228016 -16.738993 0.98199022
-4.0736308 -30.954214 -5.5309086
17.309633 -30.030741 1.0964895
0.54534322 8.2260494 -0.22352672
26.365505 13.399131 -1.675056
80.628555 -20.601879 10.512733
9.0332174 -12.665668 -1.550288
-0.59085482 5.455987 0.24548179
3.6983764 6.1497059 0.59770799
16.865396 -42.316364 1.7021184
-36.695442 6.1416874 6.15096
3.2981074 -1.3344287 0.54700911
82.681313 24.206379 10.870519
52.791771 25.095371 -0.62501657
-4.6927571 -11.055045 0.17647424
2.5374701 8.4829473 0.27016222
1.2820557 0.30855075 0.62223625
-2.4322567 -5.3435249 1.2359095
1.062412 7.8647652 2.3351331
2.9687021 10.161907 1.8706923
-1.629706 -6.2764168 -0.21589161
2.4121494 -5.2067575 0.03869909
19.030161 45.28788 -1.0145155
5.6682448 1.4877968 1.2068421
37.450233 9.9322729 -2.0071023
21.175983 -36.917747 1.0596081
0.24430744 9.251667 1.0058204
0.99010402 -2.9312375 0.66938859
4.3763466 3.2611349 0.34274995
36.231136 26.281872 -2.4164817
-3.1668468 -10.040272 3.2068121
-3.2968273 5.5721698 -0.53038418
5.0737 8.4932985 0.68929982
38.562313 39.813747 4.7772164
18.915878 -1.2393243 1.2432731
0.55556715 7.7220049 0.23855244
38.298836 40.169476 4.7816043
2.4398606 -10.049164 2.3216848
32.615547 4.0878968 -1.6038142
-48.762161 2.8338387 13.363278
29.725582 13.189298 -1.5816964
26.37606 34.25491 -1.9367527
-2.4873295 -5.1100941 0.14358164
-1.3886973 8.4900074 0.2626847
1.3614364 -9.2254982 2.7409327
77.506195 31.668783 1.7064182
2.907254 9.4425211 0.71530962
4.540194 6.3815961 -0.75492764
26.664989 32.60643 -2.4301639
2.0480301 -5.920526 -0.0076929838
-3.9227312 1.8869863 -0.22242068
30.225428 29.535494 -2.2830975
49.402435 24.221848 -1.0302664
3.7520421 4.692256 0.12900561
-1.8748804 4.7410975 -0.31505704
8.8798504 24.099466 -0.38979387
11.926486 -11.138935 -0.52665961
-5.3763022 -11.205653 1.0233212
-35.487537 5.4634042 8.5483761
1.075465 11.970307 2.9467695
1.5274292 -0.99762785 0.81250209
-3.4519086 10.863337 2.79759
-3.019027 -1.9927919 0.48319295
6.5851059 17.910366 -0.23059221
-4.1371689 -1.8148712 -0.35521653
5.2667875 2.7757025 0.25986159
0.30344948 -1.0860348 0.24558456
-0.51212817 -9.0460043 0.97647333
-4.2173777 12.192924 0.41117445
20.982685 44.985462 -0.57994229
0.88164806 0.63075393 0.56790662
10.115225 -0.052627608 -2.5409448
32.368656 3.789892 -0.41702333
0.98669142 -5.012641 1.0149184
2.1329386 -3.7786238 1.0532775
8.0983477 -0.47038668 -0.80279541
0.47441104 -2.9949293 0.25162721
-5.2268305 -6.2635217 2.1891756
7.3415723 11.888597 -0.58641881
4.2659693 2.1980865 -0.19487721
-5.1006961 -0.60367584 1.3971242
1.0415689 2.4573121 -0.47611061
19.082981 -20.161509 0.028756751
1.5309594 -3.4379439 -0.19304709
52.391186 19.926287 -1.2708954
33.942039 29.076923 -2.4220891
5.7846975 6.7831998 0.047816355
-37.459995 4.0276284 7.6270356
3.037626 11.053885 1.1843059
-2.8955979 -1.1292775 0.22239105
-1.7464892 2.5994434 0.48161769
2.4742031 3.4390039 1.0143292
2.6408601 5.6069589 0.1172289
16.41045 7.7637262 -0.138096
2.2545688 9.294548 -0.64079905
6.4546466 10.25298 -0.038420845
18.159946 -40.831966 3.229692
2.8718154 7.0371804 -0.45416445
-5.3193398 -10.14538 2.5848539
26.094477 -10.814288 -1.1953689
2.264379 8.4874125 0.11046458
79.123199 -18.106821 10.261431
34.285969 4.81991 -1.6972363
12.968186 31.586452 -1.4883465
1.6327348 -11.589149 0.58120883
-3.3575613 0.1501215 0.60447621
-5.2113466 -2.4621463 0.77013189
3.4030576 -0.95380741 1.2774404
34.123806 -13.128156 -0.34091812
2.3403282 -9.4615383 1.9051821
84.046455 20.646507 10.919198
8.346015 21.812792 -0.33893827
-2.5426574 2.035013 -0.24916483
31.295692 29.656496 -2.3183315
20.739422 5.5933313 4.4096389
8.8645372 18.563526 -0.26846477
-49.976414 2.2048397 13.704133
-49.671738 1.6239036 13.578167
1.3095351 -11.52999 2.2138832
-49.078777 2.9440024 11.540011
0.63281071 -4.0852079 -0.34032843
-5.2577057 -7.448772 1.7749323
125.2317 15.651162 6.8657804
1.9358511 -1.4827304 -0.40985197
19.654688 -24.24457 0.039851401
16.273165 -2.8260813 -0.030857576
22.770292 -42.681156 3.2050204
27.332626 38.831131 -2.8143117
3.0141919 0.6165123 -0.49245486
-0.14576615 -2.6147399 -0.38595736
-6.0062928 -5.6201892 1.8794606
16.196054 1.5979389 -0.6502533
-2.5466368 -6.6157198 1.0173811
52.567291 37.573433 1.3823147
1.7823092 -5.7934022 1.342883
2.3184276 9.3041039 -0.30773327
3.1907475 -2.9396436 -0.41300839
1.4180887 -8.7511139 0.93020517
-2.0201519 0.18988268 0.43871069
32.703999 0.087602317 -0.40623042
0.72975957 3.8389075 1.2396564
30.002705 0.76947808 -1.4117329
17.009716 -43.269119 1.0762224
-2.8213267 -9.2168169 0.79384911
-3.6283526 2.9178038 0.80373716
18.277609 -7.4211116 1.3355891
4.2725549 2.565752 0.58268446
-4.7866955 6.2171435 2.0614698
8.8292971 11.644077 -1.1289278
1.8983446 -3.838383 0.63682491
18.89192 -14.355146 1.6031809
0.89657575 8.5750732 0.952856
1.6855464 2.590848 0.60657537
-2.5628757 1.7390785 0.21585572
18.530478 -5.0173187 1.9660367
0.094548874 4.0990601 0.53845423
-1.0085475 -4.188592 0.977521
36.490868 13.213557 -1.9262551
7.6572785 -25.972927 0.0073942831
-2.6944652 -2.5866349 0.061406411
-48.383976 1.5862771 13.303821
2.9056616 9.1673841 2.13873
-1.6047586 -7.3766356 0.21805635
82.694214 21.701637 10.790199
0.31034172 4.1725459 -0.25032943
-44.445477 24.896284 13.737328
5.219389 5.1511068 0.28709614
32.149323 13.191387 -1.7418791
6.3000474 11.83538 -0.069661558
2.670347 -1.1104468 -0.39830083
36.422501 26.411722 -2.3979681
17.650944 -32.839836 1.1414992
17.812376 45.395267 -0.5760628
2.3936272 1.8142282 0.89040291
32.64447 0.98063481 -0.40869996
-2.1658673 0.85560125 0.6377188
8.5224056 18.228441 -0.95985812
1.0868584 -11.584313 1.8039678
40.12328 -120.93265 6.921927
2.0303471 3.9249554 -0.46945068
34.38657 -13.963963 0.96235561
-3.328692 6.8658118 -0.18207735
26.3724 33.868603 -2.4204829
16.341026 -6.3887391 0.011182101
1.8753479 -4.7187681 -0.31270486
4.8786039 5.0916595 -0.446376
27.158318 31.526352 -2.4097495
-2.4208982 4.4918184 -0.17981659
84.220001 22.952948 11.010469
-1.4872665 2.1704481 -0.26611179
32.781013 2.7819486 0.73050064
1.7005749 3.8630364 -0.43326735
18.253077 -5.029357 1.2751065
21.804026 -41.940395 3.0563185
19.612961 -1.3610229 -0.086852767
8.5868778 19.083433 -0.27793345
-2.34148 -0.62733585 -0.22125508
16.80508 -17.855894 -0.062132146
32.992775 3.3826733 0.73639059
0.045191891 -6.7460661 -0.22711086
1.4030379 1.9162923 -0.42044258
-0.07426811 -7.9351921 1.3176233
3.3142614 -1.2859275 0.32019565
-1.181942 -2.2507124 -0.34400538
83.940216 26.14369 7.9466214
1.6654314 -6.9492822 0.96469766
1.9724349 -8.9664698 -0.13460019
19.555338 -3.9672368 2.732048
-3.5413404 2.501827 -0.33168599
3.4865959 -0.56726283 0.23977186
-1.0042046 -1.2870748 -0.075515211
-0.20800374 12.031366 0.41519037
21.482872 51.365707 0.75024974
-3.2641301 1.5857832 0.42568001
6.9144268 5.3841386 -0.87528998
0.9574663 2.1647086 0.873815
1.2234927 -11.596654 0.97917807
21.220947 -11.042796 -0.093991995
6.6420789 11.33508 -0.53181589
20.504528 -46.498863 5.1162152
1.1965926 -9.5932961 0.17993627
-37.016064 5.4930024 8.8982792
-46.30471 0.72807622 12.725424
-2.1497164 -1.8255606 0.82990354
17.902018 -35.845833 1.2159107
1.2699918 -9.7547894 0.52823299
-3.9030473 1.866509 0.49030456
-2.8375392 -9.3996325 -0.14427373
1.4361072 -8.7915268 0.19541526
2.4260871 -10.648185 2.5211401
21.007273 51.625671 0.71829742
0.44733196 2.5798385 0.87222344
6.5837345 5.7784562 -0.87665319
-1.8001432 -11.510235 2.2184732
22.497404 -44.451736 3.1768403
0.51765382 5.7804108 0.59708738
32.436081 2.3434358 -1.5445625
27.415415 13.619737 -1.517462
-36.309425 3.2397475 8.8180895
83.417084 17.834333 7.7198572
-2.9350333 8.0049334 2.4581964
8.091589 14.848707 0.43388614
-2.7809827 -4.440876 0.41132572
1.8888192 -3.7964468 0.96618021
18.786552 -6.3927832 -0.77977931
-0.95265222 12.114173 2.9712958
18.983097 49.622791 0.18456461
17.519417 25.554451 -1.5916879
0.5459801 2.5910039 0.56682086
-3.8114152 1.8327146 0.32625911
1.261833 4.2124724 -0.49131003
53.628857 22.54812 -1.2531734
33.831528 6.0725589 0.73212874
-5.3418703 -9.8483229 2.5325439
2.9749918 7.3470912 -0.50669116
0.097089216 9.6904612 -0.0056647551
-4.1766276 9.0179558 -0.64714938
-5.3335996 -9.3324184 2.8228059
3.1128068 7.7693968 -0.24472512
36.252216 13.393188 -2.0048673
1.2741783 -1.7907073 0.26954818
3.8077693 -4.4111814 -0.42085031
7.5848727 -25.962982 -0.025719561
-3.0703738 -2.4462073 -0.17310654
7.939992 16.976908 -0.21164703
18.770819 49.693916 0.72148663
46.409317 37.642181 -1.1711243
-0.52610129 7.7527866 -0.18545721
-1.680078 -0.4160898 0.010494431
-4.1244321 2.1869116 -0.26543641
0.96690333 -9.5352793 -0.14831731
-3.0881736 10.414589 -0.41067022
36.032436 26.46826 -2.4168746
38.433594 23.901833 -2.3876984
2.2118611 -1.0046622 -0.42006737
1.4819093 -11.602749 2.6556361
-49.680809 1.4177672 13.631124
3.4062514 9.3452234 2.351975
-1.351752 -6.833786 0.22133259
18.347622 -4.9949965 0.60355419
35.576408 13.751697 -1.9656796
2.4120684 -5.1809082 0.016272139
37.44635 10.131954 -2.0097592
5.7432919 6.5746093 -0.79796684
21.98513 -43.998322 3.2000313
-3.0981395 1.7386529 0.60250229
22.186472 -43.820068 1.1004136
19.436916 -20.220589 1.8699311
1.2674285 2.6911356 0.90600175
2.252722 -9.7391939 0.52902508
-2.3465767 -5.7552199 0.017795647
-0.98766989 11.834641 3.1780407
18.762016 -6.5561881 -0.77263623
-41.308586 4.8138809 9.8518095
1.1007638 -10.879444 0.55872351
19.157192 49.579746 0.1602214
2.7827256 6.2340746 0.82157201
-1.7975038 5.4002466 0.61067903
-0.034118999 2.7041144 0.34800026
-37.205433 3.5578115 5.999002
21.569427 -41.444183 1.3921274
30.325535 1.7133067 -1.428986
16.890379 -42.260277 1.0202594
32.609985 1.4060796 -0.40788013
1.4446388 -7.2687707 0.98632497
-49.535992 2.5245812 10.015916
-40.667137 4.3826413 11.15693
-46.576042 0.97127187 12.805202
19.063753 -20.971214 0.033068709
-5.1161456 -1.5416113 1.4782572
6.8279786 12.97434 -0.63374585
19.081827 -13.168197 2.383327
-36.297588 2.6936388 8.6894712
0.65348506 -3.7070966 1.0689822
-0.59665078 -6.9068031 -0.25913218
4.1878157 9.3429508 1.8250988
28.887491 30.01503 -2.2591498
-3.6316333 -0.34448102 0.81544334
-4.4732399 12.147597 1.309949
1.3975387 -11.629116 0.9865067
-49.79361 1.4804068 12.002575
-3.6162193 2.7931583 0.70700413
0.73827112 3.4579296 0.89739841
-2.162128 12.098039 0.3942607
1.4697161 -8.9601355 0.5088498
-2.5148716 5.3580251 -0.18971501
5.0708447 5.7644539 -0.57040894
26.85935 32.122047 -2.4164073
2.5437918 -6.3763623 -0.27758503
-1.9201472 4.8128233 0.50841379
2.6504061 5.6084185 1.0015894
30.192978 1.4097198 -1.4162102
31.952707 3.2064943 -1.5367492
1.0747874 8.1317482 0.63292199
18.9146 -14.473361 1.5964115
-4.7664528 6.0351863 0.11393062
0.27458397 -1.4193259 0.57657242
-0.1856778 6.9043512 0.5840683
16.487371 29.670769 -1.5221623
-4.4649944 11.485712 0.3740811
-0.96910614 -9.8750477 0.53588778
2.501821 3.4188719 1.2527024
0.25889885 -2.9507389 -0.43073997
4.7650194 -2.2404833 -0.38044268
-0.083377019 3.7638955 0.27950025
18.247982 -5.421659 1.2843325
1.8436784 9.9873047 -0.69687593
-4.5954361 -8.8068304 -0.14793186
6.2453794 10.630079 -0.047622576
52.76022 25.221294 -1.123651
0.061813153 6.8958664 -0.19714767
-37.23782 6.2475452 8.7703991
2.3154738 -8.9363623 1.8200479
-1.3685805 12.121641 1.2421087
3.9883735 0.41659492 1.2402893
1.5435141 5.3821301 -0.1709335
16.816795 -41.843616 2.938535
32.697323 0.064400204 -0.41946048
33.306274 0.25330102 0.73008704
33.220253 0.36365312 0.72785085
12.416998 0.13927639 -0.86704445
32.688568 0.74881536 -0.42641249
29.885904 0.67920095 -1.4232796
32.653149 0.95493907 -0.42784664
29.968435 0.91695702 -1.4307356
5.9985085 0.1225422 -0.71870607
30.076515 1.2029757 -1.4403238
33.134705 1.354112 0.71705329
32.559742 1.9336814 -0.43658859
30.376877 1.751054 -1.4643795
32.545364 2.0851305 -0.4379904
33.087601 2.1925983 0.70863318
30.393269 2.0849993 -1.4698329
3.0490134 0.123315 -0.47904229
32.521786 2.3336413 -0.4403179
32.225643 2.3553073 -1.5773984
8.2655363 0.5324133 -0.78923273
30.457062 2.3750417 -1.4775307
33.013477 2.871022 0.70161158
12.63004 1.1165907 -0.90084946
32.989574 3.1351523 0.69900715
8.2873945 0.75016797 -0.79626161
6.0363836 0.52952528 -0.73250866
16.16728 1.6864823 -0.65892518
32.98016 3.5531816 0.69532675
32.386311 3.5706642 -0.45200974
12.672899 1.4477129 -0.91104376
32.967102 3.763057 0.69340396
32.945271 3.9720211 0.69139701
32.896454 4.1247158 0.68951744
32.803978 4.2187037 0.68755764
32.87537 4.386611 0.68713671
32.642155 4.6432986 -1.6372335
8.3160133 1.1207445 -0.80868477
4.1328468 0.52052164 -0.58580047
32.898052 4.9088349 0.68332815
12.712193 1.9063457 -0.92453849
32.885391 5.1258817 0.6814999
32.23484 5.1652632 -0.46881813
6.0644054 0.91459739 -0.74805743
32.875286 5.3970046 0.67932159
32.211994 5.3681254 -0.47097927
38.622406 6.5449839 -2.0079327
34.144157 6.0485978 0.69084018
32.107262 5.795001 0.66651678
32.289543 4.5466938 -0.46204644
38.063904 7.1339855 -1.9881514
12.758762 2.334738 -0.9392401
4.1086845 0.72022259 -0.58868182
16.236164 3.1772404 -0.10055214
3.0358818 0.52544647 -0.4895629
38.562885 7.6063113 -2.0255418
38.548492 7.7302046 -2.0272796
38.538345 7.9185247 -2.0306168
38.546928 8.1109896 -2.0351248
38.525169 8.2974615 -2.0378699
6.0457406 1.4136378 -0.76466906
38.104145 8.7552786 -2.0244122
37.817783 8.8964224 -2.0116735
38.421864 9.4911346 -2.0585122
12.820477 3.1159706 -0.96687686
38.499969 9.7043028 -2.0677266
38.489998 9.896101 -2.0716283
38.460377 10.011044 -2.0726881
2.9852126 0.72846192 -0.48895901
38.359211 10.374274 -2.0757442
38.547871 10.55586 -2.0904777
20.718111 5.774055 4.3751664
16.330366 4.62672 -0.12327284
8.250824 2.3226497 -0.84225947
32.882206 5.2913194 0.68020445
37.521431 10.924041 -2.0432606
12.800203 3.7253487 -0.98492008
6.0070925 1.7288778 -0.77408165
3.8778999 1.2299975 -0.57159781
38.477798 11.856001 -2.1190736
12.780777 3.9389918 -0.99070168
38.418758 12.096915 -2.1220996
2.9063909 0.90132612 -0.4827075
38.38039 12.292624 -2.1251397
38.348061 12.483052 -2.1284134
12.755336 4.133945 -0.99554753
5.9739156 1.9317491 -0.78009731
48.932137 16.599508 -0.98806489
36.943146 13.070441 -2.0685053
12.68942 4.4979143 -1.0036408
12.673343 4.583643 -1.0056211
3.8135152 1.3298424 -0.56632066
53.957188 19.345608 -1.1359062
36.135189 13.166068 -2.0278006
5.926815 2.1328371 -0.78486687
6.0310001 1.5244296 -0.76754451
2.5183537 0.93860298 1.0002222
52.637115 19.711493 -1.1147394
8.0861521 3.0715833 -0.85818547
5.8897653 2.2827353 -0.7887609
2.4653282 1.011353 1.0389918
34.162766 13.198296 -1.9233155
33.771976 13.171222 -1.9017205
33.291023 13.099632 -1.8740399
33.131153 13.138075 -1.8666842
32.115177 13.230319 -1.8156334
31.981096 13.29391 -1.8104831
31.671844 13.283915 -1.7938679
8.0006981 3.3227091 -0.8617928
30.149797 12.988119 -1.7046742
30.122448 13.146153 -1.7081648
2.5242853 1.1431459 0.92955762
53.071552 23.386435 -1.1856877
29.62035 13.314674 -1.6872152
29.393883 13.331806 -1.675951
7.8815928 3.6374106 -0.86622488
16.351645 7.5912409 -0.81284672
16.33654 7.7073059 -0.81582367
52.851002 24.888283 -1.2076494
7.8432679 3.7430143 -0.86827332
5.720386 2.725708 -0.79482657
2.3151271 1.115219 -0.47290763
27.481165 13.313835 -1.5762041
27.279898 13.306059 -1.565575
32.636627 1.1556076 -0.42965358
48.56879 24.01395 -1.1068563
3.470783 1.8188574 -0.54394418
2.6636965 1.4063537 -0.47625756
48.11689 23.980715 -1.0973108
26.676426 13.346658 -1.5359277
47.723812 23.97393 -1.0894175
47.362499 23.980652 -1.0824066
47.059563 24.014757 -1.0770558
26.303181 13.527647 -1.5229989
46.494461 24.098585 -1.0674708
38.56559 6.10394 -1.9964739
7.7007556 4.0635252 -0.87252265
26.299503 13.73675 -1.5300088
46.009903 24.218002 -1.0601594
5.5953355 2.9297338 -0.79258025
12.231585 6.5557604 -1.0581875
16.496166 9.1686726 -0.20373347
24.350819 13.467393 -1.422008
33.205715 0.5153532 0.72614652
16.389944 9.1770115 -0.86882496
12.152924 6.738482 -1.061239
32.487766 2.699177 -0.44381472
5.5124497 3.1020854 -0.79496384
39.000008 21.975067 -0.88164139
12.087585 6.8788681 -1.0633408
23.746344 13.481663 -1.39222
23.573753 13.538507 -1.3856642
12.054214 6.9635353 -1.065171
3.3772812 1.9315605 -0.53865099
5.1754642 3.1032472 -0.74699956
2.6007602 1.5292882 -0.47741503
23.264128 13.745594 -1.3778708
2.2105722 1.3240347 -0.47407302
23.245926 13.889618 -1.3823107
11.956497 7.3184314 -1.0767326
4.983253 3.1015561 -0.71977121
23.254732 14.296745 -1.3979973
7.3842335 4.6581659 -0.8792088
6.0551615 0.72191328 -0.74059123
2.5162425 1.7196544 -0.44149017
2.5166757 1.8028885 1.0182441
2.1150429 1.4717511 -0.47288105
32.691025 13.284809 -1.8477316
2.4672792 1.7737293 0.77319306
2.4080489 1.7218305 0.90379226
2.5410903 1.9133412 1.0358499
36.49419 26.067829 -2.4978514
11.596366 8.3477077 -1.108758
2.0571744 1.5758022 -0.47601244
36.363277 26.148382 -2.4950008
11.527858 8.4942999 -1.1125808
4.294488 3.2979326 -0.64485896
2.5212259 1.9610217 1.1248522
8.2101002 0.11630773 -0.7759158
16.509193 12.366996 -0.9985773
27.875715 20.891373 -1.8815677
2.4042847 1.9309239 0.89567125
35.334774 26.956276 -2.4808092
11.410179 8.7176914 -1.117714
6.9366298 5.3376417 -0.88562083
2.4340701 1.9118432 -0.45517141
11.312187 8.8734198 -1.1203287
4.1818709 3.3346465 -0.63392669
34.878952 27.490618 -2.4826684
11.251822 8.9717197 -1.1221948
34.701416 27.7078 -2.4839416
2.4592834 2.1255355 0.92473799
2.5364065 2.1369956 1.1201006
6.6996899 5.6507106 -0.8885479
34.132366 28.683701 -2.5009754
1.9866371 1.7271192 -0.48609585
34.038162 28.788416 -2.5014193
2.4267497 2.1495454 0.74481022
34.008438 28.947578 -2.507159
33.955242 29.08744 -2.5110261
33.916668 29.240232 -2.5161383
2.7914042 2.4889665 -0.50713313
33.852348 29.361061 -2.5187111
33.786243 29.490978 -2.5216343
2.2690666 2.2048016 -0.50929719
32.933674 29.501369 -2.4849107
15.81358 14.642529 -1.0672451
2.6804745 2.6725452 -0.51561046
2.4744241 2.543293 1.1084471
2.5657692 2.5389228 0.51272005
2.5240777 2.5413413 0.98207968
10.445562 10.158141 -1.1456577
6.2068939 6.1713004 -0.88892859
2.6585357 2.7462778 -0.52298778
3.4936471 3.6354368 -0.58233172
1.8381929 1.9407303 -0.49439597
6.1052036 6.2277718 -0.88495171
29.731037 29.648632 -2.3557475
32.47715 2.8536868 -0.44539562
10.353197 10.325603 -1.1513889
29.584591 29.68993 -2.3516438
2.5102601 2.741936 1.0050371
2.6586339 3.0205595 0.32197538
28.559353 30.149303 -2.3317928
28.382498 30.248512 -2.3294857
9.9791183 10.707862 -1.1546026
2.0541751 2.4069202 -0.5069651
28.2122 30.354118 -2.3277977
27.962059 30.549257 -2.327378
27.757246 30.723528 -2.3278444
9.7596951 10.912826 -1.1558404
2.4533877 2.9243743 1.0211629
2.4343996 3.0338609 1.0333406
27.372942 31.072714 -2.33007
9.5684948 11.082732 -1.1566825
3.1742494 3.7945538 -0.56576675
27.199945 31.470957 -2.3432522
5.5848279 6.5877714 -0.87466472
32.884918 5.5530777 0.67828429
37.511978 11.107406 -2.0473425
2.6680918 3.3055627 0.32268715
2.6247132 3.2956378 0.62631518
9.4137201 11.188668 -1.1552172
2.3667772 3.0099394 -0.52226222
26.838057 32.162212 -2.3642526
26.772017 32.289295 -2.3682046
2.5807669 3.3553302 0.73008001
26.689383 32.500874 -2.3758626
1.9610562 2.5152254 -0.51177043
9.0856657 11.448801 -1.1555958
2.4890337 3.3943653 0.93276471
26.512091 33.126209 -2.4012578
26.456964 33.378647 -2.4122133
26.444691 33.567135 -2.4214909
2.7343011 3.7787268 0.1581904
26.369316 34.12822 -2.4478097
2.4886687 3.5028968 1.2640095
2.5620272 3.6617007 1.4697033
26.355448 34.781986 -2.4813888
2.2169051 3.1174874 -0.52029467
2.4625757 3.5284142 1.1057277
2.4880683 3.6315031 1.1234862
2.476074 3.5580304 1.2717375
3.3935368 3.7094083 -0.57976705
2.7456026 3.9332652 0.15427037
2.5263884 3.7551022 1.145761
27.656845 38.182434 -2.7066212
27.529961 38.274826 -2.7070785
2.5488572 3.8740294 1.1656612
2.4694097 3.7167983 1.2984291
27.421146 38.378155 -2.7087741
27.38553 38.569653 -2.7177286
2.7661312 4.264957 0.68974066
2.7331526 4.138092 0.86097974
17.620605 25.277378 -1.6711495
2.6478014 4.0515637 -0.54570204
2.6225207 4.0813046 1.204327
17.61562 25.524862 -1.6842287
30.322783 29.492901 -2.3730741
17.458099 25.555548 -1.680503
2.7394624 4.3302631 0.87865502
7.9830894 12.166389 -1.1514813
35.008228 27.32464 -2.4814692
2.7261386 4.5157738 0.70336199
32.199116 5.52035 -0.4727062
2.6372616 4.4372239 1.6420174
7.7940826 12.257512 -1.1491357
2.6797264 4.5248833 0.89261723
2.7151704 4.5727963 1.2880855
8.2730913 2.1845462 -0.83918327
1.7865331 3.1596577 -0.26455441
2.7050958 4.6630859 1.3008902
2.6646574 4.5294108 1.4690362
1.5077394 2.7490754 -0.49233615
16.699696 27.27676 -1.749352
16.676744 27.431831 -1.7571903
16.56954 27.450882 -1.7548602
5.7776785 9.7699518 2.3941638
1.2200903 2.3900406 -0.48456487
16.623854 29.373848 -1.8637671
16.544682 29.533985 -1.8703848
16.402256 29.631758 -1.8716307
1.7574627 3.4445498 -0.45726824
2.1963174 4.3569427 -0.54955792
2.7255461 5.5236049 -0.10512482
1.330651 2.8446393 -0.49059537
1.0548447 2.4212809 -0.46917918
27.083857 31.637831 -2.3471541
2.7361848 5.5696568 0.55247146
5.4245882 3.1620798 -0.78757691
2.7297184 5.5814471 0.77226621
5.3300571 3.1440768 -0.77254432
2.7277684 5.5803113 0.99606228
2.6959631 3.9412785 0.84100688
2.1122077 4.4394617 -0.55512917
2.6605411 5.549798 0.33124053
2.6655564 5.5836391 0.55151588
2.7138031 5.6216249 1.4530185
8.5843897 11.781219 -1.1529576
1.6466099 3.5781114 -0.10389063
2.1521254 4.5789948 -0.034850426
2.6584632 5.6220627 1.2200989
2.6501276 5.6096087 1.6716213
2.6337497 5.6025577 1.8987584
1.5798994 3.6423354 0.034888908
1.6234459 3.791816 -0.41963288
14.836486 30.792614 -1.8933458
1.9902171 4.5027881 -0.55541313
2.4604535 2.6484897 0.71666539
4.2255764 9.3106871 1.4427209
21.093554 44.904793 -1.1315356
20.780939 45.03553 -1.1314068
21.40074 46.963211 0.60626197
2.4365828 3.3409047 1.0760363
20.319338 45.110977 -1.128185
0.96362102 2.4805543 -0.47248229
4.2636671 9.9954596 -0.40523621
3.381954 7.9472995 2.5220842
1.6167098 4.1096191 -0.1499801
21.592619 49.405617 0.61962271
19.743141 45.178047 -1.1235492
30.777258 29.371387 -2.3865237
19.511951 45.230652 -1.1224003
19.349833 45.246696 -1.1210536
4.2432833 10.342902 -0.42509162
18.950911 45.276272 -1.1175146
1.1765637 2.9027359 -0.48602229
1.7737123 4.5710397 -0.55044222
21.349781 51.43222 0.62974858
18.510838 45.070087 0.58763093
18.475813 45.139633 -1.1087832
3.5104315 9.2322788 2.4720852
18.117167 45.32373 0.58798766
3.4851232 9.2531013 2.4742174
3.9007242 10.252723 -0.79713959
7.7709742 3.9249179 -0.8714782
17.950459 45.320908 0.58755386
17.982834 45.354462 -1.1093119
17.358463 45.396942 -1.1039737
3.7777176 10.268503 -0.79411715
18.82921 49.676018 0.61380893
2.7326121 7.7009706 2.3990192
3.3960016 9.3793154 2.4927526
0.97718704 2.9787998 -0.4830271
16.793858 45.465271 -1.1000627
1.5224571 4.6379213 -0.54469186
2.6895592 7.9620767 2.4575889
3.1404305 9.0624046 -0.66026908
1.1289021 3.6481194 -0.50659627
3.2127478 9.4168329 2.486177
2.6886942 8.153224 2.5034635
2.8898525 8.7963896 2.6757848
2.2668507 1.2137834 -0.47290373
2.9629352 9.17698 2.4181714
2.8404961 8.8309622 2.679929
4.2336755 9.3225241 1.0773972
2.9638021 9.0636263 -0.65438432
2.9619658 9.1663847 1.7170019
2.8476818 9.1352606 0.01706931
2.9226522 9.3199081 0.69687718
35.195278 27.114594 -2.4810984
2.9232879 9.3267164 1.0394825
2.9065313 9.3821583 1.3940979
2.9094706 9.4790554 0.70292854
2.9173243 9.507659 1.0523872
2.8787115 9.4020071 1.7458574
2.7951703 9.0143023 2.3725176
2.8600497 9.3156796 0.012065092
2.8665087 9.4440651 0.35296512
2.9517822 9.7071552 0.71239632
2.8975136 9.5030546 1.4065903
2.8881154 9.610651 0.35397562
3.0201635 10.024993 1.0921991
3.0047202 9.983077 1.4612195
2.8281925 9.3479462 2.0913746
2.7718527 9.0622463 -0.64802057
3.0254765 10.149083 1.1013089
2.3525524 6.4367304 -0.63232267
2.9864254 10.033072 1.839018
26.890659 32.019802 -2.3590357
2.8345778 9.5683517 2.1301639
1.3793013 4.7272997 -0.55066836
3.0163758 10.175171 1.4820337
2.9407797 10.004304 2.2122092
2.8564463 9.8204565 0.3551721
3.0337069 10.329192 0.73783809
3.0217426 10.358634 1.501743
2.9870617 10.199082 1.8623245
2.8024151 9.6917763 0.0023941472
1.2652805 4.8079505 -0.55745035
2.7991071 9.7510481 0.71227264
3.0225108 10.355887 1.1162486
2.7385614 9.4248266 2.454247
2.7347469 9.6622229 1.4180632
4.0780368 0.82754946 -0.58742374
36.176762 26.275362 -2.4914863
0.73159713 3.0429478 -0.47689092
2.7755039 9.5884857 1.7673992
2.9886017 10.579679 0.7471953
2.9975345 10.581256 1.5247154
12.461196 0.30099237 -0.87300628
2.9433174 10.39387 2.2805614
2.8832889 9.5151472 1.7618749
3.0530219 11.026027 0.36260036
2.6270847 9.6328859 2.1302993
2.6176679 9.4445095 2.4505749
2.5859456 9.3132534 -0.32656863
14.739591 30.839907 -1.8934577
2.6600597 9.7197866 -0.70644462
2.4274929 1.5374731 0.91217548
3.0578356 11.118939 0.76932788
2.9113545 10.70106 1.1389984
3.0507464 11.170815 1.589488
3.0675125 11.339855 0.36450541
34.393703 28.17046 -2.4901292
3.053344 11.309905 1.6044885
2.8955867 10.720263 2.3354266
2.562499 9.387249 0.012858961
3.0746305 11.510403 1.2015903
2.519861 9.5004463 2.456279
2.4527655 9.395381 0.01361127
3.0520859 11.487507 0.36538529
3.0286133 11.498826 2.0473642
0.57101381 2.5483487 -0.44886291
3.0917566 11.847741 1.2266726
2.0702698 8.2500563 2.4789917
18.214354 45.312012 -1.1106102
3.0481589 11.828891 0.7974723
3.1374998 12.021302 2.5769913
2.4065263 1.322588 0.98414671
3.039551 11.791613 0.36722496
2.9905856 11.744082 -0.055278331
2.3857903 9.2807817 -0.32082698
2.5057635 2.5254428 1.1110696
1.1665554 4.8639116 -0.56162435
2.3257358 9.4383774 2.7896533
2.9525142 11.91228 0.36790654
2.4374189 0.72523063 -0.46541286
2.9447603 11.907746 2.5476925
2.9188311 11.921512 -0.059529554
2.1931458 9.2714453 -0.65098941
2.5743279 10.737899 2.7212489
2.7901943 11.903138 0.36777452
2.8004413 11.963214 1.6677941
2.7783971 11.919768 -0.058315683
0.77487433 3.7686887 -0.50749815
46.770241 24.054028 -1.0720769
0.57786918 3.0896409 -0.47709671
2.2995219 10.861057 2.7332199
2.7012258 11.627598 -0.47036356
2.1458344 9.9772072 -0.71716762
0.97711384 4.9284201 -0.5635708
2.5811532 11.956163 1.2254984
2.5580549 11.954344 2.0954602
2.3793035 11.646668 -0.46633077
2.3710268 11.959476 0.79680699
2.3749332 11.984214 1.224384
2.3729424 11.981921 1.659381
2.3808331 12.027537 2.5453174
1.7674398 9.5313845 2.7798543
1.7946882 9.9342766 2.8823972
2.1791952 11.997028 1.2225764
2.1752298 11.982012 1.6551468
2.1820521 12.023198 2.5373366
0.78596187 4.984714 -0.56531638
2.0110421 11.813842 0.36730802
12.48706 5.822207 -1.0433648
1.9925231 11.350945 2.8247075
1.932416 11.90914 0.36797652
2.8659942 9.2186604 2.071063
1.9767659 11.945823 0.79367191
1.5955113 10.115124 2.9185374
0.37721893 3.1371427 -0.47682443
1.7863004 11.959685 0.36843175
1.5739402 10.817213 -0.40338358
1.6428571 11.700261 2.8873332
1.4786595 11.463602 2.4149108
1.3261408 10.359677 2.969547
0.58079356 5.067656 -0.57233012
1.5765346 11.94874 0.3685956
34.420227 5.9787064 0.69489884
26.342913 34.540028 -2.4682987
1.5818961 12.0067 1.6474291
32.568508 1.7790037 -0.43504342
1.5846457 12.032732 2.0812993
30.405153 1.9433329 -1.4685646
1.4056019 11.447858 2.4102576
1.4255331 11.689691 -0.45615995
0.37982643 3.8951826 -0.51497281
1.0863397 9.7856712 -0.33305255
1.1954422 10.602562 2.2514577
1.1542802 10.675084 2.263767
1.1499326 10.529135 3.0066199
1.093412 10.318398 -0.3665337
1.3660897 11.957318 0.36894655
1.3633635 11.946523 0.79096901
1.3688886 12.010176 2.0739686
1.3607687 11.953784 2.9340436
1.1210058 10.792823 -0.39659101
0.17392753 2.6419258 -0.4475399
1.1646889 12.061373 2.5169661
2.6514211 5.6306686 1.4491063
1.1804123 11.981503 -0.048682824
1.1773638 11.982438 0.36942929
1.1800232 12.013222 0.79322541
1.1816493 12.035405 1.2155186
1.1806766 12.044061 2.0759058
1.1062539 12.05326 2.5144079
1.1499827 11.945204 2.9269013
1.741979 3.9123945 -0.44689783
0.95082361 10.695019 3.0431709
0.57558179 6.8057313 -0.61832011
0.17894824 3.1703973 -0.47629231
0.37616146 5.1187501 -0.57544184
6.0593004 1.1173521 -0.75449258
27.076202 13.32555 -1.5557436
0.99030828 12.013295 0.79285884
0.99104363 12.029569 1.2139683
0.97451049 12.063592 2.5140903
0.98511934 11.99255 2.9337366
0.87827063 12.048601 1.6442174
16.546999 12.395768 -0.26864284
0.80868506 10.92088 -0.40159258
0.85695052 11.995483 0.37016669
1.6259392 3.9495251 -0.4439615
0.80999911 10.799019 3.066344
34.149509 4.0866137 -1.7126482
38.451317 11.958862 -2.1202865
0.39291951 6.8108859 -0.61584562
0.17698206 3.9228802 -0.51445109
0.82322961 12.06813 2.512713
0.79456073 11.956215 1.2074981
8.2413158 0.31679243 -0.78259748
0.76144147 12.029077 2.0685992
0.68867821 12.050171 1.2143086
0.54994762 9.868124 0.35672292
0.61684793 10.725737 3.0437477
0.62654942 11.715536 -0.4501065
0.62987775 12.030835 2.5035677
0.51247412 10.888353 -0.39708751
0.52180201 11.01616 3.1164992
0.23328824 6.8306212 -0.61619788
-0.088477232 2.549953 -0.41269323
2.7931139 9.4784756 0.0082741231
0.0086226789 3.1845815 -0.47462484
0.57762498 12.058234 1.2146512
0.55802006 12.063043 2.0719609
0.54075676 12.073956 2.5106306
0.017134637 3.945245 -0.51553345
2.3192604 9.2744427 -0.65465295
0.36387581 9.9183512 -0.68116182
21.501497 51.341076 0.62967509
-0.11718138 2.6143031 -0.2397961
27.562819 30.892872 -2.3285646
1.5706055 3.4909239 -0.51412559
0.37854552 10.942902 -0.39956343
0.34651124 12.018616 0.37165818
0.38504714 12.044743 0.7940222
0.38546014 12.078326 2.9441476
0.26214498 11.082167 3.1303902
46.24992 24.157782 -1.0637568
0.36846507 12.022235 -0.045475207
0.19890039 11.23995 3.1703813
0.092589542 9.6422567 0.022437496
7.5673528 4.3254728 -0.87539667
0.17475832 9.9126911 -0.67899477
0.19734965 12.095431 2.5124896
0.19633856 12.084825 2.9443555
0.077930681 11.220019 -0.41519704
0.034187835 9.8557587 -0.67240644
0.04490668 12.023489 1.211846
20.709288 5.8798909 4.3779397
-0.029262014 9.79776 -0.66632116
0.009748973 11.967215 -0.042321499
3.0613792 11.195712 0.36362991
-0.18247357 2.5969832 -0.14087997
-0.011413952 12.042922 2.9345632
2.6959853 4.5606084 1.0886472
-0.042942144 9.7345123 0.69825757
-0.048691887 12.073997 1.2159125
-0.068183303 12.073671 1.6443379
-0.011773027 12.078981 2.0726113
-0.010691855 12.078081 2.9423504
-0.15282798 11.084865 -0.40553388
-0.18119843 12.02172 0.79434443
-0.18893073 1.9520283 -0.20407432
-0.21926177 12.093853 1.2179435
-0.21976188 12.087548 1.6463178
-0.22021303 12.097281 2.0757227
-0.21856576 12.096773 2.5127306
-0.21897104 12.10078 2.9475801
20.716982 5.6656876 4.3705468
-0.20688435 11.57793 3.2563736
-0.42536104 11.986354 2.0602937
-0.40664041 12.10172 2.9487383
31.923239 2.6979074 -1.5652009
23.3776 13.574799 -1.3772225
-0.40192965 11.713617 3.2921832
-0.42398936 9.7631845 0.70087016
-0.53969133 12.110098 2.9516349
-0.26883256 2.1798999 0.082401358
-0.26400155 2.1581037 -0.024490837
-0.2687951 2.0577164 -0.23822267
-0.54730165 9.859376 0.018842574
-0.61511147 10.885034 -0.39141721
-0.62430489 12.053697 -0.042365242
-0.61632442 12.094334 1.6492671
7.4981499 4.4632654 -0.87745237
-0.61571532 12.120399 2.5196753
-0.65392435 12.116512 2.9542544
-0.72369671 12.008771 -0.040784586
-0.40585724 12.098931 1.2191256
-0.69918257 11.755882 -0.44623804
-0.5927844 9.7610416 0.70165062
-0.73842508 11.848864 3.3306067
-0.60701531 9.7374907 0.35981992
-0.7628116 11.983937 1.6380742
-0.76414037 12.011291 2.0668051
-0.77137065 11.713015 -0.4434098
-0.79449624 11.914067 -0.03791517
-0.82361126 11.690653 -0.44192439
-0.84368956 12.113781 1.2230971
0.42309892 2.5987146 -0.45048368
-0.86170697 12.097863 1.6517928
-0.86226398 12.104068 2.0816002
-0.88045442 12.121511 2.958442
-0.8877058 11.895056 3.3449235
-1.0116346 12.069538 0.37734014
-1.014069 12.105041 0.80224407
0.23198055 10.79737 3.0571558
-1.0152897 12.117282 1.6556305
38.422615 11.573692 -2.1088448
10.849106 9.5870991 -1.1339353
-1.0156531 12.120703 2.0860283
-1.0281764 12.067143 -0.04153261
-1.0309089 11.796063 3.3224418
-1.1419436 12.018932 2.072861
-1.0994554 10.769601 3.0612416
-1.2041065 12.132583 1.2279016
-1.2037784 12.126881 1.6590531
-1.2399795 12.127034 2.0903645
-1.20382 12.139359 2.9684892
-0.38816741 1.9641652 -0.10502342
-1.4428446 12.01136 0.37918618
-1.4162648 12.058164 0.37935451
-1.4150714 12.114484 1.2289225
-1.4145193 12.11209 1.6604567
-1.4159222 12.126152 2.0933907
-1.4155786 12.129775 2.5342591
0.99167675 12.041286 1.6443448
-0.48623085 2.3862238 0.18638784
-1.6082076 12.125366 1.6651192
-0.42122313 2.1909933 0.081321135
-1.6296594 12.143897 1.2339197
-1.6898332 12.000948 1.6527054
2.6563618 5.557704 0.11439919
-1.6249793 12.1212 2.5377264
-1.6262301 12.132996 2.9780383
-1.5585449 10.918421 3.113179
2.3943632 8.2119656 2.4934657
-1.6311076 11.348431 3.2253914
-1.8567139 12.103681 0.38218373
37.39048 12.56659 -2.0788188
-1.8215261 12.131077 0.81042325
-1.8244196 12.155099 2.106431
-1.8224626 12.157614 2.5497608
-1.8221675 12.156355 2.9893398
-1.230096 7.1918864 0.095101178
-0.92030376 4.7295866 0.16324186
-1.9589611 12.162095 2.5546303
-0.9156391 4.5459828 0.16834693
-0.93088061 4.5008135 0.16962287
-2.0151618 12.139854 0.81289428
-2.0172944 12.155157 1.2405732
32.505138 4.2046227 -1.6219238
-2.0169959 12.156937 1.6765842
-2.0562208 12.171178 2.5593662
-2.008472 12.108032 2.9853756
-2.1061428 12.112783 -0.040739603
-2.0285645 12.098139 0.38320827
-2.127465 12.117295 2.5519123
2.6980381 4.491137 0.89066041
-2.2023075 12.102633 1.239738
23.23012 14.484866 -1.4039199
-2.206898 12.133876 1.6782765
-2.2192619 12.087796 -0.03992708
-2.348695 12.03625 0.81262851
32.27763 4.7014537 -0.46375838
-2.2322745 11.277596 2.4033158
-2.5999839 12.131474 -0.040865358
35.567593 26.779863 -2.4841285
-2.6085668 12.167191 0.82143688
-2.6124613 12.188903 1.2540293
-2.6106334 12.181333 1.6936982
-2.610492 12.182329 2.1332269
-1.2233901 4.6466398 0.16578236
2.3034616 3.0461648 -0.5197382
16.750441 29.167999 -1.8560714
-2.2200825 9.6066866 2.4527268
-0.6231311 2.1659715 -0.040801071
-2.8058164 12.174389 1.6984104
-2.8080351 12.192782 2.5919447
-2.8154235 12.120037 0.8224411
-2.823801 12.161498 1.2564318
-2.6059794 10.490063 3.0562885
-1.2918004 4.5015836 0.0085625919
-3.0422156 12.156359 0.39062387
-3.0175576 12.151017 2.5939684
-3.0342131 11.562284 2.916193
-3.2150316 12.213675 1.2693381
-3.2125289 12.205625 1.7143741
-3.2193296 12.147263 -0.041282326
-2.8367975 10.103307 2.9751689
2.988131 11.915762 1.6678035
-3.394042 12.1099 -0.040343676
-3.4176462 12.199857 1.2733735
-3.4134796 12.187969 1.7192178
-3.4147494 12.19576 2.1663277
3.0564821 11.453895 1.6200453
-3.3859546 11.688319 -0.45297581
-0.7868405 2.2000372 0.076929443
-3.3026738 11.235287 -0.42435411
-2.9588807 10.12249 2.9886885
-2.9180474 9.6657639 2.8726692
-3.2851832 10.898583 -0.40354002
2.9632297 11.863008 -0.058301222
-2.6657341 8.6538486 -0.5725081
-3.6239502 12.208252 0.83904475
-3.6303351 12.233737 1.2814659
-3.6103513 12.164032 1.7236232
-3.6273456 12.227853 2.1804094
-0.78838706 2.0762119 -0.25349852
3.0067675 10.576209 0.35985577
-3.4069407 11.066526 -0.41509628
-2.8779111 9.1789064 2.4000399
2.5951462 11.942315 2.5384912
-3.0242682 9.5802889 2.8597307
1.8183217 3.3596542 -0.48456645
-3.7972763 12.237374 1.2863129
-2.0644917 6.2896061 -0.56425375
-1.8912567 9.5958977 2.4350939
-1.6500303 4.8374453 -0.54476821
-2.8816452 8.8744249 2.3360982
-3.1708815 9.9131498 2.9531848
2.5818357 11.986712 2.5459199
-3.823225 12.180096 0.39709485
-3.8361616 12.226854 0.84361815
-3.8156552 12.173512 2.6401162
-0.7433933 11.952418 1.2099564
-3.1859801 9.8000584 2.9266083
-1.7803591 5.1409335 0.15190531
-3.9659026 12.24979 1.2920299
-1.7305193 12.021032 1.6556987
-2.8961349 8.7256269 2.3058264
-2.1558046 6.2395225 -0.56065094
-1.8327025 5.0478764 -0.030360809
-0.38939524 2.0828266 -0.22734831
-3.6593258 10.882669 2.8131244
3.3260343 8.1256504 2.5577443
-0.8003819 1.9695638 -0.11795104
30.2355 1.5480797 -1.4537053
-4.0260658 12.173348 0.39882028
-4.1199431 12.233453 1.2953852
-3.3685126 9.6924248 2.9154806
-4.225646 12.202122 0.40077591
-1.0258977 12.109612 2.9583707
-4.2410007 12.257315 1.758279
-1.8405256 4.8787966 -0.19833133
-4.346797 12.245994 0.85426718
-4.2508426 12.224532 2.2108018
-3.8172157 10.903832 2.4175885
-1.4314903 12.085719 0.80476648
-3.783535 10.7452 2.7936473
-0.87445664 1.9691069 -0.23297712
-4.353086 12.198273 0.40191659
-4.3936133 12.262824 1.3059518
6.7972412 5.5317726 -0.88796121
-4.3886595 12.253306 1.7641079
37.441349 13.112591 -2.0964801
-3.8352122 10.565804 2.7602708
-1.166989 2.6261282 -0.46899185
-3.5811636 9.6647415 2.5532551
-1.8794866 4.7364349 -0.36004817
-2.9565861 7.8908396 2.4411473
-1.8244812 4.7146711 0.16343117
-0.24763273 1.9600323 -0.103916
-4.4765906 12.132488 1.2992245
-4.4502926 12.186681 2.216327
-4.0974302 10.940587 2.4425414
-3.9256394 10.506174 2.7550437
-4.3040228 11.440724 -0.44878575
-4.0626712 12.222679 1.2928934
-1.9934599 4.9218268 -0.20606105
-1.8907177 4.6176748 -0.51993889
-4.5223985 11.894451 0.84422988
2.3895102 11.936356 -0.055679448
-4.5314674 11.862243 -0.035221394
-4.1372352 10.753128 -0.40513834
-0.60235864 2.1294327 -0.22221975
-4.5240474 11.78235 0.8399213
-4.5607572 12.010178 2.1980274
35.831718 5.3255644 -1.8287327
-2.9495225 7.5204859 2.3509798
2.5347335 1.7225193 0.6944747
-4.5351171 11.758046 1.2743182
-4.4705796 11.532947 1.6918553
-3.7874932 9.6690187 2.5708606
-2.2160425 5.3125215 -0.24813831
2.5465026 1.7842633 -0.075978763
-4.5855761 11.736269 2.1615899
28.703802 13.56638 -1.6476878
-4.558394 11.724084 2.6098726
-4.0268755 10.386863 2.7386653
-2.9896269 7.379086 2.3208029
-4.5563936 11.2153 1.236403
-4.5622387 11.233324 1.6648384
-4.5979233 11.382949 2.1136737
-1.5967495 3.6525133 -0.49332106
27.345144 38.770164 -2.7270212
-2.1716628 8.3668804 2.4979095
-4.4244146 10.769362 1.2001623
0.70658135 12.039771 2.5060477
-4.6620989 11.560482 2.5892589
-3.4579904 8.3644781 -0.56410187
-2.5929976 6.0369458 -0.55081648
-4.5017066 10.867653 1.2098514
-4.5178952 10.962852 1.6345693
-4.7366586 11.484289 2.5817273
-2.6291533 6.0175877 -0.54987115
-1.3936721 3.0487509 -0.48076633
-4.5358138 10.854258 1.2101187
-2.2170703 4.960155 -0.030373426
52.470047 20.027489 -1.1165241
2.6041799 3.510973 0.74946296
0.14025846 12.067813 1.6434985
-2.375186 5.4668894 0.34445795
31.747541 2.5818934 -1.553565
-4.5625143 10.822227 1.208815
-3.8259912 9.195693 2.8382895
33.766384 4.2580667 -1.6939018
-2.2920063 5.1745777 -0.044301283
-2.4399171 5.4438167 0.75307959
-4.5432 10.783813 1.6172239
32.574409 1.5667146 -0.43281031
-4.5807357 10.929264 2.0504558
1.7922919 12.011999 1.6513163
-4.7783184 11.388517 2.5685399
-4.4533162 11.102535 1.2248133
-3.6237538 8.4117393 2.6309645
-4.3312383 10.076388 2.701412
-3.906795 9.0282412 2.8067031
-4.6234651 10.740266 2.0273495
-4.6656699 10.930505 2.4820623
-4.5655389 10.547987 1.5939558
-3.9538398 8.9775734 2.7996454
-2.363059 5.1421876 -0.043500561
0.2152025 12.051382 0.79453939
-2.5003655 5.5137782 -0.48184603
-1.4903719 3.0158341 -0.48100045
-1.2426662 2.5659995 -0.45991933
32.908764 13.18448 -1.8562628
-4.6302648 10.561038 2.0034201
-2.5844805 5.5383353 0.55673128
-1.3759255 4.511539 0.0072347946
-2.4750915 5.3745522 0.74950254
-4.636014 10.435397 1.9867532
-4.5891962 10.321301 1.5718164
-2.5368598 5.3552003 0.75045627
-4.4999881 9.8423204 0.76526755
-4.5974708 10.119907 1.5515914
-4.68543 10.28838 2.3750517
-2.5627112 5.3955898 -0.4699198
3.0506589 11.036037 1.5750426
-4.5172167 9.8045387 1.135855
-4.6298871 10.154904 1.9484413
-4.4178648 9.7108326 2.6355073
-2.418036 4.966835 0.15515815
-2.5655909 5.339139 -0.26063621
2.6563196 3.1244445 0.32217675
-2.2211106 4.6921053 -0.54932183
-4.4490647 9.6846333 0.75810373
-4.6847506 10.157362 2.3529899
-0.58794266 11.789766 3.3135083
-2.301666 4.6289539 -0.18789104
-2.3426797 4.7722731 0.34033409
-4.6534457 9.994503 1.9284207
0.64017045 3.8145008 -0.50955498
-2.5631833 5.2575479 -0.053669613
-2.3121862 4.6134214 -0.1868172
5.7678585 6.4804521 -0.87961274
-4.6639276 9.9409246 2.315011
-4.5568771 9.7055779 0.76155192
-3.9409142 8.1378174 -0.55784017
-4.02672 8.5062008 2.6968126
3.92536 3.450516 -0.61355007
2.4632359 6.4178762 -0.63560075
-3.4687998 7.0348158 -0.44294104
1.8209753 3.721132 -0.27254733
-4.6217771 9.5861883 0.75872958
-4.6304927 9.6933355 1.8864788
27.272276 31.255079 -2.3352466
-4.6024232 9.7225008 2.6556704
-3.4867663 7.0156593 -0.44180173
-2.4294419 4.8984728 0.34193444
-4.6312051 9.529727 1.121335
-4.6402225 9.5519114 1.4960921
-4.1841197 8.7637129 2.7747056
-4.6553106 9.5399504 0.026429269
-2.9514046 5.8445621 -0.54280949
-4.6972528 9.6087656 2.6423953
-4.7080703 9.5507746 2.2537475
-1.8270609 3.5543249 -0.49043
-4.6447897 9.3672123 1.4777107
-4.6584997 9.3528509 0.031347841
-2.6418781 5.1631088 -0.049552236
-3.4872518 6.7902484 -0.42155993
1.6129407 4.6073589 -0.022398528
-2.5559711 4.8800535 0.34320343
-4.679615 9.3673906 1.846498
-1.9270854 3.4803686 -0.48418102
2.6402478 4.5505157 1.6666993
-4.7183776 9.3419943 2.2201068
-3.4367352 10.878861 2.796576
-4.7670097 9.523387 2.6325748
-1.8901359 3.3622358 -0.45915711
-4.6492109 9.1486111 1.0959809
8.76443 11.674947 -1.1547059
-4.6535301 9.1614437 1.4575322
-4.6734304 9.1237602 0.037311122
-4.690568 9.0364437 1.803557
-4.6510549 8.9424019 0.73577791
-3.0682812 5.7631254 -0.53862923
-4.701437 8.9400225 1.7916906
-4.8607545 9.3801231 2.6141081
-4.7047815 8.8055658 1.7743231
-4.6914973 8.7696743 0.046505593
-2.999449 5.4803128 -0.074757844
24.498316 13.447187 -1.4287096
-1.3922236 2.2846599 -0.40297943
-1.7105371 2.7928677 0.32324237
-4.6630468 8.5242109 1.7344512
-4.6717463 8.451582 2.4124544
-3.0849984 5.415297 -0.072753698
-3.2215919 5.6215024 -0.52954566
-1.7320802 2.7899687 -0.22507235
-4.6688695 8.4032135 1.3831799
-4.7352724 8.5388126 2.0903778
-4.7246594 8.4236345 2.4129422
-4.7358632 8.3333712 0.057656087
-4.7358222 8.3075438 1.3779218
-1.5079504 2.3135095 -0.090203829
-4.7131295 8.1675835 0.062050257
-3.1707854 5.3881817 -0.073012069
-4.4624348 7.710206 -0.53820801
-3.3760443 12.11228 0.3929607
-1.6234169 2.5370128 0.32100222
-1.9000767 3.0068607 0.44561949
-4.7290154 8.0752716 0.064358748
-0.46052659 12.044343 -0.042659122
-4.4785938 7.5498557 -0.52484167
-1.8349507 2.8131745 0.43688408
-1.8972052 2.9690666 0.5613094
-4.7291932 7.9865108 0.066645056
-4.7831759 8.0370893 2.0145104
-4.7846818 7.9231215 1.9965804
-1.7508786 2.576519 0.42611015
-4.7383122 7.7515545 1.6412442
-1.7492366 2.5748599 0.52860916
-4.8810611 7.8876028 1.3466583
-2.4042983 12.128637 0.38585851
-1.5559139 2.2223589 -0.12754962
-4.9585109 7.9023843 1.3531933
33.066528 2.3898823 0.70657325
0.29677474 6.8245225 -0.61622626
-4.7436004 7.5732031 1.6191883
-4.8853254 7.7919979 2.64341
1.7561033 10.815169 -0.40564567
-4.6886806 7.34025 1.2818335
-4.7991672 7.5310788 1.9364161
12.617178 4.9301453 -1.0148933
-4.7778678 7.5253344 2.2483234
33.031586 2.7146149 0.70322329
3.7791011 3.5368881 -0.60514766
-1.4665492 2.1260657 -0.27074254
2.1744077 9.5028009 2.795908
1.8437998 10.939922 -0.41460237
-4.6894026 7.2380519 1.2722304
-4.7091794 7.2725916 1.5786293
-4.7795649 7.3689942 2.2193537
-4.6568894 7.1964436 2.4809141
-4.7513046 7.2135625 1.5749652
-1.8588904 2.5872781 -0.096668199
-2.0964625 2.8762903 0.73841399
-2.0161173 2.7794375 0.15119028
-2.1364517 2.8369632 0.21169119
-2.2250473 2.9384673 -0.2849988
-4.672801 9.5462275 1.8697803
-4.8208561 6.9403076 2.4499698
-1.4282992 2.1008215 -0.36168718
-4.8327303 6.8173394 2.425679
-3.9538705 10.094973 -0.36304423
-2.1929538 2.944102 0.57413232
33.10537 1.9891815 0.71072596
-4.8380179 6.6415505 1.8045489
-1.954302 2.5577233 -0.014339793
-4.8042111 6.3358226 2.0349839
-2.0689964 2.5317454 0.20228326
-4.8230748 6.3391976 1.7579197
-4.8116169 6.3485045 2.3243995
-4.7911777 6.193511 2.0081
-3.2265446 12.183434 2.6098759
-4.7331758 6.0280652 1.4304639
1.0650526 7.8360748 2.3203332
-4.7963886 6.1620507 2.2835922
37.875904 5.729619 -1.9508964
-1.9887853 2.346328 -0.18132153
-4.7602472 5.998188 0.11650602
-4.7436185 5.9598413 0.89525115
-4.7781258 5.9589276 2.2392814
12.824741 3.3346436 -0.97411305
-2.0004842 2.3213761 0.024256747
-1.8269241 2.0367265 -0.27278286
-4.767065 5.9352365 1.1593294
-4.7724872 5.9248743 1.4224029
-4.8012438 5.9662609 1.7009345
-4.7830448 5.9635968 1.9669085
-4.8091912 5.8669581 2.2259064
1.9742726 6.4746232 -0.61931801
-4.8181667 5.832603 1.4163755
-6.4917436 7.9470396 1.469659
-6.4951787 7.928329 1.8256795
2.587436 1.8942041 0.37798271
-2.0318961 2.3627696 0.12143796
-4.8177748 5.7641082 2.206826
-4.8187075 5.7134399 0.12301106
-4.8465047 5.7888808 1.6811178
-4.8151045 5.7401199 1.9332044
32.462486 2.9617767 -0.4463537
-1.912527 2.002851 -0.12759894
-4.0212936 12.235223 2.200438
-4.9332247 5.7040329 1.6800715
0.79884851 10.040206 -0.69795471
-6.8289671 7.9589858 1.4979064
1.0672953 8.3166742 2.4420829
-4.8176098 5.5466199 1.9009079
-4.8204746 5.5697117 2.1688826
-6.8203597 7.9257979 1.8589854
-6.38133 7.2556229 1.7383471
-2.0027122 2.0324659 -0.14034641
-7.1315131 7.9406395 1.8936231
-7.0460587 7.7922359 1.8682446
-2.0329206 2.1217058 0.37231231
-4.8034849 6.5960851 2.0812175
-7.2157631 7.959116 1.5301154
-4.9725537 5.3968844 1.6427711
-4.621707 4.9589815 -0.31801987
8.3275986 1.3139513 -0.81548905
-2.013974 2.1223271 -0.03697079
-3.2327313 11.357096 2.8844285
-4.7807703 5.1138506 1.8238833
2.5122612 1.9344456 0.67274708
-6.4338908 6.7818727 1.6925954
32.901424 4.5491333 0.68618232
-5.0097961 5.2203279 1.6239454
-4.8095803 4.9478445 1.0800419
-2.8958862 2.8450675 0.47467217
-4.6282029 4.7362905 -0.30154571
-4.8599157 4.9657702 2.0606282
-2.0064828 1.9479284 -0.25281513
3.0769241 9.3145275 2.4549208
-4.8970318 4.7454195 0.14520758
-2.7810314 2.7316897 0.1618935
-4.9237642 4.6999059 0.14601919
-3.6992068 3.471791 -0.49910417
2.984962 9.1274805 0.69021493
-4.8700261 4.7676625 1.5453585
-4.8623996 4.7292519 2.0177839
-4.9241524 4.6945772 1.543515
-2.2601752 2.0795681 0.0085584223
-4.8768177 4.5561843 1.0555226
-0.85922962 12.065486 0.37658384
-4.8787241 4.5503531 1.7514251
-4.9401383 4.5659399 1.5295415
-3.4122806 12.176975 0.83413476
-4.7854757 4.2987256 0.80666566
6.3990712 5.9486914 -0.8861441
2.2027867 2.299958 -0.51361102
2.1708164 11.941685 0.36804134
-4.89569 4.3822374 1.5002785
-3.2111468 12.195458 0.83156472
-3.07495 2.648082 -0.47177297
-2.4377785 2.0368569 -0.40269831
-2.8726006 2.5633721 0.085202686
-2.935806 2.4775243 -0.4279165
-2.8761604 2.4053881 0.46218738
23.290457 13.650867 -1.3756831
-4.8646398 4.310822 1.9442985
-4.8857822 4.2954059 0.15549891
-2.8086407 2.3399003 0.097882353
-2.9326575 2.4256661 -0.16043481
30.165428 29.526291 -2.3680549
-2.5636463 2.078474 0.33303657
-1.6346396 2.343514 0.32025841
-4.8898206 4.1801357 1.6986543
6.8756804 5.4329219 -0.8874048
-2.5496674 2.0386608 -0.31134629
-4.8459816 4.1243029 0.80227572
5.7977347 2.5237539 -0.79141682
-4.8863811 4.1493869 1.9212568
-4.7330809 8.3443918 2.3986096
-2.3606725 1.8916928 0.022297293
-2.8146107 2.2081769 -0.24983886
-2.411808 12.176981 2.1259577
-4.8911257 3.9997628 0.58715379
-4.9034538 3.9991627 0.80031937
-4.7645259 8.3692293 2.0658
-2.4246478 1.8798666 0.14074148
2.4251168 1.9382386 0.78094882
-2.4455962 12.140805 0.81817102
-4.895885 3.96892 1.0146033
4.1211057 0.12465429 -0.57351404
-2.4616375 1.8461661 0.52996445
12.325492 6.3299332 -1.0544918
-2.2243345 1.6828713 -0.0299203
-1.2215205 12.109933 0.80401045
-4.9194851 3.8820851 1.6620213
2.446068 1.8868282 -0.13723747
-2.4113481 12.172835 1.6875457
-1.6446228 2.1298008 0.31948695
-4.9051871 3.9547734 1.6695139
-4.8995461 3.942174 1.8897456
3.5520003 1.7197871 -0.54941696
-3.0718901 2.2997754 -0.42270643
-2.5379791 1.878262 -0.39373881
-2.6245134 1.9854952 -0.26311839
-3.2808149 2.4393604 -0.47220924
-2.5576489 1.9633982 0.33283374
-2.3487079 1.6619507 -0.32655513
-4.9235706 3.7390015 1.6434263
-4.9138947 3.6728902 1.8499688
0.66601342 12.024361 2.067059
-3.2900665 2.4020166 -0.4686437
-2.6017442 1.8932821 0.79865021
-4.8328447 5.3585443 2.1300027
-4.0401034 2.9316003 -0.47571096
-3.8765814 2.6994011 -0.27052429
3.7170575 1.4734231 -0.55887812
2.4208891 3.1263032 1.0442902
-4.9134374 3.4691746 1.1884842
-4.8982124 3.471884 1.3959397
-4.9243016 3.4545226 1.1886754
-2.4500673 1.71813 -0.45509633
-2.5389516 1.7460995 0.23382291
-2.4687719 1.5998617 0.031066997
-3.0597038 2.0141697 -0.13594374
-4.0529785 2.7664666 -0.45980248
-3.3659818 2.3000538 -0.46694741
-2.8856921 1.9414624 -0.46554163
-2.539824 1.6591222 0.40357897
-4.976944 3.3985412 1.4009458
16.776373 29.002523 -1.8476096
1.1459577 9.0799799 2.3024776
-4.9009972 3.3508968 1.7987598
-4.996026 3.3931947 1.1930919
-7.8380184 5.3477936 2.0651081
-2.9393401 1.851468 -0.46225539
-4.8903756 4.1218805 0.15930624
-5.0213509 3.3708341 1.6146419
-5.1911922 3.3821485 1.648775
-5.2304378 3.388483 1.223989
-5.2993522 3.3811033 1.6697122
-5.3203244 3.3757713 1.4548784
-2.7645736 1.6588899 0.54440647
12.482418 0.40054885 -0.87621832
-5.3870158 3.3959143 1.6886294
16.797031 28.726648 -1.8328469
-4.3837824 9.9756002 2.6857822
-4.9074063 3.152514 1.7718898
-3.2907326 11.416332 0.38797116
-3.0858812 1.9285097 -0.13157704
-4.1805425 2.5577745 -0.45491338
-0.40585563 12.099536 1.6484897
-3.4614463 2.1498015 -0.46325955
-5.4227967 3.3786745 1.0309603
-5.3787141 3.3516033 1.2412111
-1.7105167 4.8215089 -0.54463512
-5.4744029 3.3795259 1.4808953
-2.7567146 1.6067412 0.38820732
-5.5171394 3.3589842 1.2606785
3.0260465 10.145401 0.73051494
-4.1387281 2.4722335 -0.27776515
-3.167577 1.8428121 0.82491434
-2.5890355 1.5276374 -0.45286664
-4.9362235 2.8998539 1.744367
-3.0646689 1.7387327 0.57047904
-3.0790625 4.0279593 -0.51211327
-5.9988966 3.3977759 1.810917
30.564402 29.446592 -2.3810587
-6.0005603 3.3849487 1.5705503
12.003502 7.1116114 -1.0691136
-3.0877504 1.6763645 -0.22894987
-3.0632339 1.6998817 0.40724927
-2.0176523 12.162483 2.1124084
-42.977879 24.619299 13.383839
-3.0257354 1.6138393 0.0091854054
-6.178545 3.4049659 1.8481725
-43.117523 24.520824 13.404766
11.472878 8.5932245 -1.1145834
-43.925007 24.801231 13.629886
-3.1590116 1.7430968 -0.22932552
9.195797 11.363129 -1.1554929
-6.2144599 3.3876932 1.6076293
-3.0856755 1.6065741 0.34234178
-43.193745 24.040241 13.364724
0.0089225722 12.082151 2.5097175
-43.19677 23.855326 13.343359
-4.5387182 11.489584 0.82892823
-4.4160013 2.2666614 -0.45926344
37.779549 9.14359 -2.0151072
-6.4028182 3.392771 1.6407669
-43.675594 23.765774 13.44692
-4.0608034 2.1698594 -0.24755493
-6.5141673 3.3871632 1.4025064
-6.5220838 3.3946214 1.661736
2.9774585 9.1014814 0.35116133
2.2301216 10.71677 2.6989908
-3.0977612 1.5713925 -0.45552552
-2.1367686 11.239221 2.3928373
-2.8570664 10.897017 2.3618431
-6.5759101 3.3981977 1.671455
-3.2959118 1.6277164 0.5850597
-4.5566034 11.378996 1.67976
-2.6892045 1.3580986 -0.44979244
-4.8090744 4.9030824 1.3130522
-4.9644628 2.4895856 1.1226256
38.510174 11.732783 -2.1176758
-3.6526415 1.791839 -0.45475331
-3.0335889 1.7205244 -0.42392987
-4.9704585 2.4751217 1.3147136
-3.65043 12.158759 -0.041886277
-3.1759546 1.5462289 0.18344262
-3.8718381 1.8912965 -0.20858173
-4.1059799 1.9708283 0.66090012
-4.0914555 1.9872884 0.81283671
-4.904417 2.3790848 1.6737885
-2.7368615 1.2592304 -0.44718078
-4.9491534 2.3900058 1.3042324
0.85915923 12.057722 2.0737932
-2.5003867 10.565299 3.0686879
-4.896668 2.3178449 1.588975
-2.745358 1.2149024 -0.44336143
0.49854329 12.038282 0.79365379
-2.6489043 1.1484673 -0.41193166
-1.6230853 0.66943747 0.36884704
-4.9398704 2.3141377 1.6754488
2.4688048 0.52609956 -0.45944127
-4.955677 2.2309196 1.6703269
-3.6077948 1.5691487 1.1352016
-4.9489751 2.1297615 1.6584089
2.142288 11.201578 2.7989085
-4.9570599 1.93998 1.6422821
-1.4898603 0.51161885 0.039429337
21.688229 51.332233 0.63015121
-4.9655533 1.814629 1.6332542
-1.5701731 0.564053 0.035121787
-0.60902864 2.3774185 0.16422591
-1.5128437 0.49043515 0.11081113
-1.1004205 0.31195664 0.06198819
2.7823701 11.96418 1.229484
-3.8395469 1.2016937 -0.43571547
-1.8007534 2.7535074 -0.11258233
-3.3467505 0.9801417 -0.44672614
-1.6029431 0.53555399 0.55837339
-4.904304 3.7611463 1.8617407
-3.3219461 0.95103741 -0.43900251
-1.5867668 0.5176757 0.39029756
-1.7677382 0.47856918 0.58182865
-1.746134 0.44611534 0.26758525
1.1207451 2.4316607 -0.48057777
-1.8145677 0.44508433 0.3216581
-4.8457966 4.7413912 1.3003443
-2.3270857 0.5725649 0.7061587
2.991883 9.1518259 1.0286156
-4.8539734 4.7071667 1.0650213
-2.4454942 0.61202341 0.57951212
-2.5338669 0.60234141 0.58019131
-1.7887439 0.42695904 0.33282998
-4.6024618 9.0012417 -0.30935615
-5.0308495 1.292358 1.0434994
11.019357 9.3420153 -1.1295913
-1.9603783 0.44787502 0.32457894
4.1900692 9.3846493 2.190834
2.9538517 9.1922989 2.071712
0.68811941 5.0266795 -0.56882882
-4.4803972 8.4027548 2.7265315
-4.8290811 4.7477698 1.7734793
-2.4904869 0.57839614 0.41424072
-2.0473692 0.4753156 0.26313737
34.772713 27.585457 -2.4819086
-0.45015469 1.9568778 -0.20622036
-1.2143285 0.32630321 0.051914714
-3.0266151 0.65841973 0.44356897
2.5293543 0.77462244 1.0380011
-2.3214884 5.6135755 0.13812931
-2.2565119 0.52202088 0.77936757
-2.2842107 0.43010041 0.84138411
38.336033 12.680451 -2.1330252
-1.9792143 0.37773779 0.34276316
17.680618 23.906687 -1.6005626
-3.6649852 10.904889 2.4081459
-1.1764219 0.19155629 0.053096469
-5.0296001 0.96197712 1.0663733
-2.6041927 0.45981285 -0.24719395
-5.0259132 0.95471466 1.2411987
-36.735138 6.7539582 8.9175291
2.0612459 9.4543638 2.7769313
-4.9951363 0.91972196 1.5841547
-1.5567209 0.3289372 0.13715954
-36.971519 6.6784868 8.9697828
-2.2927868 6.1633582 -0.5554899
-36.752365 6.5201569 8.914361
-1.6293426 0.34544984 0.39486253
-35.431366 5.950211 9.9084511
-1.7942861 0.3485229 0.20043556
-35.291691 5.6923566 8.5530548
36.441975 13.154035 -2.0439172
-35.520451 5.7944198 9.9271841
2.8681996 9.2228746 1.7203784
1.9812706 11.990961 2.0841668
-3.449044 9.6253185 2.9061337
-35.542206 5.6272612 9.927681
2.7862084 11.992562 2.1086261
-3.0503635 0.48485297 0.24939065
-35.456169 5.4922309 8.5860748
-2.4737496 12.098449 2.5610697
-37.257259 5.7818708 10.392792
-4.8790255 4.1483455 1.0256554
-3.1484694 0.47980261 0.80726075
-37.274929 5.6654925 10.394047
-2.6065762 12.175295 2.5802746
-37.478413 5.5769839 10.446136
2.7048194 4.6171083 1.4899049
-2.4718053 0.35059133 -0.29316565
29.821877 13.29135 -1.6969992
-36.178677 6.1929631 10.116923
-36.331188 5.1652145 8.7815866
-37.249313 5.3050556 10.376947
-1.3959569 11.549129 3.2687571
-4.8736701 3.5126026 1.604423
-3.1957216 0.41756138 0.65976179
2.5963824 1.9238645 0.55903786
29.940075 29.574968 -2.3609495
-1.5789609 2.098495 -0.24562661
-36.250538 5.03825 8.7600946
-5.0149622 0.64505345 0.88924837
-36.350224 4.9558635 8.7815485
-2.6188221 1.6038226 0.03840543
-36.762913 5.0694489 10.239842
-36.90839 4.9103432 10.274981
-1.2039746 12.142918 2.5322647
-3.0690391 0.39328033 0.25032657
4.1786399 9.3219128 1.8068136
2.956955 9.1237545 0.016323527
-2.1542263 0.32684708 0.216363
-2.1243818 0.2259617 -0.12817979
-41.204826 5.2175531 11.43989
12.562558 5.3288751 -1.0273298
-41.220676 5.0887637 11.441265
-36.415703 4.375771 10.129915
2.7225382 5.5991416 1.677071
-34.96978 3.9792705 9.731636
2.653626 9.1284208 -0.31665939
-5.0466261 0.5810225 1.4107113
-35.812347 3.9565144 9.9586926
-35.949066 3.8581963 9.9938231
-2.0895252 0.20514977 -0.17379935
-3.1772249 0.37132889 0.8189283
12.450503 5.9246893 -1.0451459
-5.0885754 0.48432323 1.2447636
-37.05809 3.794822 8.9270496
-41.681404 4.057704 6.992702
-36.195797 3.5334566 7.4176745
8.2231922 2.5301809 -0.84804797
-5.0481815 0.52413046 0.92946035
-41.831345 3.9405389 7.0163493
-38.037663 3.5949931 7.7822042
-35.935326 3.4096892 9.9828396
-0.65802306 1.9806906 -0.11428865
-5.0664964 0.43484914 0.98054594
-40.9011 3.7390451 8.3493862
-36.569759 3.404906 8.8083344
-37.180656 3.4118056 10.319752
-2.1404855 0.19517717 0.17484207
-4.9109955 3.0069335 1.7527096
-41.564781 3.6534064 6.9721603
-6.6329098 7.9476886 1.4810241
-36.332878 3.2112412 8.7509575
-4.6178646 8.4973192 1.050597
-40.123226 3.5578167 11.117939
-2.0899203 0.1961121 0.14536136
-41.792267 3.5420327 7.0085464
-40.718639 3.45875 8.3114405
6.5064058 5.854991 -0.88786197
-40.346035 3.4436769 11.176826
-41.109444 3.4359241 9.870121
-40.67857 3.3443069 11.265709
-41.209728 3.2500026 9.8920717
-41.754841 3.1377363 7.0015907
-44.072727 3.1825552 7.3764596
-41.731453 3.0207431 8.5098238
-50.085327 3.6405632 11.972175
-41.24155 3.002054 11.414823
-41.774746 2.8927367 8.5179806
-50.130157 3.4862587 11.981789
-41.752556 2.8171356 7.0009475
-3.1944163 1.6574088 0.57789654
-41.83902 2.6261237 7.0149488
-50.27129 3.1890509 12.013462
-48.153534 3.0638676 13.288896
-48.839146 3.0195813 9.9179039
26.427845 33.726967 -2.4291368
-3.1707048 12.210174 2.1581104
-48.060394 2.9237766 13.262827
-4.9233589 8.0986118 1.3696158
-44.416439 2.5184193 7.4322166
-0.6029551 1.9700739 -0.21674778
-5.1147699 0.27273408 1.2489334
-47.959064 2.7503326 13.234484
-48.480412 2.6098049 11.592155
8.2833366 2.088865 -0.83660048
-2.3058386 12.013218 0.81113994
-49.693798 2.5197742 11.876462
-4.8190818 6.7022181 1.8114967
-47.6521 2.4253743 13.150027
-47.886852 2.2677972 9.7290325
-5.0586491 0.22521694 1.586501
-2.5171008 2.0564358 -0.30925635
-49.188992 2.195801 13.566678
1.3605212 11.973516 -0.049557555
-44.400784 1.8066607 7.4316072
-2.2829144 4.9278684 0.3405489
-49.295982 2.0359464 11.783216
-48.327381 2.0056033 13.332674
-1.583657 0.15397516 0.10732387
-1.4403793 0.13181707 0.35024109
-5.0751081 0.1917922 1.0670636
-47.665371 1.6600897 9.6866388
-0.89486039 12.065987 -0.041870732
-4.8835483 4.5359783 1.283746
-3.1778071 0.10260724 0.25224084
-2.5107353 5.3326373 -0.057191707
-1.5543691 0.03511304 0.49730122
-48.421539 1.5446451 11.579198
1.7677208 9.9685402 -0.70768356
-1.759449 0.10218272 0.32300445
-49.84668 1.4344729 11.913975
-1.8050611 0.099300303 0.19400854
35.834801 26.452753 -2.4828696
-1.7336802 0.034257818 0.07087364
-0.0014732621 2.6643009 -0.446899
-1.564404 0.029266361 0.49896201
2.9710526 11.913494 0.80008829
-49.008709 1.2567444 11.718136
-52.166569 1.3492039 14.376422
-48.62273 1.0945972 11.628396
-45.693989 0.89433646 12.620488
-3.0393515 0.03917107 0.15850216
-7.0257525 7.3675885 2.1822412
-3.6204381 0.05197015 -0.3430371
-3.2456625 0.029816154 -0.37799367
-2.4112911 12.170429 1.2486829
-3.2555883 0.015297712 -0.38006398
-3.4533899 -0.006491377 0.58039331
-2.932101 -0.010160756 0.072329022
-5.1513591 -0.0222125 0.73477131
-2.6933239 -0.084132828 0.0092988061
-5.023685 -0.069110796 1.5789236
2.5936313 8.1297712 2.4898491
-3.5515707 -0.12552944 0.02129351
-3.3345997 -0.15636656 0.039701723
2.58056 11.958963 1.6617417
-3.8825314 12.243602 1.2891747
-2.808636 -0.12619795 -0.0041849492
-1.5949677 -0.055357732 0.42236567
-5.1189575 -0.30934778 0.97689515
23.990742 13.46906 -1.4039956
-5.1104169 -0.29059038 0.99922472
-5.0469627 -0.25873151 1.5890095
-3.3127203 -0.20823745 0.041803826
-3.3412507 -0.24907109 0.039579522
-5.1006937 -0.40583533 0.23029625
-4.0133777 -0.26820838 0.2442022
-2.5529513 4.4821787 -0.53771311
-3.1835363 1.7235955 0.76414937
-3.3798709 -0.27000338 0.14436425
-1.7632607 -0.074322358 0.33926058
-1.7584044 -0.071573064 0.13659109
-1.7528758 -0.069215626 -0.0014566409
-5.1235609 -0.46560794 0.99816513
-5.1114864 -0.46341324 1.258785
-5.0959945 -0.46108839 1.4301826
-5.060544 -0.45686024 1.5987391
8.1737461 2.7193825 -0.85092151
53.531746 22.78657 -1.1846195
-1.5148474 11.469422 3.2521465
-3.6414919 -0.41465569 0.25063822
-3.1478169 -0.33019811 -0.25202823
-5.1239157 -0.60630792 1.0885229
-1.4428742 -0.066725031 0.35931364
-5.0967216 -0.61135238 0.9551394
21.154575 44.875183 0.59474039
2.9737442 11.930202 1.2304702
-3.1798015 -0.40534782 -0.36459038
-1.2813572 -0.15751562 0.031856198
-2.9897716 -0.41440743 -0.32197654
-2.8828857 -0.41994137 -0.29807231
38.972095 22.620819 -0.89337724
-5.0998402 -0.66301513 1.4385698
-3.5024951 -0.47130686 0.78025228
0.97926629 10.08182 -0.70450997
-2.8635604 -0.43115571 -0.38980097
1.0408573 10.597534 3.020772
-3.5228441 -0.54935473 0.82959288
2.2345221 11.038031 2.7680042
-2.3189499 -0.36305562 -0.16993703
-2.3265016 -0.30936471 -0.03948975
-2.305835 -0.32543853 -0.015902674
-2.3346031 -0.358116 -0.17331219
-3.5070252 -0.56861252 0.82777554
-5.1251664 -0.83979928 1.2750868
0.57928205 -5.0665784 -0.28255492
2.3429015 -9.6769819 2.6886582
2.62763 9.9601469 -0.72824436
-5.0942607 -0.30609587 0.22949347
-3.8852432 -1.7383609 -0.024448493
-4.6853838 8.1244926 1.6845074
-5.080761 -0.023909088 0.22696717
1.9807011 -11.531827 3.1084354
34.257439 -16.577862 -0.35045806
-2.6838245 10.39515 3.0375216
-2.9506779 -9.926199 0.57851559
32.261044 4.9485083 -0.46657258
2.1470585 -11.632639 2.2782347
-2.8870199 -9.3528433 -0.11273059
1.1881357 -7.2488298 -0.026895497
1.5692879 -8.7507887 0.83914042
0.011101455 11.421439 3.2161002
2.1865568 -11.626472 2.7101343
0.37620538 -3.4067013 -0.34128973
4.8616209 -2.1605394 -0.57878798
1.714703 -8.7266188 1.4678683
2.2636976 -11.133348 2.1992447
2.3302767 -10.936257 2.5772493
-5.2333484 3.3779724 1.4407444
-3.1325278 1.5993479 0.0022381153
2.4990711 -11.467815 3.1165886
1.7871466 -8.8356133 0.52866036
1.7810924 -8.842454 1.1619353
2.300838 -10.490416 2.8769569
2.2171142 -10.271269 1.6803919
0.79155797 -11.589906 2.6679244
2.2649529 -10.203909 2.8078556
-3.2230542 1.3513323 -0.4555693
2.2312438 -10.009851 0.92107481
-2.578018 -6.4542928 0.24688281
2.1987855 -10.07599 1.6546353
16.224014 4.7088652 -0.12228007
2.3142874 -10.196652 2.808717
1.8103187 12.015242 2.5240386
-0.67168087 -11.586673 1.014955
2.2489421 -10.054303 3.1543379
-2.8382967 -2.10763 0.61118114
2.2651341 -9.8483706 1.6269063
7.6017828 -6.5397344 -0.56412721
2.2657437 -9.834549 1.9859533
3.3418949 -10.428985 -0.19536079
-3.1717694 5.6770086 -0.53355289
1.9688456 -8.8137207 0.52810436
-2.8346519 10.183726 2.9950197
2.0107388 -8.8275814 0.84733325
1.9615068 -8.7964687 1.1605589
17.74209 45.372639 -1.1072855
2.3343225 -9.9457064 2.7510045
2.4554873 -1.6688428 0.57362241
-0.75743246 -5.726809 1.0542175
8.3165569 1.7290176 -0.827344
-4.0856066 -2.2580855 0.098172605
2.2476895 -10.23804 2.0514772
1.085752 -8.7145643 1.4543306
2.0209453 -8.8445864 0.21318001
2.2720408 -9.6700134 0.55100548
2.3282712 -9.8846035 1.9963826
2.2908015 -9.6029682 0.89693767
-4.0229321 8.7908106 2.7630413
-2.8235185 2.2776024 -0.22325049
-0.61804217 -11.43465 2.2176449
-5.8151903 -2.0606163 1.6960931
2.3329902 -9.7150946 1.9688495
-5.2536783 -9.2012291 2.4395885
2.3959606 -9.9096479 3.1245103
1.590874 -7.3215108 -0.036152739
-2.0211222 -3.8362586 -0.32220182
2.2955744 -9.5120392 1.2341627
34.976746 0.15551138 0.75296569
-1.2184292 12.073027 0.37840343
-2.391716 -1.8884982 0.40889916
2.3323655 -9.6182795 1.9530181
35.479195 26.889309 -2.484643
1.6903555 -7.2493277 -0.034891371
5.0687809 -2.2422853 -0.40873548
38.373589 6.3227801 -1.989779
2.2040434 -9.0356903 2.8765686
-2.015372 -11.513156 2.2566104
2.2235007 -9.020628 0.53372812
-5.2885628 -11.12386 2.7983553
10.612825 9.903141 -1.1391884
-4.9943204 1.0505438 1.4119009
2.2339468 -9.0444956 0.86260045
-2.2958245 -2.4127007 -0.056206856
2.2440307 -9.0670156 1.1912633
-4.669045 8.3424063 1.7113262
-2.6045303 -11.395634 3.5294976
-1.583535 12.07627 0.38040233
-2.8466287 -1.6965078 -0.38532495
-5.7937746 -1.8834254 1.8907515
0.78377604 -4.0772352 -0.32842994
1.9464374 3.5168157 -0.11294445
1.1476997 10.864731 -0.40139171
-2.4326441 4.5504479 -0.54020864
-5.0787005 -0.85361707 1.622146
2.3496642 -9.1805782 2.2288401
-2.1733181 -4.3177023 0.26153529
-4.717351 8.7298307 1.7653772
2.2962773 -8.9788294 2.523231
2.2098396 -8.6616125 2.7764382
-49.697742 1.4403312 13.705584
-0.42219269 -4.1859794 -0.31952065
2.3240423 -8.909831 -0.11402212
1.6081083 -6.558948 -0.2415114
2.4373362 -9.0426846 1.1928746
2.2834082 -9.6978159 0.90261316
3.3524168 -10.248749 0.19156481
1.0678984 12.052571 2.5136068
2.5947123 -9.4728785 0.89223737
1.5781701 9.996767 -0.70651704
-4.041491 9.7032423 2.5995824
18.476765 -1.5254169 0.55493486
2.3710763 -8.9084272 1.5090984
1.0482278 12.048745 2.074724
2.6004806 -9.4516582 0.54547143
0.97483253 -6.7308626 -0.23937526
12.070868 -1.1560596 -0.82659644
3.2413874 2.0689714 -0.52948636
-4.2635698 -6.9206848 -0.041364286
2.2359576 -10.794012 1.7486367
8.1652727 -0.069559947 -0.76823217
-5.3552265 -10.301355 2.6507919
2.6813426 -9.4675531 0.20312527
22.499758 -40.793037 3.0532749
-2.4195113 -0.48885494 0.89005578
3.4114625 -11.820184 -0.25252703
-0.55724102 -10.70092 0.58437443
-1.1423728 12.065465 -0.041185305
-4.9336658 9.2663403 2.5995879
2.2666552 -10.986024 2.1750703
18.534695 -5.4275002 1.9744872
-2.8525696 -2.5918238 0.26530096
2.1451824 -7.6527915 2.5020757
3.3318031 -11.436874 -0.23551832
1.321216 -7.5784473 0.49511942
2.6877592 -9.2821121 0.20432344
-2.856118 5.904541 -0.54571599
-5.7982802 -2.0761759 1.2666355
2.5817132 -9.0648813 0.86761266
2.6799698 -9.1034689 0.20560086
3.7760544 -12.301446 -0.27914155
1.7723392 -6.5073876 -0.24247652
-5.8003297 -2.444736 1.2927715
3.2761202 -10.557407 0.19025384
-2.574877 -4.4627638 0.25912273
2.6161177 -9.0370855 0.53455222
3.9232078 -12.299619 -0.28210208
-1.3187155 3.0680041 -0.47955731
22.124117 -43.972828 3.2241619
2.1491156 -6.966938 2.3205748
2.325232 -5.2781148 0.84505826
4.1514144 -6.9044228 -0.36844325
-3.7616413 -0.87754416 -0.38108021
1.8031089 3.4561033 -0.24043652
-4.5873103 9.7147303 1.1323613
1.9770049 -6.4778824 -0.24671602
10.190295 10.524617 -1.1549407
-3.1972518 -2.0827162 -0.36839202
2.0055821 -10.245154 3.1922433
-2.4963062 5.423522 0.55028701
-4.8286123 -11.408803 1.0653621
36.050957 26.436152 -2.4922495
14.924146 -8.6089859 -0.59842503
3.4033129 -10.037674 -0.18117617
2.4649391 1.8057742 -0.24870709
3.6724346 -10.4451 0.57328087
2.1863086 -6.6317878 2.2356775
1.571587 -3.0031822 -0.36047435
-3.1531188 -2.5812364 0.80186886
12.804362 2.72454 -0.9538942
-1.5908686 2.0106316 -0.36189011
2.3436053 -9.9648867 3.1360455
2.4326863 -1.640319 0.18785831
16.5383 -43.723637 3.1127572
3.5995402 3.6106613 -0.5919463
2.2557857 -6.4388852 2.1916032
2.2918503 -10.861235 2.1553385
19.434368 -4.6830678 2.7425573
-2.4216924 -11.415194 3.5246029
2.1830459 -6.4411616 -0.25102472
16.984797 -43.286156 1.4576117
16.89378 -42.283066 1.4313846
2.3036737 -9.6821423 1.6065024
20.915316 44.933857 -1.1302601
1.7970476 -11.594025 2.2627714
-0.2236979 -3.0387068 -0.36785555
-2.7669716 10.300508 3.0194185
0.97827816 -3.2677083 -0.35076538
0.85237497 -2.3512673 -0.37201169
-5.2417488 -6.4416852 1.0835149
-3.6941357 10.828117 2.8042605
-4.8321438 6.8121204 1.8295242
0.038749833 -11.572735 2.6588838
1.5827211 12.004381 1.2163365
3.7719615 -9.8675365 0.18975659
38.541206 6.2251072 -1.9973531
1.5797206 11.976816 0.79300332
3.7742326 -9.8753948 -0.18332677
17.036362 -41.142704 1.40227
12.59284 0.90744227 -0.89384699
-0.69213891 -5.8652558 1.2801045
-2.0609939 11.235051 2.3894069
17.186846 -40.909458 2.9583352
-2.4416296 -4.7642336 -0.28697935
-0.42432544 -3.0347354 -0.36718208
17.625853 -41.09177 1.4026264
-1.6273088 12.123391 0.80814677
-43.61805 23.911541 13.45038
-2.7450509 -1.7262379 -0.04565024
15.646256 -25.750736 -0.042661991
-2.9286411 -2.3974907 0.14048256
1.4615151 -8.7854719 0.84055674
38.248375 24.0014 -2.5001245
-3.86076 -1.6955162 0.25438076
17.611568 -40.873043 2.9633572
37.239738 12.778778 -2.0764427
10.752191 -3.8380795 -0.73029488
20.21974 -46.62661 5.1191196
-4.6539159 8.9505196 1.0827143
-47.77758 1.4397628 9.7098484
-1.7920406 -2.5037816 -0.34359422
7.417882 -2.0719206 -0.68633264
6.0656447 -12.315375 -0.33533663
26.093016 -10.780616 -1.2023317
7.9038453 -1.0411779 -0.73304117
-4.2766929 -3.1876009 -0.28264269
0.56746984 -8.7434998 2.7241044
1.3777096 -3.9077086 -0.33702382
8.0667124 -0.5091911 -0.75300837
2.5722857 11.905359 0.36773923
2.248209 -8.9317465 0.85593611
-5.2119889 -6.8183479 2.63222
18.950642 51.517197 0.62443346
0.25585544 -2.9676831 -0.36418349
12.649546 4.7107282 -1.0086647
-4.7656627 7.7527332 2.2895658
18.798618 -1.2970405 1.2260053
18.431503 -40.774261 2.9719491
3.2807584 8.2316818 2.5779462
1.3751554 3.5683999 -0.51095384
0.75356483 -2.4110951 -0.37491304
-1.7348868 0.41958582 0.69592339
4.8401899 -2.6690879 -0.40033579
2.2667451 -5.3642154 1.0608507
2.0084999 -11.602702 2.6991615
-3.3751121 0.6959728 -0.43264991
-0.95940423 -5.9863434 0.66891938
10.916839 9.4966316 -1.1326149
-2.1670446 -4.1815763 0.42055315
-4.3102832 -2.4992216 1.0822265
2.9753494 9.1541481 1.3725312
2.272754 -5.312007 1.0548182
1.0719337 -10.946805 2.9397063
-1.2879173 0.43740675 0.042087961
-37.185616 6.3583584 9.0098362
-4.2489467 -2.5064034 0.41341993
2.2661614 -5.3251681 0.23400064
2.9954951 11.731536 2.0791049
-5.133791 -2.656435 1.6132458
2.2548873 -5.2929296 0.43634886
2.4428062 -1.6609885 0.405705
-3.8606074 -0.85848427 -0.26445764
6.0178666 0.33033139 -0.72523636
2.2633359 -8.9043875 1.5053113
2.7316771 3.7440975 0.32434806
18.974098 -15.039586 1.6424465
2.3100865 -5.1669183 -0.16637549
-1.1154128 0.20208041 0.068137705
16.988588 -22.428991 -0.046586785
-2.9420843 4.7414489 -0.031445935
-1.0331242 -6.6312437 0.47643074
22.245617 -44.26149 1.4992405
0.99905235 -2.737159 -0.36988172
2.3537583 -5.2571869 1.4725615
28.102995 30.428835 -2.3270848
-0.88631034 -9.2708397 0.22583698
2.3363938 -5.2102113 1.8857476
13.4065 -26.706408 -0.01957495
33.181744 0.72805047 0.72372872
16.304552 3.244446 -0.10292397
-2.6224651 1.6062238 0.37622553
18.749651 -6.8818865 -0.068267524
4.1800656 -9.8788013 -0.19347911
-0.66544372 -4.1702929 -0.31884128
2.2444513 -4.7066145 1.7495136
19.561447 -22.185471 1.9910225
22.004156 -40.562321 1.4051011
14.390307 -26.528456 -0.030585662
22.205875 -40.468071 1.4036212
-44.158413 1.9349436 7.3918657
-0.67516893 -5.8395581 0.86045086
34.316952 -16.207281 -0.35259891
1.3853015 -9.2173109 2.8812785
-2.9266191 2.4432697 -0.16155165
-2.8804789 -6.3697405 -0.23224591
10.756204 9.7226419 -1.1366696
0.11614151 11.344736 3.1967707
-5.0800314 0.082183391 0.22588155
2.3479111 -4.7001371 1.760727
3.0560637 11.048114 1.167392
-4.1567388 2.2980697 -0.2665748
-5.2120357 -2.4718959 0.81593186
6.5569892 -12.256177 -0.34733626
2.2527049 -8.974309 1.5139763
1.3809975 -3.1040199 -0.35739234
-3.8563061 -1.6305146 0.8037405
21.220093 -37.443134 1.323698
-5.2498355 -6.6433988 2.2922368
53.359615 21.107906 -1.1526746
14.962705 -26.383202 -0.037017975
12.377064 -0.06247234 -0.86124462
12.814652 3.5282736 -0.9795292
-0.81135374 12.111264 2.5201988
-1.0165269 -3.4187477 -0.34279811
2.4954166 0.12662804 -0.44937703
1.7818204 -11.571413 3.1102748
16.277679 4.6656818 -0.72534865
14.99092 -8.5207109 -0.6003744
14.620658 -9.5570793 -0.59974509
28.719622 13.685032 -1.6523952
-4.3730302 -11.376383 3.2133248
1.7692653 -3.7088985 -0.33918095
2.7955158 11.948447 2.5481665
21.16325 -36.806362 1.3075972
22.825993 -43.975506 3.2384002
-0.62595642 -9.7015238 -0.11747173
1.789735 11.987382 0.79437941
6.7829857 -12.254461 -0.35403341
18.286531 -3.2629821 0.57394749
3.5917995 -6.728642 -0.32940975
2.7181559 1.3028157 -0.47686335
8.0249071 -0.67456824 -0.74746066
0.57072288 9.9661188 -0.68796229
-5.8032689 -2.2460034 1.9309448
21.109388 -36.449986 1.2984942
11.144929 -3.2650123 -0.75541103
-48.423256 2.7670376 11.579091
15.155669 -26.328838 -0.039201345
-2.1276307 0.23873676 -0.12942594
18.308044 -2.8723087 0.56915826
-4.992826 -0.10266902 0.88888466
17.416409 -29.923439 1.1190386
-2.264046 -1.7093297 -0.37620899
2.3145423 -5.1758027 -0.16717695
-5.2901354 -10.010938 2.5912361
-5.0475225 -0.23793472 0.062454164
2.3018491 -4.2927957 1.6558241
1.888116 -10.168941 3.1652899
2.2853808 -9.689805 1.2507448
2.4656332 1.4486028 1.0825113
-0.22453879 -2.6255503 -0.37145123
1.5781283 -4.8478484 -0.294718
3.7749755 -0.87773359 -0.51175058
-4.8770533 4.3124685 1.2608428
-1.802089 -11.479708 3.085288
2.4536819 -1.5259157 1.1206715
2.2711613 -4.1664891 1.6213708
-0.93518484 -11.56235 1.8306824
26.316042 14.171626 -1.5460081
-4.7429833 8.78407 2.1308773
-4.9454141 5.5385766 1.6586491
-0.82503074 -5.1271172 -0.27930543
-1.6049966 0.65998214 0.2252183
15.574544 -26.090693 -0.043412942
18.553675 -3.0396879 1.9060017
-2.5422308 5.4138346 0.14288194
-2.3439872 -6.7957253 0.24502148
0.77731431 -2.8319478 -0.3687416
-4.9330635 -2.8577993 -0.13684881
-5.1427879 3.0643153 0.98340183
19.430685 -20.045271 1.8836347
-0.86098033 12.095059 0.80078965
7.1754055 -12.256031 -0.3661575
-41.088184 4.8118086 11.399641
-3.89345 -1.5512594 0.80331713
9.870512 10.79571 -1.1541212
17.332043 -28.438393 1.0819415
17.119682 -44.849567 1.4985321
28.736732 30.055117 -2.3344181
26.389984 33.921974 -2.4378543
13.9782 -26.59326 -0.0258549
2.461519 1.8003603 -0.43072331
-36.401882 4.7123961 8.7887268
18.413788 -13.248542 0.74419838
2.541245 2.328814 1.1449851
1.8355268 -4.7467594 -0.29722807
-1.477931 1.9796389 -0.33866534
-1.2567614 -9.7291765 -0.11856406
-2.2214518 12.098825 0.38444731
4.4104486 -7.0135775 -0.38877553
-2.6423914 -2.7027347 0.62083453
29.389614 29.775396 -2.3476732
0.98662907 -2.325042 -0.38297409
32.503162 2.539315 -0.44228652
0.94739139 -11.633145 1.0144978
-4.892982 8.1046143 1.3682212
-2.2044556 -11.511431 1.8464803
1.7318031 -2.9847879 -0.37505198
9.3211088 11.259295 -1.1550002
2.7401254 -4.4004951 -0.32118499
1.1583506 -2.2315009 -0.38628578
-5.1546736 -2.8609645 1.6428381
8.3086643 -12.187022 -0.40099943
12.53164 5.5295095 -1.0336566
29.351774 13.424913 -1.6767402
18.541458 -6.6676807 2.0207641
4.9640074 -7.2125211 -0.43097687
-1.8198438 4.7756667 -0.54203212
-4.4199057 -11.419926 1.4802501
20.154804 45.12532 -1.1267227
-3.1314561 -2.1825507 -0.36858323
19.79916 -26.216837 1.0425464
4.3047838 10.620745 -0.44296411
19.954304 -26.078472 1.0402865
-4.8829145 4.3309426 1.7193995
2.392652 -1.5366292 -0.072120905
6.3025241 6.0674534 -0.88803148
-4.9000249 4.2233844 1.254964
20.134644 -25.963156 1.038758
-5.1791015 -3.2652817 1.0654867
16.200504 4.69978 -0.72196519
2.3458362 -0.67420691 -0.42167425
22.636112 -40.203381 1.3989347
17.185057 -41.134201 1.4024606
-0.091185741 -11.520802 2.2294004
2.5642645 1.8820682 0.14266227
11.762633 -11.237086 -0.50650901
-2.3097456 4.5970135 -0.5396592
21.463696 -10.581484 3.2763307
19.569361 -25.034828 -0.094711505
-35.640526 5.1797543 8.621439
-5.4276633 -10.651343 1.4488405
19.962418 -0.10761911 -0.85143059
2.0107894 9.5063801 2.7869332
-5.0653176 0.35734832 1.5890553
10.825923 -3.729744 -0.73474556
-4.6773896 8.4623451 2.4151762
20.427664 -25.971449 2.2062366
-2.7825816 -2.6911232 0.79451352
20.431557 -25.836168 1.0377648
-7.411376 7.9553685 1.5464802
19.740156 -25.007433 -0.097157955
3.193732 9.4185352 0.0060443832
5.5693583 -7.2957478 -0.47051015
-1.9871157 8.3467073 2.4816408
-3.87255 -1.8095431 -0.025506129
21.47706 -25.785894 1.0438321
2.349638 -9.5999393 2.3119044
-4.9519353 -11.400842 1.0677805
26.316971 14.333455 -1.5517603
2.3389523 -8.9291487 0.85673213
21.778561 -26.11657 2.2529788
1.6617401 -8.8973217 1.1653346
5.4828358 -1.6005909 -0.65109289
2.3328457 -9.2791042 2.5952802
1.7934771 12.026454 2.0848358
21.667921 -25.847092 1.0466044
9.918232 -11.981531 -0.45286715
34.42588 -15.63394 0.96380204
2.4172032 1.1521866 1.0238243
-3.9953976 -5.9001493 -0.24124978
-3.628515 1.8550969 -0.4572483
2.2746954 -9.1636982 1.5389489
0.57975841 -2.4729052 -0.37252107
3.0220942 11.341147 2.0247765
-4.5887442 11.576774 2.1397891
-4.2022491 -11.397272 2.3295081
-2.6027749 12.135642 0.3872745
16.824493 -40.948448 2.9546609
-2.346813 -0.78147811 0.53142542
5.7657332 -7.2107563 -0.47727025
-0.93517709 -6.9007058 0.24381733
-0.81620824 -3.4564061 -0.3430374
19.405586 -22.630884 0.95615482
-4.9302649 3.4616845 1.3999863
-3.8359075 1.2447352 -0.43824518
17.403271 -40.881893 2.9603455
1.3382506 -11.430157 0.19932269
-3.7767982 -2.4413326 -0.33980668
0.57758307 12.00928 -0.046140254
20.62813 -25.748388 1.0370479
3.4495878 -10.111498 0.1915071
19.387909 -22.294333 0.94830096
2.9421759 9.6832705 1.0656615
17.991209 -40.825459 2.9671376
19.205112 -21.908407 -0.078407079
2.3540671 -8.9072132 0.20989189
0.60563779 -8.7083883 2.715199
19.369987 -21.855352 0.93813294
1.4297392 2.8007073 -0.49321339
19.581009 -22.067442 1.9858438
18.536072 -1.3979081 1.214782
-0.3828356 11.927132 -0.03965348
-4.6763525 -11.065545 0.21195613
19.189686 -21.680811 -0.077466547
23.190809 -43.867069 3.2397966
-4.601614 11.233184 2.0933385
9.1507664 -12.042665 -0.42613521
19.179441 -21.461203 -0.076642357
16.25532 0.16484478 -0.064805664
0.39568534 12.078813 2.5104201
-4.9710574 -11.401605 1.4980705
10.363541 -11.847579 -0.46611434
-2.0506279 2.9416194 0.5668118
19.367308 -21.638897 0.93318284
4.3965445 -2.4475019 -0.52664703
2.7045488 5.5884056 1.9040173
-4.2382603 12.243551 0.85199219
19.557699 -21.826168 1.9733323
19.118738 -21.259634 -0.075084902
-3.9872038 1.8194661 -0.21602555
0.25203392 -2.5647738 -0.37105483
19.359425 -21.426348 0.92829251
-3.3949058 -2.4561942 0.20590067
0.13450038 6.8139319 -0.61281586
0.79790121 -10.856592 2.912297
18.989361 -20.984983 -0.072230324
2.6102977 3.1513617 0.61766279
-4.540812 11.951346 1.7389691
19.082289 -20.9538 -0.073616281
-3.1040165 12.164633 -0.041722871
2.3672667 -8.8826008 1.8346837
2.1773705 -7.2702537 2.4030504
1.6485472 3.9711637 -0.1388503
6.1711974 -7.0849729 -0.49520087
19.526007 -21.248613 1.944293
-2.0570824 -4.006897 0.11115211
1.6273828 -8.7704964 0.52693826
19.124666 -20.671839 -0.073496357
-0.62210137 -5.8188577 0.45223743
-1.8072698 -4.6425714 0.076261625
-3.1770773 1.6147962 -0.23534775
19.103319 -20.454979 -0.072557144
-3.1596887 -11.491561 3.5910213
-2.3132696 5.5119147 0.34410006
19.881424 -26.153711 1.0415874
52.749958 24.346111 -1.1960323
-1.8242396 12.152445 1.2373496
-0.42087266 -6.9240613 -0.23930623
19.313879 -20.648989 0.9103747
16.753328 -17.860292 -0.027738558
1.5130306 -6.583694 -0.24074917
-3.5291765 -2.8406725 -0.34435859
18.286337 -3.7994788 0.58111703
53.341492 23.104313 -1.1862444
0.77707434 2.5176229 -0.46066535
19.303904 -20.444563 0.90570229
21.207573 -37.150444 1.3163569
-5.2193227 -6.2655234 2.2147555
-2.8304915 8.5668631 -0.56767178
19.455626 -20.452682 1.9038147
18.540941 -3.8613374 1.9262772
19.093796 -20.062912 -0.071359619
-2.068239 0.30639389 0.16932027
-5.3927722 -10.249639 1.4119008
-4.7257204 8.0876427 2.6869574
6.3855395 -7.0272112 -0.5057053
2.8994677 9.7489233 0.35480642
-5.1952362 -3.8186438 0.24094577
19.292269 -20.240753 0.90104252
-2.9552419 -10.81745 0.21648636
2.2079213 9.4122362 2.7755075
-5.1068974 -2.5026133 1.7899359
6.5068784 -6.9781127 -0.51092118
1.6152594 3.9911652 -0.29253656
8.8870592 -5.8789849 -0.63275772
26.307503 13.953292 -1.5379322
2.6755362 10.580866 2.6936157
19.072887 -19.853331 -0.070481315
-35.660732 5.4102535 8.6315279
3.0257404 -1.7546785 -0.42018405
2.4092035 2.3337216 0.75329638
-4.7346563 8.9755735 2.1613593
10.994858 -11.636091 -0.48529184
-4.631722 9.070713 0.38754299
-4.3527808 -2.4656465 0.41453561
-5.0971632 -2.6156921 1.6006633
3.973845 -4.4099112 -0.42262563
2.5140212 1.8764765 -0.027546916
-1.5958449 2.0322824 -0.3677111
-2.6135781 -1.5519794 0.074314252
-3.1806555 1.673685 -0.36350831
-1.613447 0.66741186 0.027757797
19.392767 -19.633114 1.8629363
-0.59717059 12.100021 1.2202798
-3.9246271 -0.96578497 -0.27701715
0.53922915 3.8397593 -0.51000738
19.457161 -20.648233 1.9132133
0.64889729 12.038054 1.6415516
18.737789 -15.479696 -0.056781661
19.027723 -19.08106 -0.06786523
-2.942229 8.6825619 2.3000731
-4.6657562 8.5002165 0.053637605
19.366877 -19.247858 1.844026
-5.1950378 -3.6831911 0.2410201
-2.6046946 2.0396171 0.87941933
16.723343 -16.424896 -0.02375963
7.0114689 -2.6663625 -0.65304846
2.5196967 1.3375393 0.86133277
6.176095 -12.294522 -0.33769017
1.2480911 -9.2007523 1.5207404
18.947142 -18.113722 -0.064434208
2.016947 -8.7656527 1.4804975
-2.9716263 1.6872205 0.0089513287
-4.9281006 2.4647832 1.6891605
-2.2945833 -0.67893469 0.54627395
-5.2324061 3.38831 1.0113709
-3.1565032 1.4749442 -0.45575228
19.412405 -19.838909 1.8732799
-0.14725412 2.6676524 -0.15314662
6.9584298 -6.8146949 -0.5325188
-5.2814355 -8.7511339 1.9943998
-2.0085731 -6.667449 -0.23298141
18.471935 -9.8089027 -0.053827085
-1.315544 2.0404639 -0.33277568
-4.4148159 -11.422725 2.7877488
-2.0169382 9.603817 2.4423983
7.0598674 -6.7600288 -0.53670275
4.974946 6.5322156 -0.81822526
-0.61732477 12.113825 2.0805633
-5.3009372 -8.4443884 2.6637414
0.15242088 -2.5910368 -0.3726697
1.9346678 -9.5931673 0.89326137
19.371349 -22.065268 0.94293672
-2.3821323 5.1826844 -0.24081765
7.1971064 -6.7151113 -0.54395783
0.18093371 -4.1461587 -0.31915495
-5.2160521 -3.6730404 1.5445675
-5.0497661 -1.4899077 1.6614881
16.440046 -42.643059 3.0477746
-1.6991572 -9.6618643 0.22445264
18.613092 -14.65239 -0.053844385
12.167436 -0.88810688 -0.83626401
4.8778286 -4.3333263 -0.50159216
2.6602902 4.7095261 1.7037742
-0.78390193 12.043095 2.9397655
18.367882 -12.101913 0.7211163
-2.664304 -9.9158831 0.22299452
2.317405 -5.2615514 0.23377833
21.116484 -12.112291 -0.10141083
16.324646 7.703661 -0.17361543
-5.1396737 -2.7758632 0.045495547
18.529987 -6.071527 1.9971067
2.0865834 -1.9959668 -0.39803031
20.231508 -26.062752 2.2053194
1.1767775 -6.6956358 -0.24094515
18.774973 -15.866997 -0.057866644
19.036127 -15.840008 1.6789734
2.3377333 -6.389617 -0.25288656
2.3898766 -3.9343719 1.4092332
2.6627123 9.3130198 -0.66817462
0.49986908 11.124326 -0.4118703
-2.152437 2.8223183 0.21196117
16.307325 -8.8758411 -0.013231303
-5.3658547 -9.2859945 0.21987154
12.820333 -10.697645 -0.53945374
19.029972 -15.677906 1.6717535
-0.014426465 -9.6178951 -0.11604001
-3.0660267 1.5936804 0.16389653
-36.419994 5.7592735 8.8163261
18.712458 -15.36018 -0.056213319
-4.6396036 9.3536301 1.109591
1.5873091 -8.7357616 1.4662433
5.3543153 6.5737276 -0.85373855
14.572419 -26.45857 -0.032485418
-0.62017488 2.1928263 0.079844773
1.1269433 -10.967003 2.945884
3.0733476 11.499708 0.78461874
16.488873 -13.430397 -0.015016959
7.4988446 -6.6020823 -0.55968416
18.668333 -15.031494 -0.055126641
1.5371038 -8.7873631 1.1531013
12.96034 -10.605808 -0.54363596
1.9566809 11.918445 -0.051988877
18.996605 -15.253054 1.6523378
7.8830338 -6.3910346 -0.57774729
-5.3105869 -8.1607351 2.2592039
15.491438 -26.231451 -0.043037925
20.606733 -5.7527914 -0.8713426
18.307943 -2.6524618 1.2237154
2.79722 11.937264 0.79940605
-3.005398 0.54634076 0.6374054
-2.4611049 -1.6716393 0.079827577
18.593439 -5.7763524 -0.76137418
-4.7942262 7.7442703 1.969316
11.580894 -2.4805591 -0.78582543
3.5463505 -1.2592363 -0.48322663
10.647302 -11.747437 -0.47443351
4.8477683 -2.5061691 -0.19653438
19.010201 -18.403212 -0.06608247
-2.0923834 -6.6400084 0.48417124
34.5774 4.2485609 -1.739462
-4.3064198 -3.1496 -0.28291675
19.658808 -5.6941795 -0.81915164
-2.3578603 -1.6143907 -0.38036668
1.7843111 -8.8083944 0.84423459
32.352341 3.9302926 -0.45568389
2.3259296 -11.073118 2.6044466
-2.6676519 -1.0756303 -0.38277984
2.5031953 -6.3632627 -0.25728908
2.9362493 10.659986 1.9250115
4.8535161 -7.180059 -0.42290023
19.21299 -1.4418256 -0.11331064
4.0271134 0.92965317 -0.58264846
-4.720654 9.2345238 2.2025907
2.2850058 -9.3717136 0.54308623
-2.8641915 10.341651 2.2631299
-4.623868 -11.422354 1.4874667
34.33017 -14.64195 0.94583255
2.2455983 -10.211923 0.93348044
-3.1702542 -10.046756 3.2027869
32.90184 4.7085071 0.68493503
16.676136 29.251543 -1.85849
-4.0183764 12.223125 1.7455549
3.3727906 -2.9205427 -0.42255193
29.633665 -0.73043036 -1.3945794
20.69516 -11.91007 2.4276037
27.528452 -7.7533026 -1.2588105
19.134378 -20.878284 -0.074230321
2.1790211 12.007937 2.0918317
-0.2311383 9.7576532 0.69983333
7.382483 -6.6457224 -0.55354297
-4.789422 -9.4264879 3.2024367
19.358883 -21.291107 0.92522126
-4.8202505 6.9586711 1.8504244
-5.3434138 -9.6585579 2.5315008
-1.6289109 12.137021 2.099304
2.2379699 -4.0262504 1.58336
2.2329726 -9.8586245 0.20429288
-2.4318936 -5.8738894 0.032657843
2.9320805 -0.47375166 -0.4523977
-4.1884432 -11.366989 3.1962252
-4.956749 2.4884093 1.5040461
3.1552997 -4.462132 -0.35819978
3.2017202 -2.9523249 -0.40382311
11.387789 -2.8847849 -0.77228284
0.98417854 -11.259583 3.4311399
19.845665 -10.656423 1.5078104
-1.1707799 11.938042 -0.037550744
-3.2808962 11.504453 -0.4406645
18.573627 -1.8456247 1.8820417
-1.664863 -4.6379719 0.092058986
4.8547721 3.1250913 -0.70397002
2.2793305 -5.3410745 1.2680717
5.85499 2.3791337 -0.78992498
0.87993723 10.790818 -0.39406219
2.2436521 -9.0610733 0.20979002
8.5919399 -12.134353 -0.40909654
2.7614799 3.9293602 -0.54011303
-3.9708171 8.9192886 2.7877035
20.850649 -9.6555767 -0.1013457
18.980005 -1.3596365 1.9071497
11.645311 -2.3377538 -0.79059231
-4.5689254 -9.9991016 2.9204292
-3.0297143 12.183506 0.82822394
21.306061 -25.746746 1.0417167
18.429319 -13.441781 0.74822748
5.7064686 -3.9701793 -0.56331396
2.3636041 -8.8445225 2.4961259
18.348978 -5.2697806 0.6028111
20.095695 -46.653648 5.1177044
-3.6180089 -1.8969208 -0.27886689
9.5313292 -12.014578 -0.43928757
1.1294177 -9.9037762 0.55784845
1.3799233 -7.412735 0.22846796
-49.591316 2.6601217 10.066741
2.3000286 -10.669299 2.1240473
-5.3158107 -8.4670601 2.3139181
-0.73411274 -5.9315886 1.5074953
-2.6004918 -11.453705 3.1131048
27.818914 -6.8915758 -1.2720653
2.4880099 2.2146814 0.93883836
-2.9447105 -9.3216619 0.22694837
2.3633747 -10.009421 2.3938603
2.3664653 11.931968 0.36791664
5.187346 -2.5901654 -0.017987844
2.3097026 -1.6464173 -0.39621338
2.3339989 -10.224303 2.4353192
-4.8149071 10.918255 2.4915919
-0.63154477 -11.575242 0.60842437
-5.3226118 -8.2393169 1.9229181
5.5438786 -1.4809014 -0.65711606
19.185833 45.257568 -1.1195579
19.168154 -1.3115779 1.9219675
-2.8145449 12.113542 0.38865468
18.534258 -4.447547 1.9427549
8.5514174 -6.0215898 -0.61234105
21.168415 -25.884691 2.2233124
1.9810002 11.975702 1.2184407
-3.2735083 -2.7311246 0.68332332
-3.4622664 12.151286 2.6163583
-2.8168964 -11.473301 2.2765386
7.5965667 -1.6752703 -0.70106888
2.1740024 11.96437 0.79563934
-0.22499764 9.7152834 0.35810503
2.4501927 -1.5371919 1.008005
18.278862 -3.880069 1.2459528
-3.0517178 -2.2643564 -0.36571071
-2.9885838 -11.406948 3.1230295
13.173021 -10.501905 -0.55092871
5.1646023 -7.272377 -0.44581312
-1.717846 0.42073894 0.6915381
2.3358586 -5.1968036 0.031510651
19.722343 -11.191894 2.3195958
1.6394681 3.7331886 -0.11725977
1.4043704 -8.7541342 1.4649249
20.301718 -6.7971826 -0.86004436
18.351585 -2.8628087 -0.083108641
1.3740139 -4.9326849 -0.29447061
5.6364174 -1.2889084 -0.66676462
28.985338 29.939096 -2.3389425
18.295532 -3.0380876 1.2301034
0.97488803 6.7783971 -0.62363172
18.543941 -3.2581644 1.9105791
36.586674 13.075386 -2.0494828
-1.7591881 -9.6375351 0.22470109
17.579294 45.377811 -1.1057361
10.570618 -4.0826645 -0.71941543
-5.1483803 -2.5053694 1.4006064
21.035063 -35.7915 1.2818152
21.138493 -11.290315 -0.10320862
12.734249 2.1196852 -0.93161333
2.7318509 4.335958 1.0644321
2.3421137 -9.4572258 1.9271148
0.38044181 9.8731298 0.3571963
-1.22525 -2.8855934 -0.36658451
-2.590544 -9.8402519 0.92734516
5.6811399 -1.1908779 -0.67169505
-5.1024866 -0.938604 1.2750969
19.35475 -19.042313 1.8340459
18.298267 -3.6682985 1.242504
18.339441 -3.0689611 -0.081321515
20.362854 -6.6739311 -0.86259353
21.880016 51.358734 0.63083988
5.1877675 -2.4762774 -0.016640909
-0.2241863 -5.1626225 -0.2818009
-4.6002798 -11.390715 0.21008226
3.3705065 -12.022049 -0.25989121
7.6522026 -1.5580796 -0.70628655
13.787552 -26.621017 -0.023684891
-5.9840426 -5.246604 2.1549051
-1.5816212 0.52437407 0.20043562
18.544121 -3.6465402 1.9206795
-2.8530765 11.760846 2.9485974
10.656495 -3.9592497 -0.72431654
18.532606 -4.0456443 1.9307895
18.360874 -5.4631906 0.60584009
-2.6020951 1.7125548 0.58734804
11.697402 -2.2326 -0.79463601
16.397869 -42.144836 3.0178955
-2.6587384 -4.6954594 -0.29085502
18.329245 -3.3143764 -0.079333998
0.3799603 -2.9381597 -0.36393407
7.7212529 -1.4584652 -0.71366131
16.455206 10.630326 -0.92619747
2.6384773 -1.1042327 -0.4150964
32.170811 5.7312155 -0.4748984
45.852291 24.505901 -1.0624058
2.7358673 11.536249 -0.4653348
16.300184 -6.6513486 -0.01902565
3.357753 -10.320308 -0.19137666
-5.1730075 -2.7807429 1.2287849
18.354307 -4.6474662 0.59381497
18.759413 -12.381454 1.5264542
-4.4596505 -11.329948 3.2099979
19.04014 -19.267239 -0.068504862
19.615826 -25.506966 -0.09719149
1.1800433 12.030317 1.644953
18.411579 -0.85620004 -0.10135604
18.544403 -13.856242 -0.052183118
-4.1265545 -2.6716104 0.25256485
12.511305 0.54106641 -0.88078213
21.326357 -25.909317 2.2291985
-1.6483786 -0.038679846 -0.06110863
19.867567 -13.267606 2.4450595
-3.8143661 12.231588 2.1897209
-5.0249686 1.1478801 1.2471062
18.253483 -5.0438018 1.2708386
-2.3554878 -0.79292989 0.38236222
-4.678802 8.7854633 1.421507
18.323847 -3.6684721 -0.076767415
18.593607 -14.448385 -0.053359669
14.578456 -9.6271372 -0.59900075
-0.22355065 -6.9430103 -0.24137503
30.034939 13.278189 -1.7077239
18.995352 -18.27376 -0.065566629
-4.4647279 12.165174 1.7580979
-4.7753038 -8.734066 -0.11807563
-1.8809569 2.0697968 -0.10642005
-0.86352926 -5.8650217 1.074168
10.489018 -4.206984 -0.71502161
-1.8701669 -9.7515602 -0.1214727
11.072833 -3.3603036 -0.75039977
1.9709449 -3.6436687 -0.34773472
1.3425988 -8.7937212 1.4689629
2.610806 -6.4180965 -0.26536703
13.79412 -10.094882 -0.5708735
12.292585 -0.42566094 -0.85035962
18.705145 -1.1282166 0.55339283
2.3995991 -11.448656 3.1072199
-3.5624933 -1.4634975 -0.37589011
12.221869 -0.6778903 -0.84226412
17.579313 24.156139 -1.6101216
7.6328974 -25.980745 0.045804866
27.94035 -6.4949985 -1.2779872
2.3278651 -8.9295444 1.1800091
-4.8179479 -11.393135 1.9286406
18.560751 -14.190021 -0.052621987
4.1441045 0.32617354 -0.5822854
-2.4804959 1.7633272 0.52761865
-2.1471624 -10.914985 0.59894979
2.381247 0.92378181 -0.46881473
0.7757957 11.948991 0.7899515
-4.1901813 2.0953236 -0.413939
0.64100522 -3.3660612 -0.3463811
19.452337 -0.22548139 -0.821316
3.6981578 -1.0261223 -0.50188035
33.043171 1.6124331 0.71341264
-4.7396841 8.1712856 2.3661206
21.168673 -3.9699726 2.9184995
2.5275412 1.5338652 0.76411813
19.047386 -5.2864156 -0.082160257
27.465586 -7.8297238 -1.2556754
0.73108411 -11.482579 3.0616863
18.344551 -1.8746978 0.55731273
2.1435132 3.6968448 0.014784205
-2.5795963 -9.9938803 0.57736307
2.5878475 11.64033 -0.46926671
-4.660202 8.7425871 0.72875398
-44.460285 1.6699536 7.4418254
2.8506398 -0.71464258 -0.44110933
-5.1852822 -3.6513963 1.3147253
-4.9326448 2.3795223 1.1111628
18.596697 -1.6338547 1.8800808
-3.092133 -1.3005358 -0.39405468
16.240463 -2.6734209 -0.62519008
-4.0926261 2.072818 0.81698847
-3.7962961 -10.366116 0.98111534
16.330536 -41.591679 2.9844325
-5.3323808 -9.2419434 2.4546294
2.4840131 2.6883516 0.72164506
19.075115 -19.669296 -0.070053868
-37.347389 5.43818 10.406984
-0.73057258 -5.7700887 -0.15011498
18.823921 -13.433983 1.5704839
16.239302 -1.8823354 -0.62751114
11.173125 9.1105528 -1.1254547
1.2242515 -2.1675148 -0.38253471
18.527149 -5.6176262 1.9804996
-3.2093029 -8.8099699 2.8766081
1.7733147 3.5136943 -0.10418922
18.321596 -3.4587443 -0.078157619
12.785683 2.5286355 -0.94679147
-4.7194819 9.4585199 2.2394533
18.377522 -12.446222 0.72793728
27.869255 -6.7116776 -1.2744464
1.6206185 4.6118574 -0.54668456
18.790527 -12.880525 1.5471561
11.238544 -3.1166711 -0.76172435
17.51615 -31.430256 1.1569763
-2.4302833 5.5354319 0.55301893
-0.69257492 -5.72472 1.0530351
-2.5723119 0.37069681 -0.23543184
2.3158557 -5.2859406 0.64150375
18.533825 -6.8649907 2.0280056
-0.79958373 -5.8155508 -0.15389358
-5.0058303 -11.339122 1.9314046
18.620352 -5.6874094 -0.76238495
11.506759 -2.6206956 -0.78031939
19.344833 -21.075884 0.92024261
2.5167243 3.3419433 1.2408175
-0.91720992 -2.9748023 -0.36751947
2.500845 -1.6136863 0.57379562
20.207361 -10.739285 0.71540642
2.2655962 -5.330852 0.64312929
-5.1610417 -2.7353044 0.43451729
2.5919805 2.5423317 1.2668917
7.76513 -6.4420567 -0.5714519
4.0217719 3.3854218 -0.61864299
0.9542985 12.054347 2.0743752
13.398849 -10.337145 -0.55763733
18.415567 -1.6681178 0.55580014
-5.2832942 -7.8362851 2.5357037
1.0417316 10.850397 -0.39938623
18.312635 -2.0612371 1.2140238
-4.5743165 9.8537874 1.5231847
18.297987 -3.2544746 1.2343172
0.37827483 -11.495982 0.20415762
-4.5977421 9.6993265 1.508725
18.284115 -3.4680886 0.57662863
20.546661 -25.953094 2.2087133
3.9799728 -6.8696012 -0.35753217
-2.9995677 -11.439078 2.2781386
1.1922398 10.09438 -0.7090264
-2.6686821 2.7270412 0.094705112
2.2469091 -3.8558815 1.5442986
-4.8205371 -11.407166 2.8145444
4.7730479 -2.2535741 -0.57051194
19.099909 -20.195787 -0.071807064
-2.2179399 -3.8220594 0.041752916
-1.1122071 7.156507 0.3451505
20.657963 -0.85975617 -0.1498825
16.887787 -41.150677 1.4020734
4.7966361 -4.3387794 -0.49406552
-5.2075515 -11.367877 1.9454517
18.541292 -3.4336743 1.9148355
-2.8002813 -11.446882 1.0285624
18.355892 -4.4585457 0.59114701
18.590576 -0.74926305 -0.76773965
16.240122 -3.0753314 -0.62469888
4.8844476 -2.4181297 -0.19713578
19.408175 0.097718425 -0.82206702
5.9359226 -0.27361643 -0.70509738
-0.88185173 4.4955988 0.011283869
-1.6122564 -11.438947 3.4948642
27.726986 -7.1129155 -1.2675601
3.4532418 -1.3593373 -0.47094703
-4.9236493 -2.9112163 0.052217618
-48.825222 2.6386867 13.468999
0.63642329 -11.610225 1.4183109
-3.2213702 -11.45786 1.4481963
1.8500937 2.6045284 -0.51139772
18.544947 -2.8274167 1.9002585
0.1795142 -5.1289754 -0.28186098
26.356632 34.333996 -2.4580548
-3.4123781 -10.348316 0.97243291
0.97851366 -11.610504 1.8352909
-3.2769668 12.211459 2.1626711
22.979076 -42.449696 3.1559534
-2.6092384 -11.482587 2.6965864
1.8449222 10.704241 2.6792374
8.053648 -0.55939722 -0.7512272
2.0434487 -2.0089107 -0.39209202
38.526272 8.7448807 -2.0475948
-0.70809257 12.013677 1.2143945
0.99185097 -11.601749 2.2492626
-5.3236985 -8.91957 1.6580282
0.90279996 -2.7882698 -0.37074679
-1.4149908 12.123238 2.9700236
8.3946543 -12.146433 -0.40262377
28.141438 -5.7009912 -1.2884465
-5.333775 -10.640434 3.1381176
16.223206 -1.3009762 -0.050033379
-5.262156 -7.2674155 2.4175131
-1.7906926 2.8389907 -0.12210087
18.248135 -5.6723337 1.2861125
1.7403078 -4.7918482 -0.29686776
18.372282 -4.0633035 0.58582985
18.322014 -2.0564461 -0.088829719
2.3322802 -5.2496734 1.6799867
-3.1869421 -2.3283818 0.13266015
19.029104 -5.8722663 -0.078692153
18.336073 -2.2652183 -0.087427683
1.3772055 6.6535435 -0.61922497
-2.159997 -4.3973966 0.066971838
19.398859 -22.464321 0.95227963
17.985588 -41.053665 1.4027231
11.461147 -2.7245705 -0.77718872
1.0628723 -11.564702 0.6028204
33.104893 1.7759538 0.7126925
-49.386963 2.1944788 11.804425
-48.52145 1.6338139 13.38568
19.165098 -1.2027506 1.2423571
1.237354 -8.7352104 0.83622235
4.3197727 -6.9720674 -0.381414
16.303919 -6.8661151 -0.018353721
3.1558146 9.0985689 -0.32550091
19.977701 -0.32672408 -0.85017776
1.77018 11.958694 -0.05181063
-0.60695082 -5.9007516 0.25055829
18.249937 -5.230669 1.2751857
8.3752327 -6.1229801 -0.60300416
32.669647 29.452469 -2.4712429
21.796143 -41.741539 1.433847
18.24935 -5.8640399 1.2910974
-3.4803729 -1.7315409 -0.12026097
21.11154 -11.071936 -0.10310908
16.244341 -2.891763 -0.62509084
-4.6707506 8.7658396 1.0709459
19.402128 -10.718478 0.70608592
22.092775 -43.267078 1.4735078
18.270708 -4.0609522 1.24939
6.7773314 -6.8792343 -0.5236122
5.7820859 -0.87938207 -0.68280673
-0.39224491 12.085551 2.0747817
21.461964 -10.454345 3.2680416
1.0846391 10.413116 2.9750955
18.294327 -3.4594166 1.2381343
2.7261269 3.669311 0.48893774
-3.5910969 -11.459997 1.4583403
30.050289 1.1065571 -1.4376535
2.1353309 -11.541206 3.1170435
20.732616 -11.671024 2.4176562
19.026871 -5.6406937 -0.079830654
3.0271168 -0.073286578 -0.47134641
-3.3662884 -8.80896 2.8906159
26.870562 13.336846 -1.5455569
-4.8526158 4.9218535 1.5630447
-0.022404656 -2.6237381 -0.37461185
2.4353178 -1.6005015 1.1273192
35.185753 -2.1786137 -0.45157486
18.441141 -13.634297 0.75222111
18.77421 -1.2284032 1.8879704
2.4872301 -0.071271002 -0.44432971
0.975209 -4.0235305 -0.32976282
2.2544279 -11.245107 2.6360793
45.814167 24.300272 -1.0578469
-0.84536839 -11.522153 1.4137686
3.8539751 -0.72111928 -0.52294707
18.955334 -10.90967 0.70471042
21.158335 -11.73921 -0.10279749
20.758856 -10.259727 -0.097943656
-5.1734962 -3.2501886 1.2725593
28.032606 -6.0550971 -1.2825658
19.933113 -25.006319 -0.10004395
19.023336 -18.828686 -0.067219861
16.727961 -16.326433 -0.023625093
-0.86322641 -2.5587671 -0.37046063
4.0652161 -0.10550406 -0.55973798
-1.8132608 -0.23378752 0.21742746
2.5392578 -3.147742 -0.34565249
-6.2675457 3.4062607 1.8664834
2.3764131 -3.2524536 -0.33991468
32.704674 -0.087868333 0.72567099
-1.8558404 4.9331341 -0.023682816
-5.2808833 -8.6777611 2.7102561
-5.1860385 -3.6647305 1.0984948
20.058025 -0.1219796 0.56029308
-49.084282 2.976248 11.734594
16.246824 -2.0928872 -0.62710887
-5.8091788 -1.889421 1.6796951
19.037378 -5.4469481 -0.081076883
-36.223045 4.5741253 8.7444954
-0.61881447 -3.4701369 -0.34125665
18.522251 -4.857945 1.9545705
20.815777 -25.730829 1.0379281
-4.3772659 12.209416 0.85345745
18.23811 -6.8346376 1.3169039
20.267239 -10.756199 1.5290515
10.012776 -11.939981 -0.45523891
2.528002 1.7665832 -0.25355145
-1.5534682 -5.0365615 -0.28257114
8.9753695 11.53002 -1.1554776
-2.2500994 5.2612133 -0.048825972
15.796468 -7.349093 -0.6254589
-36.857143 4.7798991 10.258021
5.2103348 -2.3271198 -0.2222098
27.026491 31.772818 -2.3517487
7.2387676 -2.3426335 -0.67095047
0.57960558 -4.100821 -0.32377636
-4.8206024 6.2316556 1.7418185
-2.9903128 -11.346084 3.540097
20.640669 -25.90317 2.2088838
2.3231671 -5.2678094 1.0519835
-5.2083697 -2.832639 0.83412266
29.569616 -1.0441502 -1.3882248
32.272549 4.80511 -0.464975
2.2389939 -11.441784 2.2493687
-2.2108054 -11.410214 3.5123713
18.36158 -4.2736521 0.58861738
-3.639493 -4.9085665 0.66475219
19.988636 45.156292 -1.1256908
8.7851086 -12.123155 -0.4155446
-3.9432354 -1.444189 0.6632207
18.26615 -4.2409987 1.2530648
2.1924736 -1.0755531 -0.41280127
0.1780383 -11.600779 1.8300601
-0.21624708 -11.573661 2.6593916
-4.7738237 7.1573448 2.1794553
-50.250931 1.7608943 12.00773
18.251677 -4.6773887 1.2621666
4.2278638 10.089841 -0.40985093
1.3785415 -8.7922297 1.1515453
34.365891 -15.0218 0.95266253
-5.1298552 -3.9790967 1.7973869
18.300091 -3.0492985 0.57133377
37.289249 12.664083 -2.0759904
12.398521 6.1171222 -1.0500613
14.175804 -9.8251553 -0.58347881
3.042079 8.198451 2.5465634
3.709378 -6.7594028 -0.33705688
2.3633459 -1.6277821 -0.018072424
-5.2294335 -6.4263682 1.3703556
19.451757 -1.3971919 -0.11886348
17.427023 23.338593 -1.5616802
19.42137 -4.2252026 2.7239377
18.649975 -1.3466436 1.2195417
2.3869789 -8.8854008 2.1724796
18.332663 -1.855288 -0.09073814
2.7897086 8.9982033 2.3687689
18.603712 -7.46703 2.0582139
-4.0352421 12.205504 0.84652156
-4.8036613 7.96134 2.6694343
2.1680191 -1.8752676 -0.39691126
-4.2018361 -11.397542 2.7681506
11.507714 -11.385998 -0.49965256
18.246681 -5.4501657 1.2804495
8.2439356 12.019377 -1.1533854
18.613993 -1.4012957 -0.764346
22.983858 -40.473415 3.0460806
18.757057 -1.43559 1.8899341
3.3555415 -1.4602829 -0.45881739
8.9677668 -12.082607 -0.42077625
2.2954123 -3.7908871 1.5360179
0.97325701 11.994477 -0.047844499
18.345707 -6.886126 0.62775767
1.8884546 3.7318618 -0.27813837
1.6794297 10.033452 2.9017303
2.2309585 -8.9052076 -0.11212726
4.6457372 -2.3557093 -0.55737162
3.7279832 -2.7948363 -0.45834461
-1.8307844 -4.2945933 -0.054288056
-3.620189 -6.1192546 -0.24023661
2.2127614 -8.8359404 2.8234434
16.170618 -1.2725321 -0.62679845
-2.4042163 -11.4676 1.8458034
18.988638 -1.7330158 -0.10591959
26.385614 13.35925 -1.5214635
4.0269847 -0.27242744 -0.55178624
-0.76644689 -2.5797093 -0.3705802
1.9764427 -4.6803951 -0.29831967
22.429234 -40.412182 1.4032118
53.40078 20.962 -1.1510758
0.38028419 -11.619965 1.418784
18.754124 -7.261879 -0.78039432
2.3762574 -4.4597192 -0.30135193
32.300209 4.3397775 -0.45966381
-3.977093 -2.0564685 0.39994884
3.8949659 -0.62072223 -0.52895099
-0.13103496 -11.52237 1.819895
2.2953887 -0.80462867 -0.41642854
1.7831738 -11.604435 2.6924016
-2.8045838 -0.70196408 -0.38719058
4.8417931 -2.6788347 -0.20113999
18.332079 -40.925518 1.4005125
11.598181 -11.330161 -0.50197828
8.1462364 12.081654 -1.1532097
18.607834 -1.3114511 -0.76457864
-4.7337923 7.3907833 1.5954883
-0.050033066 -11.493245 3.0580404
19.162704 -5.6847048 -0.79197627
18.253534 -4.8569422 1.2664183
18.921379 -14.613792 1.6225753
0.78189528 11.970445 -0.046119224
-0.41376975 9.727828 0.35893077
19.328653 -0.28202778 -0.12674792
-5.1296606 -11.001691 3.1972222
18.70586 -5.9370227 -0.071631528
-6.5435658 3.4207668 1.9247142
18.81163 -13.246927 1.5625129
6.0516448 1.3111542 -0.76112241
16.233768 -1.4629099 -0.62925982
3.1626585 -1.6590852 -0.43719885
-0.048947733 12.029346 2.4999733
1.4921764 -11.618442 1.4242171
-3.115098 9.8055878 -0.33488703
1.4048553 -2.5564823 -0.38223699
-0.41974953 -11.57972 2.2406354
7.7691669 -12.215904 -0.38383877
10.906219 -3.6184907 -0.73983449
1.9070272 -9.8269482 0.9073211
-4.7395568 -11.016739 0.21208557
18.554564 -2.6467383 1.8969336
37.255947 12.916044 -2.0810778
-1.9097921 4.7696943 0.33599511
-4.4115429 -11.409779 2.3434072
2.5843322 3.7187274 0.94488621
2.2582443 -9.4487743 0.54511791
-5.8153019 -2.4390419 1.5143481
15.773349 -7.3995023 -0.62485594
-0.36315092 -5.1806102 -0.2833707
4.2888556 10.670972 -0.4455303
11.0059 -3.4755309 -0.74626935
-36.277603 2.7439482 8.7341604
18.572739 -0.17264277 0.54135299
-2.3390961 -0.79997009 0.20658791
2.4281399 -6.3534222 -0.25371134
-0.90394539 -6.688251 1.4221456
20.545885 45.064705 -1.1295143
12.104168 -1.0612229 -0.82987952
18.327436 -1.6501048 1.2084062
16.796577 -41.296719 1.4056059
1.1375464 -3.2082772 -0.35296032
2.6971462 -9.0111294 0.20606136
-3.6528218 -8.9958754 -0.10815731
-0.017388683 11.738201 -0.44743311
-2.4371789 2.0044463 -0.18303348
-3.8096619 -11.422316 2.7476125
2.4751968 -0.074695222 -0.44109961
-5.1696138 -2.4129357 0.24017857
-1.8115373 8.3352509 2.4689734
18.303629 -2.0704801 0.559129
2.3360753 -10.809007 2.5520544
2.7290475 3.8687537 0.66432464
18.369808 -12.267909 0.72436923
18.313332 -1.8614351 1.2109203
4.7562771 -7.1369696 -0.41494629
-5.1926961 -3.8301854 0.45651305
1.3820915 -6.6291723 -0.24079028
-2.4663668 2.0660346 0.33143687
18.727776 -7.247282 -0.066353329
2.6975636 -9.4153423 0.20333141
-5.2949233 -9.1267605 0.58169693
2.751457 -9.4304895 -0.1432942
-1.0774305 -6.5852599 0.70719808
18.279137 -3.6448817 0.57893181
-1.2570732 11.638434 3.2875631
2.3205831 -1.6382295 -0.23492399
33.093025 1.50986 0.71503055
19.177094 -1.084385 1.241363
-4.0721941 -10.445251 3.3873761
-1.9459403 -4.2740211 -0.055942163
4.9768786 -2.0827296 -0.59235668
4.547502 -2.4022498 -0.54575336
13.083486 31.596844 -1.8951104
-48.54039 1.8624562 13.390528
2.2347789 -4.5403957 -0.29993355
19.014498 -4.2812572 -0.087427557
-2.0059848 3.0506299 0.2069861
7.8139338 -1.2756125 -0.72339803
18.797733 -13.060587 1.5545553
5.5837798 -4.0779643 -0.55675852
-4.0462141 10.785371 -0.40581569
-5.004035 -0.098318502 0.063373692
2.2944496 -4.4224548 1.6861922
1.2365961 -3.1597512 -0.35321325
-0.59296978 -11.493642 3.4858351
1.1803412 -4.9989753 -0.29377165
28.099726 -5.8317709 -1.2861593
-4.6444101 9.1362858 0.74269861
-4.4412522 -2.5524077 0.75841993
-5.3385806 -9.4559164 2.4940805
20.65201 -11.110927 2.3827906
21.093981 -12.232718 -0.10080767
-5.2002506 -3.7857044 1.3308256
2.8750927 9.1881886 1.372466
18.959204 -1.1328496 1.2315135
-2.334161 -0.35527745 0.12353078
-3.270103 -4.8309712 0.64860457
12.684383 1.5520984 -0.91423142
10.091541 10.625985 -1.1558598
20.34425 -6.4186029 -0.86010641
-4.662044 8.9695177 1.4388341
18.308828 -2.6629894 0.56651092
3.9264147 -0.51165694 -0.53349775
21.152412 -11.561673 -0.10298463
18.358027 -5.6533852 0.6086669
18.356358 -2.6831207 -0.084575169
-3.7182622 -11.356808 1.4523153
2.3066785 -5.2522731 0.43549588
0.38455635 12.075627 2.0728481
-5.0256629 -11.386115 1.9382482
19.200703 -10.674142 1.4813446
2.9662414 11.940434 2.107688
-1.7177689 2.5852339 0.52780527
-2.3554833 -3.918442 0.10861593
3.2951443 -10.450705 0.19078322
18.704582 -1.2433648 0.55468315
0.98028725 -7.6440363 0.22965427
-2.8426349 5.7994113 -0.53220224
2.2537169 -8.937746 1.1792936
-5.202374 -3.6775522 0.45356163
-2.6735079 -0.77348453 -0.3585068
18.529125 -5.2346363 1.967486
12.722713 4.3273377 -0.99995619
0.34676006 12.050689 2.504926
-5.3603592 -10.60399 2.7073779
11.380776 -11.446372 -0.49597356
10.4758 -4.2407355 -0.71462649
18.525507 -12.100216 -0.052008715
18.736609 -15.631074 -0.056923341
-5.9127822 -4.7218709 1.5239913
2.3126187 -8.9037294 0.53069848
16.336842 4.7412443 -0.1251341
-3.671062 -11.329519 1.4483906
-5.1465187 -1.8951975 0.97001082
1.6579154 -3.768496 -0.3381629
5.8716192 -0.55095011 -0.69461697
-3.5213346 -1.2234629 -0.35339978
-4.8554521 4.38062 1.0403681
18.562588 -2.0486529 1.8850226
3.6849899 -12.152531 -0.27132645
-4.5497818 11.580502 1.7004966
-4.2080522 -11.407102 1.9018652
-0.7830705 2.1413186 -0.030498631
5.9738955 -0.073198438 -0.71249223
16.237585 -1.6753385 -0.62836176
22.809557 -40.46381 3.0417104
-1.2522429 4.5419841 0.16867442
18.538986 -5.8470464 1.9896188
18.537634 -5.0466576 1.9619249
18.753382 -6.6521993 -0.77551317
-0.73573619 2.3461063 0.14625074
2.201488 -8.2878256 2.6757185
-2.6237352 -11.457375 2.2667296
-5.1126332 3.3844271 0.99857897
-3.1750607 0.46610278 0.65757906
18.560488 -2.2280192 1.8884497
2.9134936 9.3372965 0.35241485
2.1692972 11.653212 -0.46356755
-0.81717557 -4.1611676 -0.31972414
29.859865 0.4840003 -1.4196018
18.31489 -2.2684338 1.2174946
0.77403349 -9.6037903 -0.1212275
-4.7809019 5.3291931 1.8591516
-46.516251 1.0561529 12.842998
4.2965412 -2.4873526 -0.51481992
-5.3298335 -8.4598026 1.604982
-4.8478069 -0.077968828 -0.087927289
18.309607 -2.2780766 0.56173283
-4.6898255 9.1669817 1.8207141
18.353373 -2.4727752 -0.086146891
18.361183 -5.846529 0.61164194
4.3551674 -10.013886 0.18249099
-1.0125309 10.951386 -0.39515501
19.336021 -18.727341 1.818815
18.316048 -2.4441931 1.2204973
17.648312 24.011831 -1.6049482
-0.60846972 -11.572922 1.8290532
-5.2780666 -8.7430086 1.6344494
27.894989 -6.6244092 -1.2757
18.568916 -13.069768 -0.052515496
-5.1220484 0.041799057 1.2513183
19.528038 -10.70661 0.70726061
20.21352 -1.2342062 -0.85609072
2.4564474 9.5568352 2.464376
0.61758113 -11.372566 3.454828
-5.9319572 -5.0480571 1.5634665
2.7543488 9.177289 2.4036055
-2.4254243 1.7201692 0.04403111
2.9866946 -0.27503794 -0.46208113
2.4699674 1.8155159 -0.13405277
-2.6277905 -9.5092487 -0.11661948
8.0526772 3.1639853 -0.85915285
2.0372791 -1.3250399 -0.40219775
1.388919 -11.605872 2.6822269
18.285343 -3.5783968 1.2400762
19.827517 -10.661021 0.70975477
18.247017 -6.0557351 1.2960089
0.57785445 -6.8571048 -0.24225573
20.534855 7.1338739 2.8298042
-2.3261781 9.5875044 2.8130412
-40.572842 3.1911018 8.281146
18.881916 -6.7985005 -0.78349835
19.592638 -0.16813229 -0.82983893
2.3563087 -9.7934504 2.35062
11.823728 -1.8845354 -0.80450588
8.1259861 2.9238777 -0.85530698
6.5963044 5.7484159 -0.88703114
0.78314793 -3.3242321 -0.34737086
18.709932 -1.3612064 0.55609113
20.525173 -25.786621 1.0372394
-2.2466781 1.5759447 -0.022479162
19.382366 -19.448944 1.8539476
2.335932 2.1032126 -0.50525033
18.387478 -12.880826 0.73660976
-5.8092394 -2.2603447 1.4978492
-3.3547556 -5.0333519 0.25223494
-1.6941996 2.6872466 -0.20694107
-46.735027 1.0424821 9.5050755
3.6140087 -9.9231224 0.19105446
0.57673341 -11.599959 1.0121764
-4.6801257 10.365562 2.3876131
2.4868531 -1.3924861 -0.4060975
19.276154 -6.1872749 -0.80076075
-1.3987474 -11.496773 3.0769501
4.5683842 6.555738 -0.78879088
18.726898 -6.0748653 -0.071402967
0.40350479 11.11676 3.1406977
-4.6193924 -11.321055 3.221683
0.55270809 -11.586548 2.664459
22.168005 -43.767986 1.4864588
-4.2510595 8.4352217 2.7061505
-2.0050416 -10.071436 0.22173302
18.235077 -7.032238 1.3223983
-3.6287904 1.6624331 1.0135608
-5.3545556 -11.393648 1.5120195
2.8891509 -0.61496675 -0.44628552
-2.1723905 -3.9798098 -0.19485833
7.9568849 -12.206348 -0.38974261
34.331963 28.301336 -2.4930789
7.1418829 -2.479825 -0.66303486
18.840858 -10.964039 0.70447594
-4.635972 8.5351191 1.3941824
1.9913765 -11.627365 2.2731507
1.6164908 3.6886942 -0.25609037
18.356016 -6.0381584 0.61452055
34.228767 28.489487 -2.4967186
0.76094186 12.013053 1.6394308
4.8839841 -2.8034058 -0.0054437355
2.5441561 -9.0817938 1.1988213
2.2561226 -0.90226537 -0.41358459
18.343126 -5.0792937 0.59992993
2.1880043 8.2220554 2.4804428
-5.1167941 -0.47409347 0.99731427
2.6976633 -1.0065571 -0.42158818
-1.4095458 -11.451873 3.4917216
14.760702 -26.409647 -0.03459537
18.738153 -6.2776041 -0.070682302
-0.62516737 -3.0248609 -0.36828727
-5.4077845 -9.4728556 0.96926159
17.762518 -34.369213 1.2317407
18.773291 -12.65075 1.5374682
1.8192791 2.631192 -0.51192802
5.4285617 -1.7014908 -0.64601827
-3.7873921 -1.4862174 0.22511384
-2.3885171 -11.422676 3.0954921
1.6271875 3.5692189 -0.24247031
18.353006 -6.2388368 0.61759609
-0.13500188 2.5857882 -0.23368658
-40.557972 3.062484 8.277627
4.9372139 -2.6542735 -0.0060116202
19.612034 -22.454304 2.0057907
8.3764219 11.927467 -1.1531731
-1.9724529 -11.567172 1.4321867
18.734291 -6.4779058 -0.069691278
-1.728134 0.47529271 0.69802165
4.8408175 -2.7929461 -0.40626475
-4.2713046 -2.6526833 -0.24912243
12.504551 5.7080665 -1.0395321
32.704884 -0.056403745 -0.41838992
18.540319 -6.4392266 2.0117943
-5.0811772 -1.5661325 1.6766034
2.8531992 10.75568 2.3395243
-2.9922166 -0.67709988 0.65159595
18.354786 -6.4606462 0.6210947
-4.1976972 -4.8038702 0.67896456
-2.6949372 -1.7713053 -0.043553904
-4.2235417 8.51509 2.7213862
18.241119 -6.4422064 1.3061283
-1.5970552 0.10759687 0.0073665883
-1.4177524 -5.0681305 -0.28263938
3.0328021 3.8159652 -0.55311048
-5.3655844 -11.061722 2.7932413
33.166428 0.9407717 0.72144687
16.339403 3.1431077 -0.10229004
2.5605519 2.689537 0.50077701
5.1983581 -1.9266069 -0.6190452
18.726568 -6.6384039 -0.068824701
-0.25036216 -11.593098 0.60734546
5.9770541 6.3179736 -0.88209808
-2.2852883 5.4576545 -0.061092485
-2.1468091 0.49112701 0.26157627
19.844751 -26.079144 2.1952689
18.538948 -12.441009 -0.052097846
-1.4437038 -2.3384433 -0.36866653
16.278528 -41.085659 2.9539914
2.2298217 -11.487903 3.1086073
0.57675052 -2.8880954 -0.36520299
-3.5794692 -2.0722036 -0.28610024
18.234383 -6.6358776 1.3111635
2.5779972 6.3804584 -0.63707989
-4.4799414 -11.396564 0.21034016
-2.7524416 -11.457766 0.21196479
2.4122961 -1.4893155 -0.40014011
18.852644 -13.831765 1.5876917
2.9328649 3.8445256 -0.54626548
-3.2255354 12.162881 0.39207992
3.7233813 -10.431122 0.57302791
-5.0829835 -0.26153088 1.4216114
1.9460819 -1.4746215 -0.40067747
-5.1918244 -3.1295335 1.2634107
-4.5274129 12.093224 1.7532912
-1.5150394 0.55958545 0.41440874
5.1119013 -1.9916596 -0.60861617
-3.4771874 -6.1572366 -0.23738195
2.349628 -9.519063 2.6521776
18.345421 -7.0860219 0.63098407
-5.6177249 3.3786988 1.5048804
16.315485 -6.4767938 -0.01997567
18.89101 -10.754214 0.70112669
-5.5525532 3.3684113 1.044239
-4.4041185 -8.598834 0.22790596
20.930449 -10.261166 -0.10134495
26.18647 -10.480995 -1.2044258
2.3045468 -9.1452827 1.8748494
26.13644 -10.653497 -1.2033988
-3.6045334 11.099141 -0.41927204
2.5482264 -1.2769368 -0.40901604
-2.2585113 -6.445353 0.2475272
-5.0260229 -2.8396289 0.43396497
-4.8637333 3.5182159 1.8154889
13.905239 -10.00345 -0.57421416
1.4101248 -8.7838602 0.52739817
-5.1621513 -4.0323944 1.5828849
-0.62162465 -5.1407156 -0.27936685
2.1755614 11.947909 -0.054388214
-45.422592 2.2753832 7.5956001
2.4391909 -1.5623635 0.13626298
21.402748 -9.1735039 3.1836946
-0.25739512 10.975554 -0.39820322
18.9519 -1.2501909 1.2327391
-4.7424273 2.3618307 -0.15566163
20.228016 -0.43086058 -0.86342037
4.9183383 -2.2868528 -0.19656347
-5.0724201 -2.6317053 1.7992458
18.563978 -12.891893 -0.05244283
-0.41091377 -11.536341 0.20716669
0.47177792 11.060811 3.1272209
-3.4242353 -8.5439072 2.8265238
2.1921973 -8.4486446 2.7181089
-3.4407232 -8.0035906 2.6872997
19.926619 -26.015886 2.1943099
3.2644007 -1.5606469 -0.44852281
-2.5987639 1.986081 0.87230343
-2.4130702 -11.484447 1.0253326
-5.3734097 -10.088404 1.0029676
1.5803883 11.962029 -0.050637737
4.7632275 -2.2575984 -0.37372631
16.326059 -7.2745438 -0.017481681
52.799603 25.067831 -1.2098193
0.56499994 -11.58484 1.8290251
2.1612611 -7.4529948 2.4502141
19.004305 49.613762 0.613859
-5.110158 -0.29430333 1.2541727
6.6016145 -6.9436693 -0.51531059
16.326336 -7.4304233 -0.01701924
0.027713303 -11.496548 1.4069172
12.32881 -0.26920995 -0.85492444
0.17714813 -11.517817 0.20492759
-5.1131778 0.14919332 1.248915
16.305218 -7.0835013 -0.017660545
17.783947 45.317497 0.58712548
-36.187225 6.0700779 8.7706766
-4.9623499 -11.339989 2.8126824
-0.78592914 12.089378 2.9499784
2.2679219 -5.3729963 0.85153103
20.523476 7.0207467 2.8252215
28.07053 -5.9237499 -1.2845801
-4.9402103 2.3516309 1.5087473
0.011943754 -4.1662211 -0.3191435
18.887167 -14.398529 1.6123207
0.83835578 -6.766067 -0.23947819
-5.8070931 -2.261097 1.2805505
3.2944908 3.7713184 -0.57616979
2.7348623 3.9227195 0.32493132
1.4455354 10.76402 -0.39846396
20.770916 -9.7206535 0.70378435
19.184052 -10.798467 0.70515501
0.9958986 -9.3193588 2.8948579
52.864254 24.096064 -1.1939175
4.8535109 -2.4740367 -0.39311492
7.9634876 -0.86637521 -0.73990315
1.968001 9.9843636 -0.71364319
-5.0885582 -4.0482869 2.0329142
-4.7744875 8.1714077 2.0350704
7.5890551 -12.237602 -0.37869912
-2.214402 -11.483459 2.6810148
19.665688 -24.205069 -0.093134694
34.504589 -16.464514 0.97908866
5.8666553 6.4039412 -0.88065714
-1.8900126 4.7135401 0.50946182
16.232061 -3.1811712 -0.62420446
21.112904 -10.683081 -0.10396773
33.160049 1.1449019 0.71938783
11.974101 -1.4773916 -0.81747717
0.96830553 -7.1594715 -0.020182366
-4.5462389 8.3087959 2.7134173
5.3851447 -7.3471723 -0.46282661
19.61595 -10.699562 1.4996415
10.17795 -11.908863 -0.46068183
1.8463697 -10.209553 3.1742654
34.169197 -16.838501 0.98181903
-5.3454404 -8.7326651 1.6376442
-5.1031203 -7.3704219 -0.077172451
18.636667 -14.861822 -0.054422908
1.1824675 11.157428 2.3523219
-4.3113661 -11.354677 3.2033136
-2.6021001 -11.508706 1.4385047
21.119194 -10.903804 -0.10360824
-4.8091292 7.1371856 1.8764924
20.683308 -11.471991 2.4036839
21.729338 -41.352673 1.423785
-3.3512177 -5.0663285 0.45680088
16.244295 -4.3843021 -0.62677288
-5.3579268 -8.687108 0.92413783
-4.6352935 8.9439297 0.38694605
-4.495471 -2.2376399 0.4129661
35.690891 13.518742 -2.0141053
2.4736705 -3.1629593 -0.3401562
4.2891951 -9.9143133 -0.19763108
16.968601 -40.931419 2.9560153
21.148315 -25.722145 1.0400376
1.8456957 3.3808327 -0.26259193
-5.3838291 -11.232794 1.938419
-0.42267007 2.1414006 -0.027215017
28.177715 -5.5690026 -1.2904613
20.507063 -10.813429 0.72009534
2.3240435 -11.22438 2.6346464
17.090979 -43.9538 1.4751934
-3.6690466 -2.5376387 -0.33419123
3.9721467 -0.41014373 -0.54148144
-5.3249798 -7.8450584 1.5342877
19.94993 -55.250404 1.7756003
2.5596333 2.1352072 0.56511682
2.3333106 -10.071477 2.7803912
10.772544 -11.69668 -0.47800794
2.459625 -1.6555694 0.73613536
-2.0038702 -11.46827 3.0899894
-5.3066587 -9.0248051 2.7865801
-5.0936656 -3.8864071 2.0047138
-3.8112743 -1.4910798 0.38684577
3.6673119 -4.427516 -0.39727852
3.0217683 -1.7935582 -0.42264715
-5.9520869 -4.8325834 2.0816739
18.343014 -7.286521 0.63422477
9.6415167 -11.995181 -0.44281459
-1.5517577 0.32293221 0.040660698
29.592833 -0.85979557 -1.3911204
14.601511 30.925978 -1.894733
16.969378 45.473892 -1.1020685
34.477577 -16.251841 0.97507447
1.9875515 12.024932 2.5311875
-2.4751551 1.7404716 0.37543485
3.8009086 -2.7425575 -0.46401235
-2.6220691 1.9255751 0.6523025
2.2520545 -3.3497522 -0.33834133
-2.414288 -11.475572 0.61584306
16.274137 -1.3847612 -0.050396774
18.237375 -6.2533059 1.3008353
7.9269562 3.5199358 -0.86450303
2.6806316 7.7896094 2.4154389
-2.9842157 -2.1108015 0.59099543
2.6979768 4.670691 1.4989378
19.161596 -10.566083 -0.065917417
-2.4263148 1.9191144 -0.42554301
21.515736 -11.839006 2.4830863
-2.9213481 2.5298984 0.085141256
-3.0360131 -0.6229251 0.77534485
3.1703677 -6.6310802 -0.30355075
18.348593 -6.6885204 0.62462926
11.128677 -11.591101 -0.489501
-45.158051 0.5754776 9.1953554
18.779228 -7.1006165 -0.78037435
0.62059659 -11.540856 2.2350857
16.151524 -6.8698473 -0.63877928
19.43589 -10.722753 1.4928986
-3.8070419 -11.408892 2.3102994
18.570339 -13.246737 -0.05253949
18.737127 -7.0805292 -0.067200951
-3.0784247 -6.3067865 0.72624534
0.62406892 -11.509402 3.0665843
-5.9484758 -5.1325274 1.3032081
4.8127575 -2.8611243 -0.20454954
53.144817 23.218773 -1.1842568
27.995661 -6.2796779 -1.280749
-2.5978396 2.0558252 0.76846957
18.868811 -7.4090662 -0.78778893
37.440109 9.9369268 -2.0147691
0.38556358 12.067959 1.2151136
18.346132 -4.8644857 0.59683716
19.250044 -10.715226 0.70434916
0.89645207 -9.3524265 2.9009612
-5.2407436 -6.6531692 1.9927775
2.4993148 -1.5629022 1.1363842
1.3025218 -11.546223 2.244642
-3.0488391 0.51458591 0.35941887
21.160774 -11.828178 -0.10269987
-5.333498 -8.3446894 1.5919551
2.3089724 -10.202569 2.0477552
0.37991941 -2.5195136 -0.36798069
1.5948249 3.6291842 0.035230339
0.84931004 -7.8404212 -0.047401465
-3.6076043 -11.412824 3.1636734
-49.581318 3.3006971 11.852326
19.200371 -10.793482 1.4855535
18.959568 -14.834616 1.6332614
-0.077048838 11.504294 3.237241
2.2569685 -11.425152 2.6722858
21.016365 -35.505775 1.2746534
21.100796 -2.0744898 3.6204655
2.7811551 8.8856936 2.6882141
-5.3189573 -8.783164 2.3706341
0.38437191 12.058826 1.6428386
18.522955 -4.2279611 1.9352864
2.3872652 -1.5427359 -0.23291953
18.864002 -10.72517 1.4691166
0.61688399 -11.299858 0.20444722
-4.3363233 -2.5881917 0.92330277
2.7717128 -0.87432528 -0.4306913
2.5987427 -2.1213555 -0.38228637
2.5232394 -1.5930743 0.94741648
32.366539 3.7241769 -0.45345646
18.960907 -10.898786 1.4793561
-3.6118317 -11.04709 3.5058653
1.3644458 11.962867 1.2113141
-4.6115413 5.0748186 -0.32635114
2.5011082 -1.5960532 0.75528383
-2.2077794 12.141328 2.1146019
20.683527 -11.990652 2.4310696
-5.2869115 -8.7880945 1.2800485
3.6462989 1.5739002 -0.55388254
2.1810355 -10.127928 3.1702127
-2.8782418 -2.1341095 0.3986243
-4.8073435 6.7776709 2.1144469
-4.4754076 -9.8699913 3.2793257
-4.3932967 8.4971151 2.7374706
2.457176 -1.636683 0.96803963
19.391457 -5.6846485 -0.8044818
3.5795388 -2.8557525 -0.44371191
-5.304369 -8.2699013 2.2778018
19.338911 -12.573712 2.3685229
32.000687 5.8006248 -1.6228033
-2.336777 -0.74777198 0.37140074
34.314632 -14.231553 0.93878287
-0.45701653 2.4935925 0.22479136
18.779697 -12.272102 1.523051
8.7621803 -5.9176688 -0.62453425
11.979939 -11.085463 -0.51192766
20.696909 -5.7068644 -0.87612092
-3.4780858 -4.7088695 -0.14306717
2.7147105 5.5423126 0.11408822
14.387678 -9.6996336 -0.59118736
-4.6931825 8.401288 0.056087457
-3.559742 -1.7050947 0.0008753179
0.99511206 -11.59953 2.6730053
19.484903 -20.873199 1.9248915
1.582487 6.5868564 -0.61780643
-3.3464339 11.220972 2.8627996
-4.7378297 2.6604834 -0.35214493
-0.71762055 -11.5595 2.6602108
20.680464 -11.814855 2.4214897
-4.9757676 2.8031025 1.7411437
18.869308 -14.012354 1.5957098
53.459831 22.95545 -1.1860681
1.0418792 -11.523865 1.0078866
1.5552132 -3.8158431 -0.3368578
-3.8900433 -10.407985 0.21810965
2.7151527 -2.0456223 -0.39343208
5.8416944 -0.67445296 -0.69046563
5.6891942 -3.9871855 -0.56246501
2.8081875 1.1238331 -0.47915971
2.368814 10.702677 2.7028751
-5.4011397 -11.220887 1.4984133
-3.0169365 -2.3397813 0.014026986
2.7479944 -9.0270166 -0.12704714
8.6507053 -5.9672537 -0.61782598
18.737923 -10.568849 -0.057680987
-1.1012939 -6.8343482 -0.23409349
18.552511 -12.668327 -0.05227745
2.72262 5.5943828 1.2209823
-1.637285 8.3427496 2.4620755
-35.768799 5.3126163 8.6542931
5.7171726 -1.0826561 -0.67542917
18.786694 -6.466711 -0.77601409
18.381769 -12.619081 0.73137832
5.8704152 -7.1745262 -0.48154101
1.1719352 6.7163706 -0.62096983
-5.1297116 -0.049092818 1.4287003
-0.76323569 -11.580512 1.0151125
-3.8971221 -5.9623475 -0.24104574
30.17259 1.3505309 -1.4476159
-2.4374285 1.8503391 0.39714375
2.2578182 -1.7501438 -0.39813223
18.891054 -5.6706328 -0.77707189
0.015779076 6.7994199 -0.60971498
18.386116 -12.75048 0.73401487
-5.1930718 -3.8565934 1.5644972
18.4086 -13.069345 0.74056929
-3.3391523 1.6135293 0.58811355
-1.5147518 0.40958542 0.099524438
10.54525 -11.784985 -0.47145724
-4.6667819 9.6997061 2.2749884
-2.1902955 2.605824 -0.47037661
1.1179354 -3.9928803 -0.332986
18.424429 -1.4814312 1.2106026
1.8207817 -1.6833583 -0.40391898
-4.3957767 11.941456 2.6361578
-36.611874 3.5819838 8.8201752
-1.6844158 -11.534301 2.251653
18.84478 -13.628941 1.5791527
5.4357829 -4.1653247 -0.54667687
0.77650386 -5.0232153 -0.28296313
5.3468533 -4.2214499 -0.5410918
11.222324 -11.540481 -0.49196187
4.1960816 -9.9118433 0.18488438
-2.8192124 -4.6479778 -0.29484615
18.532429 -13.673671 -0.051908907
-4.6463189 8.1851349 2.6983678
1.8855417 -1.5847951 -0.40268308
13.682061 -10.17763 -0.56735349
16.23901 -2.4623499 -0.62555468
-1.1352911 10.970804 -0.3963812
2.3095446 -9.4830351 1.5810199
13.555646 -10.25249 -0.56306607
34.342136 -14.818146 0.9489395
-5.1840887 -3.5191939 0.87152332
16.386917 -40.982677 2.9496663
-1.511224 -0.24146378 0.49657312
13.319841 -10.412148 -0.55564445
-5.3865337 -11.18453 1.065936
-1.1509517 -6.5973692 0.93992394
-5.8978858 -4.8180723 1.5329642
-5.1810551 -2.8488483 0.43699831
8.1173973 -0.27476463 -0.76054627
29.185812 29.861389 -2.34341
3.9741015 -9.8339024 -0.18658552
18.881073 -14.206601 1.6041462
-0.6408602 -11.529009 0.2080089
19.504684 -21.02602 1.9328743
0.97630525 3.7146471 -0.50901407
18.600471 -6.8658519 -0.76891494
-5.2031817 -3.5663931 1.5291053
5.1591954 6.5510864 -0.83521056
18.532949 -12.268007 -0.052060381
3.1743495 8.1914949 2.5578251
18.539167 -14.035414 -0.052159116
-0.57934511 -10.33024 0.57441157
7.9928269 -6.3317003 -0.58322138
3.4427171 7.8506603 2.5062511
-5.2194095 -9.9908199 2.9843714
21.094296 -2.1641281 3.6217959
18.537161 -7.2705088 2.0448387
-5.3128557 -8.6799583 2.7145221
18.583822 -14.300441 -0.053096477
5.8939066 -0.45530683 -0.69802773
0.37660432 -4.1232266 -0.32055542
-1.6106972 -11.374164 2.6395817
1.7789876 -11.568891 1.0133241
1.0193405 -7.3637223 0.23145047
-3.8350074 -11.422204 1.4618769
-2.6324503 -2.0342393 -0.38966021
8.8657551 11.611959 -1.1555445
2.9198461 10.841965 0.7568258
1.2067578 -8.7134161 1.4560871
12.809663 2.9173117 -0.95992923
1.1756469 -8.8095798 0.52830398
1.219376 -8.7317934 0.52615762
32.189808 4.2677879 -1.6052389
12.698174 1.7192662 -0.9190532
1.9506594 9.7857523 2.8533306
1.5956597 -11.584316 3.1069975
-1.5739518 -0.27645358 0.39082319
-2.4982345 -9.5638895 -0.11774698
-5.1897225 -7.5352693 2.1368074
-0.41540572 -11.580219 0.60764813
-3.0084684 12.186619 2.1483016
1.5949506 -11.607163 2.6876588
-3.0096579 12.189936 1.7062123
1.5928557 -11.617332 2.2620978
1.2936904 -9.3169727 1.2009168
-0.012703008 12.032238 2.0656691
1.5962542 -11.64889 1.0173874
-5.2549157 -7.4792385 2.4592674
2.1124384 -3.6149669 -0.35671318
-0.40482318 -11.580482 1.8287365
-3.980742 -11.403444 3.1884966
1.3098674 -9.4565449 0.54556733
2.1252222 -10.177361 3.1804092
0.15425208 -2.9940457 -0.36598116
-3.1717908 -1.0593426 -0.39235684
3.7891152 -4.425281 -0.4076046
1.1828979 -9.2661486 2.8866136
1.2498163 -9.4148569 1.2098813
2.2696435 -5.3116117 0.84613276
0.93373328 -7.8136649 -0.047248743
0.96507251 -7.7730608 0.22880407
34.601444 27.877243 -2.4867423
-3.0783184 10.002926 2.9680703
1.291152 -9.8514576 1.6069328
-49.404495 2.3501062 11.808525
1.2671629 -9.7570515 0.5537076
8.2757959 0.65279883 -0.79278588
-5.1427135 -2.6532366 1.0165044
-3.2849741 -0.72520477 -0.3983427
1.0869856 -8.7646503 0.83735824
-3.0237052 12.15811 1.2606609
1.4938012 -11.600626 1.8400337
17.834375 -40.856926 2.9662392
-0.3752816 -11.593472 1.0138901
-35.455376 6.2962379 9.9269838
-4.0520892 -11.42175 1.8969555
11.302238 -3.0172951 -0.76615459
-5.2451639 -6.9781857 2.3574543
1.1798309 -9.8391247 0.21212946
1.3895652 -11.580203 3.0997267
-4.5155411 4.3685346 -0.48011774
1.4053359 -11.610318 2.2572091
34.487034 28.055367 -2.4893117
-7.0490704 7.9203849 1.8825753
1.3809795 -11.601896 1.8386527
12.65629 1.3227273 -0.90707922
-7.0172224 7.9559407 1.5132016
1.3815151 -11.634375 1.4248031
1.3767169 -11.631324 1.0154487
1.3724043 -11.629744 0.60405624
-2.6100368 1.5978292 0.18827155
19.06004 -19.469778 -0.069317676
-5.2466097 -5.8543925 1.5844926
0.38045669 -5.1052465 -0.28257912
1.1298257 -9.8556089 1.2512275
9.3678837 -12.043823 -0.43413466
1.1293952 -10.29558 0.20905918
1.2316951 3.6086848 -0.5068028
1.1642569 -11.42531 0.20042859
-4.3176675 -11.352874 1.8999056
1.8181729 -10.492805 3.2502897
1.2745429 -11.565574 3.093049
1.2086407 -11.576775 2.6723537
10.700742 -3.9169562 -0.72732395
-1.445601 -0.37263736 0.36453587
34.333683 -15.201851 0.95534295
1.2406683 -11.497174 2.2353923
1.1956059 -11.609484 1.8373706
-2.8159137 -9.8730326 0.57600409
1.1945395 -11.631065 1.4230591
-2.7348208 -1.7801887 -0.26543108
17.643679 -32.862911 1.1933734
1.2083584 -11.625837 1.0145943
-5.1377659 -1.9808682 0.97372049
0.78312814 -8.6329689 0.52410954
-4.1793842 -2.6123729 0.57838529
12.267518 -0.52189624 -0.84738541
1.22454 -11.44952 3.0639565
3.3897195 -6.6901159 -0.31741393
1.1586007 -11.5762 2.2473218
-3.6237559 12.226139 2.6384628
0.8786487 -9.5677633 -0.12071804
0.86700135 -9.3559752 2.9011099
2.4805584 0.31466696 -0.45157766
22.821495 -42.637722 3.1631546
1.1033947 -11.526843 1.0082016
-2.0687411 0.19890162 -0.11457781
0.98618698 -11.407879 0.2016086
-1.007844 -6.6689701 0.011641327
0.95959365 -10.913233 2.9291158
-4.171751 -2.6528366 0.4148787
0.97522664 -11.618182 1.4204745
-2.2041972 -11.440845 3.0916002
-5.3738317 -8.9375381 0.93845254
-1.6986082 3.6120105 -0.49214926
18.315651 -40.234879 1.3827759
1.0125878 -7.2309985 -0.023762628
-0.023848198 -3.0275528 -0.36825064
0.9417823 -11.61801 0.60450506
-3.9779971 -4.4791532 0.047598153
-2.2179694 -11.498876 2.2601309
0.38573438 -6.9062719 -0.24349816
2.3394866 -10.667095 2.523854
-5.4303303 -10.829562 1.4647486
-0.022525365 -3.4688532 -0.34129849
1.1762271 -7.4124165 0.22998649
0.58096868 -9.6542168 -0.1216417
0.79083955 -11.604379 2.2473497
0.78772408 -11.614252 1.8342336
-4.5319486 10.459822 1.5831653
0.78572541 -11.636711 1.4213887
0.77582663 -11.61483 0.60478598
2.4889123 2.0622261 0.67836189
2.4048743 -0.47459519 -0.42826632
0.55554169 -9.2379065 2.8610299
-0.5486545 9.7987299 -0.32296458
0.71609366 -11.472303 3.4842269
0.56451583 -11.465043 0.2034674
0.65866649 -11.535807 2.65518
0.56935245 -11.590141 2.2430124
-5.3818769 -9.2157135 0.58496916
-4.8972697 -2.1440415 -0.28888777
1.3979371 -8.7315083 0.83686984
-5.1882801 -3.4518485 1.5125999
0.60306871 -11.596105 0.60470295
0.70104522 10.008149 -0.69357789
-1.0091726 -11.472557 3.486954
2.738183 4.1063619 0.32557166
2.2896931 -9.5051308 0.89100426
0.18053326 -6.9350219 -0.24352789
-2.1743302 -4.5113449 0.26034674
0.59558445 -11.503355 1.8183402
0.52141482 -11.284163 3.428767
-3.0222087 -6.4023762 0.7303853
2.2821333 -8.9569273 1.8433211
-4.840158 -1.3894143 -0.25740162
2.2907541 9.4854984 2.7989998
0.56994915 -11.56025 0.60381472
-5.9660482 -5.0498314 2.1192961
-46.79063 1.1901029 9.5152407
-2.1609764 -4.484283 -0.077213146
0.53878886 -11.525035 1.4098009
-5.1058192 -0.97012377 1.4548689
17.121923 45.421169 -1.1022032
0.51789165 -11.554747 3.0761645
-5.3951812 -9.2424936 0.95603085
-4.3426671 11.120045 0.81037366
0.48296452 -11.506311 1.407874
0.1925855 11.934562 0.37157011
-2.1990521 1.9822999 -0.023768986
-36.418816 6.5861092 10.195256
-1.5131212 -2.7689629 -0.36583567
20.256908 -25.783693 1.0353581
0.38900462 -11.464969 3.4773903
0.38995066 -11.551199 3.0740325
-0.42435706 -9.670826 -0.11664341
0.38832602 -11.591542 2.6641364
0.38683605 -11.59798 2.2432048
-4.9135776 3.4056752 1.5982988
13.999114 -9.9360571 -0.57728761
0.38347262 -11.60662 1.8311996
-5.1939492 -9.8383551 0.21757019
-1.5555834 2.2410293 -0.13028647
-4.0594382 4.886157 0.14848803
-4.6400175 -8.7929592 3.0250061
0.37650952 -11.619303 1.0134865
18.55508 -2.4356914 1.8923589
0.18210165 -9.6185389 -0.11719453
-4.1592441 10.290831 2.7300363
-4.8255563 6.7169456 2.4034114
-5.337141 -9.3575487 2.8609035
-3.2168562 9.6273746 2.8868065
-0.093326092 -4.1804996 -0.31994757
52.546803 19.867014 -1.115447
-3.3112173 8.4095631 -0.56433606
-0.027751548 -6.9480758 -0.24285041
0.18313549 -11.543139 3.0706956
3.9744747 -9.832243 0.18780546
0.18444601 -11.587649 2.6622984
0.18162565 -11.595862 2.2421453
-0.23604585 -11.581931 2.2401114
0.19309172 -11.62567 1.4192985
19.431639 -20.236195 1.8927284
8.1873941 -6.2329249 -0.59343326
-0.22506003 -11.594455 1.4171145
-2.6221235 -11.487235 0.61763358
-3.7999299 -0.75259775 -0.38397437
0.18882753 -11.612003 1.0132984
-0.18509501 -11.567406 1.8260381
-2.7493312 1.5929406 0.16617285
5.9774528 -7.1409955 -0.48623067
-2.6206126 -11.456483 0.21195459
-4.5568385 10.149388 0.77820814
-4.1359615 -10.025109 3.2838106
0.20320505 -11.53966 3.0699089
-0.024278315 -11.607022 1.4177741
-0.22388656 -4.1922493 -0.32073754
-0.0097680213 -11.60055 1.0130403
0.0045439252 -11.59074 0.60635728
-0.020631373 -11.530158 0.20569468
33.049931 2.5464973 0.70495355
-1.4532297 2.3017228 -0.26053455
-4.7736473 7.2801113 1.8947133
-0.011043278 -11.453121 3.4715624
-4.1780386 -2.2523813 0.25168747
16.248642 1.5929966 -0.08060275
0.041863248 -11.549669 3.0717523
0.00080605038 -11.579503 2.2392192
0.03397461 -11.598766 1.8297795
10.519614 10.063837 -1.1440306
-0.053155039 -11.526459 2.6493728
2.1163216 -1.2298582 -0.40996757
-0.059372757 -11.476742 1.8136784
-5.2309818 -5.649673 2.1008379
-0.21060371 -9.6428509 -0.1161988
-0.10543534 -11.53883 0.6053341
7.5247297 -1.8785397 -0.69559622
-0.21970966 -11.538495 0.20643476
32.32444 4.1347976 -0.45761988
26.621365 32.731663 -2.3850942
-0.20920487 -11.501011 3.485045
-0.21277288 -11.5304 3.0672848
-47.012386 0.9016946 9.5610514
-0.12719792 -11.540967 2.2328696
-0.13437319 -11.549154 1.4124063
0.55614775 -8.9235172 2.773807
-0.13800196 -11.546162 1.0100298
-0.7080428 -9.2197752 -0.09678895
-3.0718882 -8.8182192 2.86675
-0.15988821 -11.531904 0.60534477
29.75433 -0.057386834 -1.4078575
-0.22864613 -11.584084 1.0127133
-2.6214495 -11.497816 1.0290478
-2.972708 -2.3233199 0.14071353
-5.8085999 -2.0272269 1.9088936
-0.40910873 -11.490008 3.4830265
11.751805 -2.0881805 -0.79879767
-0.41731954 -11.574494 2.6605515
-5.2208891 -7.2298141 2.0877323
-0.48426104 -11.527007 1.0102495
16.163942 3.1607258 -0.68523651
-0.23471497 12.037583 -0.043305885
-0.42174873 -3.4835463 -0.34160766
-0.49610069 -10.110972 0.21829091
16.740377 27.151423 -1.7437351
-5.2921605 -8.7312307 0.92459643
-0.60201108 -11.563479 2.6598091
-2.0266752 2.9090369 0.4459976
-1.2193894 -2.4417932 -0.36908755
16.271145 -2.8662434 -0.038557988
-0.59313232 -11.564327 2.2393186
-5.8251395 -2.2151556 1.7126572
-4.9464383 9.1502419 2.5783424
-0.5762552 -11.50066 1.0090761
-3.7445877 -8.9823046 -0.1090019
-0.422622 -2.6215861 -0.3709498
2.7035992 3.7235603 0.654612
-0.53564751 -10.335042 0.21672365
-0.46114299 -5.1620541 -0.28126988
0.18872747 10.94546 -0.39850193
-0.60643953 -6.9157896 -0.23854686
-3.3875339 -4.8130198 0.45105314
3.0064406 10.54555 1.9118464
-0.71873522 -11.529537 0.20825295
-5.2020555 -3.4833198 1.2996174
-0.79679132 -11.485769 3.0617583
-4.2851014 8.0106516 -0.55814213
-0.22421466 -3.4881904 -0.34252915
-0.8253215 -11.566578 2.2420533
-0.79221791 -11.564689 1.8295506
18.28363 -3.6474757 0.57902575
-4.3988285 -2.0189619 0.56771803
-4.1459875 -1.8147671 -0.34626049
-0.79575104 -11.582954 1.4192894
19.63645 -10.684599 0.70806015
-0.73474437 -11.55994 0.60846561
14.170936 -26.528994 -0.027871456
16.806511 -19.331104 -0.03286897
-5.1535649 -3.4275553 1.7191647
2.9877977 10.582545 1.1319735
20.216459 -1.139362 -0.85693783
-0.7630977 -11.488918 2.6462951
-5.1986437 -3.5300477 0.45051816
-0.78365725 -11.51284 2.2324901
-4.2152376 -1.6754256 -0.34858531
18.932289 -13.359931 2.3867674
-0.82354093 -11.517083 1.8235052
-0.84841895 -11.516518 1.0116658
-0.059069488 9.6738691 0.35722265
-4.9353032 4.1629648 1.4795899
-3.6295388 -6.3710732 0.49272612
-5.1234317 -3.4747565 1.9402024
18.704437 45.288002 -1.115178
5.3407612 -2.2966702 -0.23258317
-0.64005703 -5.9278173 1.5050505
18.375246 45.345245 0.58876973
-0.6473431 -5.8127098 0.6554575
-0.64228153 -5.8119016 0.048392124
-1.8258291 -4.6655054 0.42968887
0.50521982 -11.579719 3.5106876
-1.0151643 -11.512227 3.0718558
18.739069 -12.218378 0.72723335
-0.93117964 -11.551206 2.2407386
2.3764415 12.004723 2.0970473
-0.95833111 -11.588093 1.4211552
12.552252 0.72667092 -0.88725239
0.19619736 12.082106 2.0731902
-0.64430237 -5.982276 1.299087
-0.64543706 -5.8336554 1.0668976
32.618649 1.3618567 -0.43151182
2.5188811 1.5618448 1.1082017
-4.6340656 10.339602 1.9736592
-0.5665881 -4.1817737 -0.31957778
1.7918891 12.007454 1.218667
-0.64001995 -5.7842684 -0.15097308
-5.2644343 -8.8176193 2.0028269
-1.733309 -4.6564159 -0.078230448
2.5238063 3.5361316 0.95212507
-2.3913574 5.5116982 0.14069156
-0.68438733 -5.7678342 -0.14980425
-0.96322083 -9.13867 -0.093204245
15.363895 -26.298876 -0.041728199
-1.2092675 -11.466273 3.4899821
-1.2160693 -11.508688 3.0752487
2.7024415 3.5351055 0.32353961
-5.3744545 -9.4721231 0.21882226
-0.77355278 -5.9364853 0.25071493
-1.1359161 7.1637139 0.34533697
22.588821 -40.502743 3.0390532
-5.0349231 -11.353393 1.4960901
-4.694736 3.2785769 -0.39640018
-3.3784466 -2.4875238 0.39765581
-0.81592917 -5.8405576 0.86212599
-40.902637 3.6103857 8.3487959
-5.3849387 -8.4350128 3.0366974
-0.81477493 -5.8118453 0.65675873
-0.80675358 -5.9099984 0.45565382
-2.7142699 8.6178541 -0.570059
-2.3964016 -3.6503537 -0.32406294
-0.98969489 -6.6848965 1.4233325
-0.6233744 -2.599997 -0.3700648
-5.3093657 -8.4565916 2.3113992
-0.99594957 -6.6642137 -0.22033569
-2.985579 4.719008 -0.2204673
-0.9987976 -6.6811495 0.24558806
-3.9545226 12.159261 2.6458545
-1.5945591 -11.451948 3.0718467
-5.1185827 -0.71320426 1.2685605
0.39053047 -11.610748 0.60567981
-0.93238431 -5.9632893 1.0883349
0.55796272 12.050675 1.6425314
-2.1705825 -4.2971692 -0.064362839
-1.0452706 -6.496335 0.92859709
-3.620003 -11.440784 2.3061588
1.0395284 -7.432837 0.23080279
-2.930058 -1.5911134 -0.38945264
-5.1091676 -7.6933475 -0.088390402
-3.1930616 1.8296628 -0.13446431
15.628057 -25.902855 -0.043176036
0.78852683 -11.418133 0.20263876
-2.1856611 -3.9892497 -0.043492429
-1.0574819 -6.5293441 1.1654224
-4.5078535 -1.9381199 -0.076980665
20.011538 -24.94276 -0.10099276
-1.47606 -9.7377052 -0.11939988
-3.0722513 -2.1725669 0.50940281
-1.2237693 -6.8523116 -0.23643135
-4.8428216 5.1535583 2.0926507
-2.3109105 -0.77954692 0.12002761
-36.585995 3.7026315 10.163288
16.012676 -7.0498185 -0.63337159
-1.6838031 -11.389836 0.21158825
2.549911 2.3499193 0.54157662
-1.6729258 2.5716507 -0.18809283
-1.7720397 -11.507852 0.21084577
-1.8245839 -11.451447 3.5064027
-1.220434 -4.090518 -0.31947637
-5.443171 -10.238291 3.0621228
2.5943964 2.4187124 1.246926
26.584547 32.897171 -2.3921931
-6.3976674 7.2287965 1.7371207
-1.8058621 -11.483575 2.6674201
-1.0153089 12.120898 1.2251323
-5.8006711 3.3984432 1.7710375
2.3068025 -3.7307432 1.5237281
-1.1454166 -6.6878386 0.47862318
2.2148912 -5.2204208 -0.1660485
-2.2776535 -0.65786976 0.37058365
18.528025 -7.6324649 0.64212668
-1.0204027 -5.1205931 -0.28090954
-0.083321683 12.038067 -0.043919824
-1.5546157 -9.744379 -0.11991219
-1.1223849 -6.5540981 1.1699396
-5.804718 3.3872576 1.5373088
-1.19818 -6.6179519 0.71051908
-4.0017996 2.5698588 -0.43329102
2.2241421 -5.2383885 0.032973025
-2.278651 -0.66678292 0.158893
1.1379057 9.4187222 2.3758557
-1.1596801 -6.5965738 1.1762968
49.277138 24.158697 -1.1235059
-36.496918 6.3652411 10.20815
-1.2549567 -6.8354688 0.0038725091
-4.783051 5.2309504 1.843303
-2.1880608 -0.79404354 0.057877224
-1.8452538 3.0654309 0.39173415
-1.6655718 -9.8905468 0.56823969
-2.1900442 2.6401486 -0.47712117
34.398617 -15.425674 0.95991844
-5.1632967 -3.6460266 1.7528563
21.014011 -25.86319 2.217705
-1.8064851 -10.969987 0.21489349
-2.8121867 -11.488867 0.61907589
-1.8886881 -11.521465 1.8406075
0.18479311 -11.604271 0.60612726
-2.0267508 -9.7441788 -0.12198407
-2.0056045 -11.458839 2.6687276
16.495504 -43.183834 3.0803769
-2.735548 -1.5499583 0.065853231
-2.0008779 -11.520907 1.8429785
-5.4240661 -10.475821 1.4331731
-1.7529932 -9.9383755 0.57007813
-2.0443535 -11.537763 1.4305733
5.3367395 -1.8387488 -0.63680434
-2.0206625 -10.895037 0.59757644
-2.6695564 -9.8867931 0.57520354
-0.81894714 -2.9946206 -0.36774963
18.300173 -2.8606777 1.2270617
26.240156 -10.358049 -1.2061504
-1.3920947 -6.7996235 -0.23399143
2.9764798 9.09408 -0.32128876
-3.2333119 -0.86610675 -0.39394325
-1.3317841 -6.82898 0.0038359587
2.8661389 1.002682 -0.48148668
-2.0820706 -11.522647 1.0234679
-2.4553018 5.5319257 -0.27498543
-5.2176733 -6.4960136 2.5604501
-1.820789 11.184314 3.1909564
-1.0205996 -4.1362429 -0.32037476
0.17611468 5.1524038 -0.57702768
-2.2102568 -11.528339 1.4326282
18.534178 -6.2398572 2.0037181
-2.2126946 -11.525476 1.0252532
2.580421 -4.3998437 -0.30969471
-1.2178448 -5.11131 -0.28314331
-2.0343542 4.7162037 -0.54292625
-2.5186241 1.6277533 0.13985509
-2.2417626 -11.432877 0.21193735
-3.1316237 -11.347057 1.8521029
-5.2977719 -9.6451693 2.1291254
-4.7295656 7.9657512 1.6677393
-2.0084727 -10.11309 3.1460261
3.8071113 -6.8027482 -0.34464547
-2.2953472 -11.449713 0.61432832
-4.8954201 4.5971642 2.0004096
-1.4959433 -6.7664003 -0.23262052
-2.648134 1.9011757 0.22943123
-2.4301705 -11.476762 0.21173546
-47.839565 2.1156487 9.7198992
33.311501 -2.2696335 -0.410272
-3.6062191 -1.2717144 -0.37149465
-2.4010847 -11.474899 2.6864164
-2.4179699 -11.457659 2.2596681
1.2611675 -8.9388981 1.1642594
-5.3758678 -10.096567 1.397711
-2.4822574 6.0441008 -0.54735231
-2.4109321 -11.488318 1.4326266
21.655209 -14.347016 2.6307452
-3.9346664 -11.30564 1.8772684
-3.1759541 -0.33000091 -0.36240315
-2.3577635 -4.4161291 0.59902692
-5.3738146 -10.085894 0.60677117
-1.6238699 -6.7387109 -0.23217049
-3.623584 -11.44443 1.8824843
-2.2223673 -9.683526 -0.12065886
-2.6141555 -11.489283 1.8544142
16.152784 0.16077793 -0.63792324
-2.8088102 -11.498195 1.4420475
-2.394521 -9.5992794 -0.11839055
0.32636553 2.6303744 -0.4525978
-2.8054116 -11.368039 3.5341206
-2.325201 4.4161067 -0.16943944
-2.8050928 -11.439443 3.1204112
1.7760607 6.5231314 -0.61711806
-4.3946681 7.9180145 -0.55392289
-4.6555223 -11.217229 0.21105093
16.210815 1.58653 -0.65983367
-5.390254 -9.4705524 0.59145379
-3.5099025 -1.8055444 0.0014181422
-2.8155179 -11.473833 2.7040348
-2.820303 -11.476206 1.8588018
-3.3690648 -1.8364483 -0.37230176
-4.7249432 9.1394682 2.1873431
2.3082232 -9.5444593 0.20587209
-1.8146995 -6.6994624 -0.23203531
-5.0675902 -0.65779203 1.6089696
-2.4519079 -9.7054577 0.224544
-1.0244998 -2.9485693 -0.36742795
-2.83899 -6.3839898 -0.23204048
0.17770627 -3.4427366 -0.34107026
-2.9624548 -11.457073 0.21194543
16.231567 1.6959614 -0.08146964
-4.7228522 6.0500183 0.89944965
-2.9984164 -11.436493 2.7053084
32.717789 0.53643835 -0.42480171
-4.7850814 6.1313038 0.11307643
-3.0061872 -11.455492 1.8619791
-3.0139165 -11.476365 1.4447756
-5.1579475 -1.8822198 0.78468204
-3.0757306 -11.309074 3.5358455
-3.0217469 -4.3707895 0.43548971
-41.818787 3.2739847 7.0121655
-2.5391006 -0.59577101 0.64792877
0.96647817 -9.5346403 -0.12022925
-3.1073136 -11.425029 3.1342337
18.530762 -4.6693978 1.9492924
2.4444456 -0.27382535 -0.43381673
18.775469 -0.098140173 -0.11662756
-3.1959767 -11.460084 2.7200568
18.593506 -1.4437616 0.55551696
-3.1980598 -11.462913 2.2903929
-3.0923259 -11.341622 1.8500717
-3.5247917 -0.57809907 0.71408367
0.78179604 -11.637258 1.0145625
-3.5076275 -9.6943254 2.7595539
-1.38289 2.5082033 -0.45874965
-4.7538586 7.4768634 1.6079696
-5.345767 -8.7310991 1.2779592
21.43931 49.478592 0.61954916
18.86599 -10.964436 1.4777899
-2.9641511 -10.639884 0.21773456
2.505753 -2.2043068 -0.37644711
18.305803 -2.4531879 0.56384504
-4.3562937 -2.4545996 0.99523383
-2.6439278 -9.2175579 0.89037657
1.3787265 10.057135 -0.70860982
2.3790016 -9.4598198 2.285533
-5.2760997 -10.06178 2.5993409
-1.1567118 -3.3870728 -0.34296688
2.0076258 -8.9905949 0.85719746
6.9871125 -12.247201 -0.35999861
-3.1981626 -11.265285 3.5326359
-3.012718 -10.475905 2.9061339
2.3370521 -9.8294287 2.7239559
-3.2411149 -11.467271 1.8713959
19.014746 -4.4687543 -0.086256571
1.1762669 -2.6570749 -0.37327945
-5.2223287 -5.2935386 2.034827
-2.9734309 -10.461989 0.2189808
18.248329 -7.4056168 1.3338704
-1.4216539 -4.0478606 -0.32067201
-2.8049698 -9.4468584 -0.11573248
-2.9996338 -10.362067 0.21966341
-3.4094713 -11.456614 2.7308972
-4.2619228 10.155328 2.7112999
-5.3217735 -8.5392666 1.966607
0.8756234 10.434967 -0.37164763
1.8650239 -11.507203 3.0980616
-3.4097037 -11.449382 2.2976282
-4.1915255 -2.3496151 -0.22448939
-2.7863002 -9.219574 0.89295655
34.026424 -2.2156782 -0.42619836
-3.5010419 -2.8616292 -0.34307775
-5.1751404 -3.0740316 1.4658567
2.8871055 2.4311266 -0.51441634
-1.5870149 -4.9365544 -0.27264696
-5.0072107 0.96004152 1.4115251
-3.3472135 -11.375111 3.5731018
-3.4096596 -11.428226 1.4503472
-4.7196794 2.4299405 -0.15750645
-4.4527235 -8.6351547 -0.1079851
1.1178464 9.9115887 -0.69003063
-4.7591972 -11.259638 3.2201674
2.6514041 3.8831992 0.91859609
2.5786264 11.9388 0.79758406
2.2376325 -8.9077578 0.53074437
18.262072 -4.4563198 1.2576393
-5.9152508 -4.9278655 1.5475906
16.245993 -2.2752156 -0.6264562
-4.8987274 -2.2519145 -0.2936042
18.305338 45.128944 -1.1066866
0.5379855 -3.3811376 -0.34377465
-3.1301517 -10.494785 2.918016
34.196293 6.0841074 -1.7511877
-5.2689533 -8.7920446 2.3671911
1.2200907 -3.960907 -0.33443663
-3.4185581 -11.239133 3.5419366
-1.2564237 -3.3573377 -0.34260356
-2.6592045 1.8296142 0.79908186
-3.4713583 -11.41877 3.1557944
-4.4200678 -3.0551019 -0.28766128
-2.124964 -6.6075387 0.4835836
-3.2030659 -10.362247 0.96938252
3.0553532 0.32228154 -0.48584771
-3.6184332 -11.441296 2.7398167
1.969443 11.921834 1.6444999
-5.3325658 -8.7444077 1.9976522
-2.0723696 -6.1948586 0.4722079
0.79770893 12.004487 2.9329832
-3.6369474 12.178381 0.39550647
-3.1946323 1.5829314 0.41025752
-3.3033009 -10.38115 0.21923999
2.5210192 2.6793535 1.1362157
-5.2448549 -5.6654959 1.5597423
-3.3816571 -10.401306 0.21900378
-2.1650076 -6.1849713 0.47275352
-3.7930911 -11.377039 3.1685138
18.296535 -7.5264616 1.3395987
-3.8135464 -11.422106 1.8871214
2.8043346 9.676115 2.1473241
-5.9995165 -5.4466619 1.9056332
4.9964986 -4.3189225 -0.51229161
-1.5937765 -3.9999783 -0.32131627
-1.1376889 11.733213 3.3087575
-0.94613403 8.5374269 2.4863091
-2.6992083 -1.7758393 -0.15049492
-1.4208112 -3.3102062 -0.34367034
20.816181 -25.870163 2.2122943
-4.0136304 -11.435208 2.7630401
-4.0132203 -11.431935 2.3247631
1.4868385 -11.639817 0.60416555
-3.9006186 -11.321871 1.8779123
52.291283 20.15926 -1.1150488
0.26951259 12.035626 1.6399857
-3.1135097 8.483798 -0.56628788
-5.10671 -0.85948831 1.4492472
-4.0245385 -11.451695 1.4703975
0.17780845 12.068327 1.2151396
-5.0437431 1.2594961 1.2548245
-5.1676359 -6.3887506 2.5281441
-5.0201774 1.1539168 0.99811935
-2.2616358 -6.1515574 0.4727371
-0.40873495 -11.608287 1.4192582
-5.2201724 -7.5328102 2.7985194
-1.7171457 -4.504539 -0.06671612
2.9499786 2.3764493 -0.51745319
-1.6920197 -4.2916207 -0.20679861
2.567018 1.4143686 0.76182878
-2.6155133 -6.919559 0.24373426
-3.5350065 -9.6748362 2.7572122
-1.8258404 -4.4762712 0.42472702
-3.9798627 -0.078123115 0.17045365
-1.8264887 -4.2642779 -0.20890489
18.766516 -6.8249116 -0.77750099
-4.2350068 -11.325003 3.1903548
-4.9230375 4.2994299 1.4941616
-3.8837693 -10.355729 0.98231894
4.1501036 10.089357 -0.79170102
-5.1487765 -3.9963315 1.3471032
-2.0197697 0.1857499 0.44912323
16.285591 -4.3916178 -0.02909735
-4.0245786 -10.380399 0.98679221
-40.968601 3.3512869 8.3602867
-3.4349067 -2.3043952 0.12366483
-5.361784 -9.8758917 1.3777521
-2.4463542 -6.0600905 0.025098512
-4.0333471 -10.495215 3.3967848
7.6473284 4.1624713 -0.87312496
-1.8863117 4.7925758 -0.015567892
-49.389347 1.8851215 11.805345
-4.4349351 -11.415761 1.9131666
-4.5766387 -2.5809767 0.77060103
-1.8502339 -4.2252636 0.4184069
-4.2410522 12.254717 1.3006134
-1.8253529 -3.9184539 -0.32181838
-5.233005 -5.4596114 1.800015
-5.8228002 -2.6545715 1.5354332
2.6579957 9.5072308 -0.68632793
-3.4699836 -8.5027504 2.8202474
21.956022 -42.954094 3.1631968
-4.1136622 -3.5079923 -0.29015285
-5.3309107 -9.1392403 2.8136926
-4.6149859 -11.410772 2.7998521
-3.4929574 -1.8750505 -0.19128816
-1.7454185 -0.17855838 0.0065421844
34.299976 -15.935307 -0.35299557
-4.6243296 -11.399311 2.3543763
-37.077759 4.5654063 8.9434261
16.818174 -19.474035 -0.03350205
-2.0626132 -3.8727942 0.11612912
18.766336 -12.471217 1.5302035
-4.6244602 -11.418029 1.0612437
2.6707354 5.6396413 0.77397728
-3.8150821 12.23146 1.7385054
-5.3601351 -11.18817 2.8164749
-5.3250895 -11.379663 2.3964462
-1.410758 -2.8094323 -0.36511859
-1.9881504 2.9032638 0.14081538
-1.8961763 -10.099235 0.22143695
7.8676572 -1.1393669 -0.72905666
-4.5456095 -11.282662 2.3311369
3.0659311 11.346776 1.1894314
-4.5418882 11.556403 1.2601573
-4.200047 2.1844532 -0.26291344
-4.2171311 -11.426536 1.47417
-5.2070217 -2.3449073 0.80937487
-0.40640041 12.114476 2.5168974
-1.6181492 -3.2393286 -0.34459698
-42.127689 3.438168 7.0624599
-3.8444262 -8.9454231 -0.10912843
-2.1465759 2.8040395 0.71598154
-4.8188314 -11.400832 2.3665962
-2.7777903 -0.33923462 -0.36476287
-4.8273535 -11.41109 1.4936754
2.4752681 0.34975621 -0.45154506
-1.9464066 -4.2579203 -0.21299417
-3.9668658 5.0395279 -0.50856614
-5.168087 -2.468848 1.0069914
16.296316 6.1629062 -0.76633948
0.66587275 12.015367 2.9333768
-2.3019612 -2.112123 -0.032438397
-2.0232465 -4.2136936 0.41985533
-2.1541049 -4.6305885 -0.26031518
-3.4882865 -7.9403839 2.6758506
-4.7956753 6.9716206 2.148165
-4.3997564 -9.9937372 3.3030255
-4.265986 -8.6608191 0.22806343
-1.4785917 2.0044715 -0.34475142
-4.4252758 -10.005895 2.9084282
2.5119677 2.3455005 0.95722687
-1.8121561 -11.524089 2.2530532
-5.0311894 -11.380108 2.8257699
-5.0354776 -11.381214 2.3773825
2.1773436 6.4632955 -0.62712449
-5.0631671 -8.2413578 -0.10649674
-5.1751137 -3.4556086 1.0801928
-3.9737031 -8.8989038 -0.10941689
-2.105571 -0.66704535 0.071238764
-4.9771323 -11.325641 2.3648717
-2.3013797 -4.8373594 -0.28798842
-2.8080685 12.186828 2.1408129
-5.2001777 -11.39575 1.5062085
-5.1034298 -1.5325886 1.4926338
-5.2114234 -11.293083 2.8238525
-5.2112784 -11.381209 2.3889942
23.284294 14.112802 -1.3925326
-4.4852948 -9.6834984 3.2325463
2.8770533 10.015937 1.8317978
18.672935 -1.5207248 1.8844104
6.3650093 -12.28028 -0.34258917
-4.6015854 -9.6115198 3.2273452
0.82780755 3.0128317 -0.47755572
-5.2821484 -11.394898 2.8488452
-5.202601 -3.665216 0.88187224
-2.3359506 5.8571057 -0.51827663
-1.3429637 -2.3953178 -0.37038571
-5.3072023 -11.334895 1.9467134
34.328308 -16.411762 -0.35229105
-2.1560504 -4.195828 -0.2158726
-5.2148657 -10.838443 3.1695812
12.274076 6.4528961 -1.0564251
-5.3577981 -11.225669 2.3748798
-3.5170379 -1.5615486 -0.37488362
2.6583731 5.5973263 0.9940244
-3.1914582 -6.2723475 -0.23523776
0.064288579 9.6532488 0.02225557
-3.0366297 0.19162494 0.63912648
-1.7532443 -3.1898637 -0.34639356
-3.1302412 0.44792128 0.34846103
-4.8526988 -9.9964666 2.9476206
-2.2304709 5.4171562 0.3427611
-1.6245416 -2.7254143 -0.3680248
-2.0443206 2.1586218 0.17488353
-49.486473 2.4992831 10.046017
-1.8394881 -10.955171 0.2150466
-5.438221 -11.160691 1.0658904
1.2545584 -7.6175275 0.49619663
-5.3667035 -10.839608 2.7518251
-5.4281478 -11.05631 1.9193836
-5.440577 -11.031201 1.4830908
1.2712407 10.419291 2.9827197
-5.5993443 -9.9853487 3.0249209
3.0866632 11.823259 0.79764235
2.1532068 -6.8430963 2.2882755
-5.2659974 -10.62956 3.1287556
-5.3917074 -10.888192 2.3252697
-5.4191294 -10.854126 1.8943648
-4.431808 -8.6981726 0.56086516
-5.3670197 -10.661532 2.2887425
-1.5975013 2.9786818 -0.48209172
-4.344986 -1.2455403 -0.34870785
-5.0783634 -9.9814491 2.9674385
18.218952 -40.807858 2.9701159
-5.4127803 -10.624449 1.8662357
0.78339273 6.8054714 -0.62256587
-1.8545949 -3.1449652 -0.34731704
-5.4018989 -10.5239 3.1197674
-5.3613639 -10.437492 2.6765561
-5.383975 -10.443277 2.2566278
-3.1888039 1.7823277 -0.13049354
34.317787 -16.075401 -0.35296896
-2.1470459 -3.8650637 -0.18211068
4.5809469 -7.0726485 -0.40151379
-4.2058496 -2.3997481 -0.22859485
-4.6223469 -8.7377787 -0.11514299
-1.9472733 2.7391117 -0.0079945019
-5.4082713 -10.488793 1.8496211
-2.2005701 12.099254 2.990921
-2.1026151 2.8213832 0.70440596
-1.7887944 -9.8714523 0.91814882
-4.0995259 -2.5523446 0.092360176
-5.422226 -10.4685 1.0258803
-6.6024461 7.9123225 1.8348484
-37.439278 4.4324198 9.0254068
-4.5298514 -8.6917572 0.56180125
-1.616248 0.66108555 0.51338208
-2.1435051 -3.7845397 -0.32319129
2.7311165 5.5365238 0.33146995
-3.3462796 -6.2128906 -0.23643979
-4.6201873 -8.8033514 -0.11752155
-4.8816938 -9.2777872 3.1762841
-2.5116119 -3.5449212 -0.31992137
-5.6859889 -3.0493276 0.66747987
34.230923 -16.734638 0.98069209
-5.3789725 -10.265469 1.8210633
19.011328 -15.462724 1.6618301
-5.4228487 -10.424743 0.61591953
2.3025413 -9.6236181 0.2053666
-5.9540768 -5.2037811 1.3103461
0.73720497 -6.8148513 -0.24147369
-5.3792901 -10.26963 2.2298341
-2.0982254 0.24144997 -0.17295961
-5.4230547 -10.306462 1.0166911
-4.1972141 11.097909 -0.013878717
-4.0975323 -2.2951632 0.25266659
-5.4214158 -10.299781 0.61273396
-5.3141165 -10.059681 2.1930621
-5.339529 -9.991437 2.592181
-3.2243316 -2.1242385 0.51437283
-5.307848 -9.9689732 2.1788292
8.3188915 1.5205314 -0.8206982
-2.0151021 1.9960936 -0.13000251
-4.9241118 -9.1810112 3.1573639
-5.3268805 -10.003247 1.7865447
-2.2425218 -3.743484 -0.32466707
-5.3086576 -9.8551188 2.1616523
-4.9973121 5.2895589 1.6315469
-5.4702787 -8.2752247 3.0109437
-4.7286563 7.2255392 1.2737254
18.764118 -1.7731261 -0.10073448
-4.9013581 -6.5156617 -0.043321855
-5.3594937 -9.8621025 1.7716388
2.7833536 6.3172631 -0.64076096
-5.3838372 -9.9122009 0.60249728
8.3072596 0.92840457 -0.80277067
16.268269 4.6069918 -0.72339201
2.2915094 -9.5903893 1.2414759
-4.9742661 -9.032115 3.1266966
-5.2024822 -4.9819169 1.9764959
-5.3986583 -11.042799 2.3495336
-2.5768425 -1.2759559 -0.38301665
-5.3472004 -9.8526802 2.5673976
-5.3080082 -9.8125505 1.7626196
2.6874313 3.3671134 0.3229838
-5.3757939 -9.6613503 0.21777682
-1.2544992 -11.489182 2.6545446
-5.2878819 -9.437665 2.0971477
1.5937794 4.6652069 -0.025382522
-0.42768839 10.96837 -0.39716989
-2.6314161 5.5280223 0.13956542
-2.5765195 -4.349402 0.60121059
-2.3097568 1.8815322 -0.45701915
-5.2875857 -8.0969534 2.589896
-5.4448113 -9.9674835 3.0038221
-3.5118659 -2.0460625 -0.27540159
2.2743576 -10.259384 2.4397254
-2.7523792 -6.8874226 0.24366295
-3.6652646 -6.3605413 0.49288231
29.572456 -1.5111765 -1.3846583
-5.1533513 -3.2573051 1.6951966
-2.0157783 -3.0689764 -0.34945467
-5.3384657 -9.4133501 2.0974836
-5.3180404 -9.2504807 2.0715213
31.962584 5.8983583 -1.6225977
-4.983037 -8.6281376 -0.11858212
18.220879 -41.041611 1.4031388
-5.3285799 -9.2376432 2.8343575
-4.6744342 8.3795681 1.0452141
-1.7739534 -2.6490562 -0.3689543
-0.79641449 -5.8774195 0.045553841
-5.3871222 -9.3669624 0.58881849
0.98882663 11.990443 0.36984894
-1.5915135 -2.2598398 -0.36952063
-1.7097801 0.50616539 0.69554681
-5.0475922 -8.488224 -0.11496149
-5.196094 -8.7981758 3.098274
-5.3292193 -9.0981798 2.4283211
-5.3082738 -9.0267754 2.0374255
4.319263 9.9948254 -0.40663189
-1.5908475 -2.1187887 -0.33854532
-5.1491294 -3.8183832 2.0045547
-4.4499335 -6.490294 -0.030771188
2.139559 -7.9392591 2.5780463
-2.805789 -4.4524603 0.4347955
-1.8414319 12.135838 1.6706207
-4.2120695 -6.8277249 0.23856619
-5.2426448 -8.8126869 2.7341537
-5.2767167 -8.9030571 2.3879304
-6.3945918 3.4161582 1.8935629
-5.3869491 -9.0592604 0.94559407
-5.2708101 -8.7813635 0.22302116
-3.7969072 -6.0308647 -0.2413862
34.332603 -14.429866 0.94230419
-5.1754994 -3.8959179 1.3395131
-2.3429847 1.6253676 -0.31988555
-2.9524825 -4.595634 -0.29734856
-5.3159213 -8.6830339 2.3524113
-5.3450766 -8.6574183 0.22328649
-5.0725436 -8.044075 -0.099752173
-2.4701073 1.7277725 0.18026756
-5.321919 -8.5730124 3.060914
-1.8670726 5.0107217 -0.39443079
-5.3096604 -8.578886 2.3331802
-5.2998929 -8.5636473 1.9683347
-4.7949429 7.1686091 2.4949746
-5.3697114 -8.6116514 0.5697844
19.805925 -53.806362 1.7376262
-4.3519211 -2.3118811 0.086114131
-5.3662896 -8.4555893 0.91166872
-5.0600142 -6.1857467 -0.037095454
32.99437 3.3435369 0.69728518
-0.76770508 -5.8620691 1.2808299
-5.3582416 -8.5312109 0.56764972
0.025394952 12.021369 1.638327
-3.1685627 8.4738617 -0.56670499
-3.0482633 -4.5271025 -0.29655755
-2.3459501 -0.66950941 0.25817534
-4.366539 -6.8446898 0.23768371
-2.9133165 -2.4237556 0.016492955
-1.6505481 -2.2215698 -0.24355645
-5.0755396 -7.9725318 -0.097299226
-5.2935128 -8.2540026 2.6231802
-5.1306505 -7.8919616 -0.095796198
-1.8483398 5.0556488 -0.39953136
-4.5233669 -2.1785672 0.4124276
-5.2983222 -8.027916 2.2345641
35.746662 13.153571 -2.0066271
-5.2905083 -7.9890938 2.5680127
0.59630662 12.032941 0.79339921
-3.4297569 -4.9021063 0.2524434
-5.2482681 -7.6525593 2.4936061
-3.5276382 -1.7043735 -0.12392662
11.885331 -11.17457 -0.51012754
18.450701 -13.85755 0.75683337
-1.7543935 -4.498827 -0.067178816
-5.283155 -7.8345461 2.1991086
-5.2907448 -7.8984542 1.5379472
-4.7013655 8.4734564 2.0765908
-3.9359319 -1.527042 0.80688363
18.536572 -7.0674205 2.0364146
-3.3842881 -4.8400249 0.65272123
-5.1964226 -7.5483913 2.7985876
18.382729 -7.4714265 0.63773763
-3.0472686 -4.360455 0.43556654
-5.5298886 -8.1931295 3.0003169
2.4308028 -2.2735875 -0.37269005
19.011515 -4.0904379 -0.088592321
-3.1418722 -4.4411726 -0.29430029
-3.2695134 -10.348279 0.96975422
-5.2569723 -6.0378976 1.6097287
-5.2407598 -7.6656976 2.1650729
3.5815451 -9.9359446 -0.18117851
-1.6696709 -2.1718407 -0.17542151
-5.2486935 -7.4288564 1.7999727
16.60751 -40.970688 2.9524689
-5.2570949 -7.0888624 2.3811092
-2.485678 5.4229059 0.14281031
-1.641798 0.18832909 0.41136092
-5.240129 -7.0403891 2.0577013
-3.0072677 1.6793836 0.17715333
2.319062 -11.366183 2.6628516
-4.9276013 -6.5091634 -0.043816391
29.536333 -1.3217055 -1.3840752
-5.1517329 -3.0587289 1.6679368
2.5615373 11.899585 -0.056009907
-5.2533145 -6.8523555 2.3337219
-5.2285061 -6.6386194 2.5942593
-3.6580229 -4.5098166 0.055937525
18.555073 -13.459801 -0.052279521
-4.4527798 -5.4838729 -0.2367585
11.100272 9.2296791 -1.1279669
1.9134794 3.3034189 -0.51576012
1.3127131 -2.5981812 -0.37820432
-5.2260156 -6.4642081 2.2539752
1.6101323 9.514019 2.7677088
-5.1879101 -6.4151011 1.6532286
-36.02079 3.5313673 10.007773
2.328197 -5.2720413 1.2607061
-4.1057348 -5.0252671 -0.19227481
2.6398311 3.7184346 0.81763417
-3.7255015 3.4549849 -0.49987605
-5.1781917 -6.319675 2.5145547
-44.424728 2.3641765 7.4338226
-3.1475561 -2.4146607 0.0023106171
-5.2004457 -6.3674712 1.9406224
-3.3044479 -3.9240329 0.25748414
2.2379966 -9.5010576 0.20676601
-5.2392764 -6.2851882 1.6408999
-1.0221528 -2.514292 -0.37004992
-5.0581603 -6.0515332 -0.032833811
-3.3917162 -3.9072483 0.25691491
0.97652179 -4.991569 -0.28570393
-2.3357019 -0.5999043 -0.10649572
2.5732026 11.810482 -0.053646743
7.3136029 -2.2360744 -0.67735183
-5.2402263 -6.2425628 1.9251754
-3.2370412 -2.4965694 -0.14128777
-5.2647381 -6.2906752 1.0729644
1.9042057 1.8493801 -0.490484
-4.7044983 4.1557546 0.79416925
-4.5576415 -5.4122119 -0.23778871
0.23560819 12.015032 -0.044652957
-5.2645259 -6.2642713 1.3558538
-4.6473184 -5.3078132 -0.23637199
7.4410682 4.5605731 -0.87822711
-2.8770459 -9.4752569 0.22595167
-0.79190105 -11.452781 3.4773042
-3.6218622 -2.0290935 0.52950555
22.966431 -43.907219 3.2374258
-5.0761719 -5.9689717 -0.030788248
-5.2353487 -6.0296226 1.8901328
16.375341 9.1705618 -0.20142119
2.5278094 3.165005 0.76273805
5.0798697 -2.2106037 -0.40885752
-5.2762694 -6.060812 1.3353637
-4.5272884 11.970174 1.2892344
-5.2375031 -5.9748836 2.1622915
1.3688897 12.002283 1.6440297
2.5049267 -1.6164453 0.41643479
-4.349081 -4.8598843 0.24637698
-4.5843306 11.847375 2.1768594
-5.2344041 -5.83953 2.136508
2.50208 1.7401078 1.1270032
-4.5411325 11.835043 1.7267699
-41.953979 2.523772 7.0336227
-5.2271757 -5.8490448 1.8602304
-7.9993281 5.5487151 1.7671692
-1.9027104 -1.9581281 -0.26130268
-2.2063529 -2.2067926 -0.14317898
-5.2698374 -5.8622828 1.3141446
-4.7331285 -5.2044649 -0.23500797
2.620369 2.7339184 1.3050025
19.006102 -4.8593836 -0.083720073
-5.2295785 -5.6662889 1.8317151
-4.0976224 -4.4073434 -0.15617096
-4.5296907 -2.1410735 0.2473129
-5.3070483 -8.7593117 1.2785323
-0.61280799 -11.601831 1.4197999
-2.2621653 -2.207237 -0.036799632
-2.1747077 -2.1650684 -0.12816924
-3.9857364 1.8624644 -0.2186638
-4.1386576 -4.3310666 -0.15416725
-2.7511203 -1.8349411 -0.38417009
2.6021733 3.0128863 0.60979354
1.1586039 -11.610351 0.60387933
-1.6749886 -4.6833229 -0.13926607
-5.2363749 -5.4816132 1.5352128
-4.4588656 -4.5857358 -0.18578362
-1.4879379 3.6937406 -0.494748
-2.7534266 -2.5790882 -0.23214339
4.7710619 6.5264549 -0.80136812
1.779912 11.564401 2.8626814
-5.2170143 -5.0936632 2.2604952
-4.7656126 8.3604021 1.0480112
3.524632 -10.023093 0.19132642
-2.7585764 -2.5602388 -0.23074986
2.4170604 2.5173502 0.75025761
-5.9810619 -5.2606778 1.8762889
-2.2052312 -1.7904786 -0.37801397
-1.8686684 1.985333 -0.26807103
-2.4050274 -1.953817 -0.33952826
32.879795 2.9643648 0.69905412
-2.3119226 -1.8679237 0.3666808
-4.4481287 -4.534493 -0.18240981
-2.6952631 -2.216217 0.15333362
-5.1305075 -4.3804374 2.1033869
-2.9981403 -2.4204607 -0.37587628
38.506207 8.5485401 -2.0422101
-3.4624393 -1.673695 -0.37425053
-2.8310299 -2.2516596 0.22576106
26.952353 31.888773 -2.3547626
14.959754 30.798702 -1.8970513
-4.5926466 -9.5090399 3.2001565
-5.9682436 -5.0519199 1.8449829
2.3567877 -4.0362906 1.4259108
-2.944648 -2.3907485 0.016166573
-1.0147961 12.137592 2.5279663
-3.6428542 -10.358194 0.97752291
-5.907979 -5.0478654 1.5605079
12.595289 5.1278248 -1.0213776
-5.0907106 -4.2356634 2.0679801
-2.7599249 2.7987685 0.50050062
2.1365764 -7.0399594 2.3388166
-3.1861401 -2.4830036 0.79617518
-3.2072861 -2.6010768 -0.14586005
-1.2137016 -6.6664991 0.94758427
-5.90343 -4.948875 1.5485411
-3.1980426 -2.5206637 0.39530599
2.2612202 -8.9039001 0.21072964
-2.0157428 -11.444049 3.5124872
-5.2304621 -6.8424406 2.0231755
-5.9512773 -4.8473778 1.8141816
4.0874062 -0.010098147 -0.56491774
-5.0161314 -4.045763 -0.19156887
-41.065685 4.6702266 9.8747778
-3.2972515 -2.5746832 0.39810774
-3.2649131 -2.49089 0.24007337
3.9221907 1.1225725 -0.57330638
-6.4346747 6.9363251 1.7092537
13.252256 -26.720428 -0.017817969
-3.3279145 -2.5731776 0.39859062
16.523989 12.460427 -0.26957083
-3.3017437 -2.536638 -0.28973153
-2.20437 12.112947 0.81399697
-3.3516397 -2.5370016 -0.29567096
-40.396557 2.6934388 11.183384
-5.1661534 -3.8945317 1.1160206
-0.26707295 -5.778564 1.0565203
-2.7005925 -1.9317715 -0.38758716
-5.1546898 -3.8442159 1.781119
-3.6244428 -2.6251667 -0.33624849
-2.9944305 -2.0856915 0.49145803
-0.59745657 -11.527467 3.0692513
-5.1286292 -3.6439252 1.9698989
-5.2068024 -3.7652206 0.88841677
3.6435986 -1.123576 -0.49535257
-2.4516587 -1.4770248 -0.38065779
-36.698952 3.9314675 8.8450413
-5.1948547 -3.5272322 0.24106765
1.3482124 -8.7318754 0.5260464
-5.1412244 -3.4523304 1.8292406
-1.4509891 -0.26696131 0.36484355
-5.1116567 -3.4645076 1.9358522
-2.9288251 11.677488 2.9348452
-2.4923799 -1.5656968 0.082147524
17.404364 -41.111214 1.4024872
-5.3855829 -9.8801136 0.99153
-4.1148658 -2.7125032 0.74266839
-4.6124697 9.6455002 0.023793492
-2.1615076 2.8756518 0.4491289
-3.7956233 -2.4488811 0.10652844
-4.204051 -2.6283085 0.74444962
-4.7548723 7.9601774 2.3275893
-5.1116505 -3.2959037 1.9082816
21.003681 -25.712219 1.0387968
9.794714 -11.987769 -0.44836622
-2.6652966 -1.6456596 -0.24095421
-2.8562036 1.6777096 0.017620118
-4.5935421 -2.8739963 -0.29363632
-3.4757903 7.278306 0.090350948
34.438179 -15.836642 0.9674322
-5.1244793 -3.2472413 1.9034026
-4.9474745 -3.1891961 0.046071365
-3.5288694 -1.8635967 -0.0018546458
-4.1047101 -2.6061378 0.25279215
-5.8252106 -2.7650697 1.3212372
16.488871 10.65305 -0.23220778
16.24313 -4.2972913 -0.028740436
-5.1709757 -3.2470381 1.4851899
-4.1922145 8.0638714 -0.5596242
0.18701328 -11.457582 3.4736073
-4.9416819 -3.1531484 0.047002822
-4.0944881 -2.4697611 0.25284466
-5.049243 -0.064131774 1.410094
-3.83671 -2.3600492 -0.34103957
-0.73412049 -9.1634445 -0.094356678
-4.1363392 -2.5418334 0.091072217
-5.1370311 -2.6394868 1.2114048
-0.85738558 10.959378 -0.39574215
-3.2775238 -1.9254866 -0.36551383
-4.8953524 -2.917618 0.05324953
1.3402641 -9.0152006 0.53366661
1.1585807 -11.542372 2.6643159
-5.1272531 -3.0756383 1.8771738
-3.4772046 -2.0554945 0.52353501
-4.5411243 -1.9127781 -0.078862183
-4.9040637 -2.9920599 0.051558156
-3.3348296 1.5799987 0.46729785
11.901447 -1.6806167 -0.81105578
-5.1707945 -3.1604617 1.0564743
13.177249 -26.780619 -0.017272651
-5.0360408 -8.8028517 3.0780635
-2.6643519 -1.5458729 -0.1279169
-4.6195116 9.3465366 0.74979401
17.748278 -41.098328 1.4031559
-4.3532052 -2.5717552 0.75264889
-0.81703848 11.968118 3.3624332
-4.6686764 -2.7379119 -0.29345131
-5.1259165 -2.8741002 1.8465872
-4.1668944 -2.3076596 -0.062887549
2.9010282 9.8534756 0.35542634
1.1418039 -10.904147 0.20445254
-5.1620646 -2.8552425 1.439351
-4.7865553 4.9299841 1.7952476
-2.9990466 -1.4726582 -0.39105579
7.8781271 12.221924 -1.1505525
3.0175354 10.011582 0.72515458
-5.1678963 -2.798708 1.0294446
-4.6796365 8.9274263 0.042431928
19.331041 -18.840681 1.8238902
-4.39502 -2.2908921 0.24920569
-3.5661454 -1.8144627 0.12715419
19.322538 -20.853895 0.91505712
-3.7163694 -1.9235698 -0.29388008
-5.1858459 -2.6466153 0.82257742
-5.0771079 -2.637666 0.62281322
-3.7547684 -1.8944391 -0.2971628
-5.182579 -2.6153436 0.62727821
-3.5133362 -1.7343421 0.0034173201
-5.1128545 -2.6047735 1.4043499
5.4645743 -2.2546048 -0.45573664
18.229948 -7.230401 1.3279065
-3.6063616 -1.6601568 0.13453135
8.306694 1.9232147 -0.83311874
-5.5989447 3.4032836 1.7313266
-4.0525684 -1.9943255 -0.34407681
-2.1283503 1.9455976 -0.14211136
-4.0302978 -0.40931743 0.24520278
5.168263 -4.2632351 -0.52570492
-4.533433 -2.2108662 0.24741648
3.0201907 11.138157 1.9959919
-0.51656234 9.870224 0.018436214
-5.1448898 -2.5033267 1.5973548
-4.0939441 -1.9164168 -0.3449747
13.610843 -26.691017 -0.021938162
-3.5844276 -10.364809 0.97676027
-3.7885065 -1.6143643 0.38849309
1.1378896 9.5914736 2.4134316
-3.811214 -1.8154197 -0.15888043
2.3989508 1.3917133 1.0605133
-4.268528 -2.0253873 0.56134939
8.0846224 -0.43026003 -0.75555837
-5.1197076 -1.5376614 1.4966818
-5.2713628 -8.6735878 3.0782263
-4.52706 -2.0821691 0.4107891
-5.8183999 -2.7713139 1.5457861
2.131479 -4.6082683 -0.30020574
-1.6293898 -4.8286061 -0.24304867
-5.8487377 -2.7742066 1.7762258
-5.8272662 -2.6552029 1.9854765
-5.2219915 -5.4581823 2.0644555
-5.8453689 -2.6538804 1.7621714
19.010195 -4.6618457 -0.084980473
-5.8196421 -2.665127 1.31248
-1.7814187 4.9178948 0.15798369
-3.9504495 -0.98425001 -0.28142837
-4.6458683 -2.0713892 0.58197945
32.167591 5.9110007 0.66645634
-3.9772551 -1.7321683 -0.031233193
19.555889 -21.618488 1.9631611
-0.022503557 -5.142179 -0.28094143
-3.7914133 -1.6084076 0.58144188
-3.6716053 -1.4979544 0.12668285
2.6607225 5.5773997 0.76945251
1.5745271 11.493464 2.4228337
-5.8282609 -2.4538178 1.9611079
-5.8220611 -2.5363512 1.5243028
12.04048 -1.2719731 -0.82363445
-5.2411604 -5.3300567 1.7812164
-5.8342619 -2.4467506 1.7377353
-5.1131663 -0.6187849 1.2640291
18.290571 -3.7576494 1.2439654
-4.4903789 -1.8687612 -0.23389041
-3.8216646 -1.4905658 0.57689178
-5.2837234 -6.6206107 1.100086
-4.9026179 -2.0215816 -0.10927163
0.71874988 11.709839 -0.45048925
1.3748361 -7.2295756 -0.028863695
-5.1682024 -2.5068846 1.2047446
-3.1321065 -1.1999422 -0.39408225
-5.8300114 -2.3083465 1.7227875
0.020691037 5.1462522 -0.57364804
-2.1965444 -0.64976126 0.061399184
-2.6491652 -0.90303904 -0.36246449
2.6605198 9.1075411 -0.64878607
-5.8129148 -2.1289215 1.9205956
38.437714 5.9523525 -1.986508
-0.41320133 -11.532554 3.0688231
-4.8951516 -1.91055 -0.12532595
-5.7964182 -2.0544183 1.4787956
-4.9173841 3.8309922 1.6546669
-1.409272 -11.388336 2.6373956
-2.3685973 -0.80575681 -0.20330611
-2.3068278 4.392345 -0.2506015
-4.2624302 -1.4678541 -0.34546262
2.7857919 9.0982647 -0.31751814
-2.365272 -0.63327283 0.59212685
-2.3072102 -0.70697749 -0.26177874
-1.693908 -3.9635494 -0.32104865
-5.7961369 -1.906113 1.4674448
-2.3523467 -0.64820135 -0.21037491
-3.6671329 -1.0864903 -0.37256902
-0.034361899 10.908191 -0.3949331
0.38325843 -9.6579027 -0.12023707
-4.3039055 -1.3210826 -0.34543717
-5.109911 -1.5682039 1.496956
-2.4128702 -0.61742228 0.795232
-3.4145036 -11.457428 1.87632
1.8701655 -11.458208 2.6655087
-2.2700131 -6.3403955 0.24822086
-2.7384257 -0.77655178 -0.37508422
1.5480084 -7.4466162 0.22690882
7.3822303 -12.247418 -0.37238914
-4.8499036 -1.3504575 -0.25755891
0.55828881 12.073185 2.9447188
27.633835 -7.5001092 -1.2636483
-4.3927989 -1.1436708 -0.35234457
-2.4003737 12.11751 -0.040596548
4.2578626 -2.503216 -0.5103336
-0.92949033 -5.9094272 0.66386062
-2.2818372 -0.47908852 0.12690568
2.4445078 1.8792151 -0.2532939
-2.275069 -0.56376612 0.34171653
4.0083895 10.171896 -0.79377323
-2.5014119 12.132353 -0.040939979
-2.2951884 -0.45717362 0.024727087
-2.3437076 -0.56419116 0.49173424
-2.3762214 -0.5094713 0.21359737
-3.2618117 -2.6268008 0.26146784
-2.4293528 -0.5187394 0.81548029
-2.3793387 -0.4375701 -0.23629829
-5.2644744 -7.4494848 1.4853942
-1.5975938 -0.31042796 0.51323467
-2.642416 -0.4952088 0.21463978
17.835114 -35.866268 1.269852
-5.0832348 -1.0048561 1.6325698
31.864799 2.7946758 -1.5633218
33.727173 29.627333 -2.5251789
-2.3346586 -0.4153924 -0.023646215
-5.1306448 -2.6480443 1.4119688
-3.1488407 -0.59552956 0.87783867
-2.4045298 -4.8004494 -0.28892806
-5.1357913 -0.98486161 1.2838136
-3.0334704 -0.56386948 0.7520768
1.9468799 -9.3751822 0.88007176
-4.6144552 -11.40358 1.9200578
16.226017 -4.2964401 -0.62548518
-1.7801387 -0.23765199 0.32713708
2.5043769 -1.6166265 0.24312641
-5.0907793 -0.96002638 1.2738382
20.037468 -0.044614002 -0.13538922
32.713593 -0.045236859 0.74516481
32.734394 0.13954081 -0.40101436
33.251968 0.32842588 0.7491219
16.257288 0.17268297 -0.058935445
33.225765 0.43335485 0.74777037
29.84676 0.41082826 -1.4001857
12.418956 0.12675123 -0.86416996
32.686058 0.7431646 -0.40594724
32.628242 0.8567071 -0.40588501
29.930342 0.7282896 -1.4082363
32.653534 1.0183282 -0.40804428
29.96711 0.92981011 -1.4125248
32.638351 1.173053 -0.40930489
30.070965 1.1715264 -1.4210988
6.0043545 0.15392087 -0.72247219
33.128109 1.4233391 0.73738176
33.073402 1.6338186 0.73476416
12.522733 0.56865764 -0.87895501
4.1295319 0.15321545 -0.579575
33.104076 1.9476622 0.73246729
32.556297 1.9450505 -0.41566324
30.406462 1.8123745 -1.4476691
33.093651 2.1573794 0.73052943
32.538349 2.1508529 -0.41749448
30.426783 2.1523993 -1.4532372
6.0259705 0.3625221 -0.7294063
8.2705698 0.56321263 -0.79070961
6.0315318 0.47187141 -0.73250747
33.037643 2.8374176 0.72408974
12.62848 1.101193 -0.89674437
33.009182 3.04562 0.72200841
33.007977 3.1919172 0.72082067
32.994083 3.4074173 0.71892232
16.166729 1.7467489 -0.65285826
32.978828 3.622858 0.71702856
32.39156 3.5885205 -0.43048909
32.961021 3.8263664 0.71521449
32.955063 3.9843359 0.71392894
32.568867 3.9631171 -1.599084
33.715374 4.2101541 -1.6667118
32.908577 4.1373396 0.7121343
32.911469 4.4084263 0.71016085
3.0572507 0.35942987 -0.49223444
8.323864 1.1660038 -0.81075168
37.73518 5.6822133 -1.9142761
4.132123 0.55599791 -0.59056479
32.89045 4.983942 0.70571995
38.516823 5.9863796 -1.9628648
32.878212 5.1952014 0.7040689
3.0457542 0.50039661 -0.49517021
32.149174 5.807653 0.68990999
16.206846 3.2062035 -0.092505656
6.0618067 1.1499584 -0.75789422
32.726395 0.45615095 -0.40393782
4.1016893 0.75476652 -0.59240329
38.564835 7.7554526 -1.9988711
6.0554113 1.2622166 -0.76130098
3.0230813 0.5975669 -0.49467564
38.527107 8.1253195 -2.0042884
51.844822 11.3485 -0.92745602
38.527058 8.3765764 -2.0094731
46.158501 10.730353 -0.80340666
6.0473022 1.3634284 -0.76433569
37.784473 8.9769354 -1.981701
6.0375452 1.4966742 -0.76878202
12.824369 3.1658411 -0.96365225
38.523369 9.7791901 -2.0396967
37.500729 9.847806 -1.9857726
37.447567 10.087456 -1.9884413
38.552551 10.514119 -2.0581965
2.9747038 0.75783622 -0.4929283
20.730917 5.7846403 4.3916993
16.335413 4.633081 -0.11467201
32.872036 5.4076872 0.70251507
37.49873 10.996611 -2.0129068
32.888119 5.5707984 0.70162255
37.51178 11.1293 -2.016861
12.79934 3.751549 -0.98030829
6.0052762 1.7618397 -0.77698457
38.440567 11.996816 -2.0883377
12.779585 3.968245 -0.98609048
38.401237 12.180943 -2.0909116
3.8521903 1.2785649 -0.57352358
38.364601 12.36986 -2.0938036
38.343933 12.571616 -2.0979235
5.9711289 1.9541082 -0.78230292
20.535208 7.05897 2.8416495
48.917496 16.595228 -0.94374079
37.300163 13.012397 -2.0541134
53.957165 19.368 -1.086307
36.536331 13.137436 -2.0170946
36.156742 13.131001 -1.9968736
12.675809 4.5654397 -0.99929708
36.218399 13.282941 -2.004329
3.7808471 1.3755389 -0.56697983
5.9235015 2.1540408 -0.7869736
16.375412 6.1732755 -0.13872975
52.573013 19.804083 -1.0658989
12.648244 4.7614512 -1.0046827
52.394276 20.315701 -1.0705408
33.981956 13.204475 -1.884593
33.37746 13.092793 -1.8497427
8.0659628 3.1412826 -0.85843879
33.215298 13.150925 -1.8429457
6.026402 1.5974635 -0.77186894
2.5026751 0.98432267 0.99815589
5.8634768 2.3514116 -0.79057831
32.770302 13.336823 -1.8251677
32.014072 13.26123 -1.7836043
31.737051 13.265018 -1.7693368
12.563158 5.2856188 -1.0193009
31.050549 13.095688 -1.7286676
7.9848232 3.364033 -0.86111718
53.339413 23.026676 -1.1331751
30.141317 13.053271 -1.6803596
3.6210408 1.6271789 -0.55729926
53.101952 23.322929 -1.1335297
30.097612 13.204343 -1.6827356
29.719168 13.320713 -1.6668675
29.48126 13.327019 -1.6548551
29.361849 13.385428 -1.6505666
52.824219 24.201748 -1.1430007
16.343853 7.6248603 -0.80279285
52.657379 24.528486 -1.1453707
16.351461 7.6916766 -0.80530638
2.5122554 1.1845151 0.91821146
16.350969 7.7566886 -0.16434543
7.8512359 3.718461 -0.8664344
52.818588 25.009657 -1.1566956
27.574326 13.322091 -1.5574205
7.8150454 3.8254807 -0.86889684
27.356966 13.324836 -1.5464921
3.4380753 1.8605682 -0.54576755
2.6334245 1.4533796 -0.47967237
2.2942266 1.1577595 -0.47776377
46.885929 24.040997 -1.0273057
2.2412245 1.2685629 -0.47866869
46.356358 24.130856 -1.0189372
26.294556 13.795217 -1.5087254
45.885353 24.266144 -1.0125136
5.5615759 2.9803605 -0.79292762
2.4851801 1.4630754 1.0837611
12.209706 6.5981717 -1.051912
38.562057 6.1807284 -1.9688277
7.6663427 4.140995 -0.87249583
24.415653 13.468347 -1.4040577
16.434832 9.1789293 -0.19105197
33.205853 0.58789355 0.74605131
16.388729 9.1520414 -0.85616088
24.051035 13.468246 -1.3860567
12.140033 6.7622557 -1.0547367
32.476772 2.7673397 -0.42295647
5.4906492 3.1297698 -0.79531789
23.739601 13.493469 -1.371628
23.556545 13.53308 -1.3640628
12.058736 6.9443932 -1.057773
12.019458 7.0485635 -1.0601865
5.1209292 3.0933952 -0.73986512
3.3445442 1.9643199 -0.53991944
2.5874758 1.5557091 -0.48234367
2.454973 1.5437694 0.86193687
3.2382996 2.0739863 -0.53316385
11.946577 7.3163261 -1.0689548
2.1880567 1.3655707 -0.47938448
4.9383616 3.1084197 -0.71572226
7.3943453 4.6798329 -0.88051057
25.536213 16.031137 -1.5516998
2.3993325 1.5852075 0.93739706
27.955933 17.659004 -1.7288646
2.6736534 1.8652363 0.55752516
2.5970974 1.8503591 0.31599522
2.5050924 1.7939171 1.0103331
2.4881861 1.7653244 -0.43783888
2.507462 1.7708528 0.71670061
2.394093 1.76264 0.87828034
36.319824 26.223227 -2.4567347
6.0614991 0.75437504 -0.74452877
11.580539 8.368515 -1.101642
2.4780469 1.8946062 -0.092949614
2.4444008 1.8969026 -0.25965515
2.0748458 1.5439664 -0.47998503
8.2139835 0.13234389 -0.77718151
16.479601 12.393003 -0.98451316
11.443652 8.661005 -1.1093777
4.2767262 3.3060143 -0.64546323
2.4033363 1.9409256 0.89183229
35.326107 26.968752 -2.44203
11.381984 8.7578526 -1.1108887
2.5195088 1.9641315 1.0093801
6.9293628 5.3510942 -0.88461691
6.8465595 5.4651947 -0.8858034
11.285518 8.9148731 -1.1137484
4.1258535 3.3461242 -0.63006824
2.3987319 1.9980378 -0.50519967
11.216115 9.0321045 -1.1161977
34.663494 27.776575 -2.4463525
2.8497031 2.4632399 -0.51657325
6.7699671 5.564661 -0.8866818
34.349945 28.244825 -2.4525533
11.134381 9.1726589 -1.1194026
6.6666727 5.6802678 -0.8865183
34.072224 28.744833 -2.4620728
33.97953 29.025043 -2.470299
33.894375 29.148163 -2.4720194
2.7724605 2.5040915 -0.51009053
2.391489 2.1703346 0.79228133
33.863098 29.307358 -2.4776819
33.797176 29.437273 -2.480582
1.9677949 1.7612932 -0.49305019
33.727013 29.563786 -2.4831719
33.712715 29.73947 -2.490365
6.4668484 5.8797679 -0.88499331
33.035862 29.518566 -2.4516087
2.5399213 2.3570473 1.1398658
2.3056877 2.1446035 -0.51076758
30.708857 29.418503 -2.3493693
2.5639441 2.5690174 0.50952649
2.52914 2.5850201 0.98395926
30.305832 29.485579 -2.3358624
30.068285 29.544146 -2.3288455
2.6196711 2.795249 -0.52833736
2.4538035 2.6022017 0.7083894
1.7967546 1.9672419 -0.4962728
29.650103 29.691545 -2.3187072
32.45118 2.9722705 -0.42471203
10.340256 10.348073 -1.1448078
6.1378608 6.2019382 -0.88428599
2.6659179 3.0364685 0.31820771
28.48665 30.187698 -2.2956882
28.330231 30.308254 -2.2953217
28.149477 30.402605 -2.2927814
9.9322767 10.763846 -1.1485004
2.0152929 2.4323175 -0.50978595
27.886892 30.594767 -2.2918608
27.692217 30.769184 -2.2928224
2.6114669 3.1578825 0.61428744
27.325542 31.138052 -2.296855
45.839748 24.427376 -1.0145473
2.4319386 3.0325193 1.0289776
2.4206319 3.0643172 1.0318894
2.4302557 3.0842373 0.88875365
27.152761 31.531797 -2.3097644
9.5082788 11.121556 -1.1488318
5.5394907 6.598361 -0.87096661
26.971054 31.830065 -2.3177667
9.3807592 11.226342 -1.1490637
2.625221 3.3328438 0.62474614
26.794659 32.234421 -2.3314276
2.3381155 3.0268764 -0.52520305
26.7379 32.372925 -2.3362875
26.690081 32.522923 -2.342077
2.5831509 3.3992972 0.74309403
26.507721 33.142487 -2.3667705
9.0521173 11.483915 -1.1494625
26.465824 33.304283 -2.3734839
1.929486 2.5408382 -0.51626378
2.4984519 3.4045262 0.93118817
2.496743 3.3778043 1.240473
4.8566079 6.5320501 -0.80845845
2.7365935 3.8073709 0.1541363
26.345886 34.231667 -2.4166451
2.6975367 3.7558265 0.68995404
26.329594 34.433601 -2.4264624
2.5532668 3.6379402 1.4603527
26.330513 34.659527 -2.4381468
2.1960239 3.1398666 -0.52543038
2.5582743 3.6866391 0.96919531
2.4741447 3.5653074 1.1088923
32.516621 2.356324 -0.41926682
17.412388 23.460913 -1.5461886
3.3541796 3.738178 -0.58152658
2.7509608 3.964324 0.15021685
2.4750683 3.5809913 1.2722056
27.571154 38.217167 -2.6662567
2.5269353 3.7797596 1.1461499
27.450848 38.30442 -2.6667354
27.400145 38.488567 -2.6746941
2.7318084 4.1631799 0.86013591
2.6332042 4.0961356 1.2047123
12.71622 1.9542454 -0.92173976
2.6836088 4.1810355 1.1305784
17.554478 25.538897 -1.6601042
2.7314358 4.3474193 0.87682831
7.9383917 12.18971 -1.1446922
34.954449 27.390854 -2.4429903
2.7394729 4.5356841 0.70239741
1.8439741 3.1832907 -0.21650475
7.7810369 12.284903 -1.1444662
2.7148767 4.5823107 1.2869461
1.788131 3.1620312 -0.27693903
2.6990471 4.6844335 1.3010542
2.6782444 4.6867571 1.4971309
2.6600235 4.6931133 1.6978556
16.69141 27.377413 -1.7314658
16.641817 27.490065 -1.7360989
5.749969 9.7643261 2.3939764
1.4921831 2.7602568 -0.49766272
2.2489135 4.3116841 -0.55056489
16.586859 29.436848 -1.8418268
16.518858 29.533028 -1.8451898
9.7199059 10.94452 -1.1485511
16.47002 29.663847 -1.8510567
1.6680986 3.4602795 -0.5223006
2.7080481 5.5070572 -0.10599667
27.048227 31.717876 -2.3150702
2.7260001 5.5701575 0.55008316
2.1540678 4.4103308 -0.55755854
5.3708148 3.1556754 -0.78055519
2.7172716 5.5782056 0.76945007
2.6921291 3.9535522 0.86320198
2.0589628 4.4552407 -0.556858
1.2557424 2.8641989 -0.49136049
1.0215836 2.4377897 -0.47458339
2.6971257 5.6129241 1.4482899
2.6284828 5.5909529 1.6639456
2.1573589 4.606111 -0.039896645
8.5492325 11.812852 -1.1468549
1.6319703 3.6303189 -0.11223837
2.6346774 5.6398535 1.2187605
2.6140771 5.5865512 1.8910501
1.6323985 3.6860869 -0.11714986
1.584172 3.6338868 0.030812735
1.6428062 3.7811787 -0.12596846
14.681266 30.85281 -1.8690317
1.6594782 3.9780471 -0.14409497
16.589079 27.598404 -1.7404169
20.69459 45.054123 -1.0934989
1.9349419 4.5315485 -0.55930907
21.328341 47.022675 0.645504
2.4282169 3.3084342 1.0667689
20.306412 45.122665 -1.0912213
1.6166046 4.1066341 -0.153842
3.3668268 7.9805961 2.5287619
19.754013 45.200958 -1.0875696
30.252966 1.5628363 -1.4359652
21.513453 49.460991 0.66050816
19.504793 45.234024 -1.0858992
4.2434282 10.342487 -0.42309365
19.257673 45.248707 -1.0837917
18.931917 45.273804 -1.0811942
4.1202588 10.105702 -0.7902841
18.578661 45.078316 0.62348777
26.432499 33.47784 -2.3811281
18.604694 45.291981 -1.0784369
12.955783 31.597334 -1.8694531
18.431423 45.101658 0.62310934
1.1324655 2.9240952 -0.49136302
1.7352905 4.5773211 -0.55254823
18.134043 45.339481 -1.0750889
18.120707 45.355869 0.62358499
3.4955924 9.2403326 2.4738355
3.1272137 8.1907711 2.5535302
3.0521886 0.15482402 -0.48521882
7.7514524 3.9646747 -0.87052494
17.859465 45.32362 0.62251282
49.564873 24.235102 -1.0813751
1.5926267 4.6160316 -0.026272666
3.8789647 3.476788 -0.61302859
2.3533962 6.4354358 -0.6342479
2.7481325 7.6775298 2.394697
3.7797418 10.276774 -0.79339111
17.034525 45.476025 -1.0682321
14.552789 30.95886 -1.871781
16.872139 45.478683 -1.0667953
3.3276377 9.4143782 2.4958196
2.6878471 8.0007982 2.4667399
3.1392486 9.0610991 -0.65986872
1.4605228 4.6717734 -0.55030251
0.92890769 2.9899035 -0.48657319
3.0498686 9.1244831 0.69127959
3.0557561 9.1462059 1.03022
3.0403066 9.1438684 1.374326
3.0437927 9.1590147 1.7205818
3.1795335 9.4195766 2.4854202
2.6923335 8.1641035 2.5065196
3.0050447 9.1459475 1.3731939
2.8689177 8.8312569 2.6831276
1.0662971 3.6688395 -0.51100999
4.2117763 9.320652 1.4446012
2.9399266 9.1495638 1.3711216
2.9562094 9.1636372 2.4157627
2.9447627 9.1677799 1.7168856
2.8014197 8.9034977 2.6949141
4.2098103 9.3487682 1.07986
2.9323068 9.0640469 -0.65332252
2.7354755 8.8466711 2.675622
2.8008492 9.053134 -0.64813888
2.9177008 9.4061623 0.70053923
35.130024 27.172064 -2.4416785
2.9158323 9.4063072 1.0454695
2.9001508 9.5016003 0.7040953
2.8997967 9.5063 1.0523558
2.8985522 9.5083199 1.4077632
2.8896482 9.3888073 1.7451421
2.7534523 9.0818996 2.3842738
3.0145183 9.9566669 1.0879823
2.961606 9.8014412 1.4412751
2.869808 9.5274181 1.7636659
2.8285997 9.4019165 2.1015131
3.0059769 10.043064 1.4686431
2.845794 9.5836515 0.35410708
3.0235252 10.139293 0.73114634
3.0211105 10.138012 1.1013854
3.0139208 10.17625 1.4831635
2.9393239 9.9501572 2.2038355
2.7025568 9.0916662 -0.64872652
2.8282835 9.7913103 0.35542667
2.8179312 9.7644262 0.71351713
3.0297058 10.443995 1.1239837
3.0212421 10.366847 1.5038288
2.2558916 6.4563551 -0.63211274
2.9160581 9.9308186 1.8225584
2.9607868 10.237414 2.2554491
3.0261886 10.542004 0.74729252
2.7659514 9.7116289 1.0642138
8.4518652 11.877131 -1.1466348
2.6719241 9.4382992 0.010559515
2.7225888 9.6792898 1.4200343
2.7159081 9.4120684 2.4509046
2.9475873 10.456461 0.74288774
2.9963038 10.569745 1.5247763
2.675761 9.6405754 1.7709715
2.9427397 10.406037 2.2841258
2.6587193 9.561203 -0.69131076
3.0195742 10.867641 0.36290431
2.9607456 10.692271 1.5367901
2.9853704 10.580278 1.9173087
26.850819 32.095879 -2.3265657
2.6385484 9.6265364 2.1304829
2.6083245 9.6355658 2.1304862
2.565676 9.3030071 -0.32567021
32.232731 5.1764302 -0.44622391
32.195339 5.5399685 -0.44999963
2.6238661 4.4321156 1.6364886
3.0461457 11.167127 1.5907035
2.5689709 9.4547138 2.4503708
3.0664163 11.411713 0.36660472
3.0630531 11.407313 0.78255606
3.0668375 11.4275 1.1971812
3.0159161 11.201039 2.0065894
2.879199 10.732219 2.3383243
4.0527072 0.89339763 -0.58927435
36.130085 26.3284 -2.4522891
0.66302395 3.0700924 -0.48383549
3.0708363 11.576832 1.2082998
3.0462818 11.431079 1.6192058
3.1425552 11.841083 2.5479779
3.0210855 11.554691 2.0570955
2.4786537 9.5328941 2.4613166
3.1341162 12.024944 2.5801404
2.3974929 1.362236 0.97890162
3.0238411 11.777323 0.36898124
2.4436753 3.4141395 1.0836145
3.0539358 11.848446 1.2280546
3.0503526 11.843124 1.6639231
12.763992 2.3591888 -0.93578494
3.0392883 11.862945 2.1017475
2.8399732 9.5028801 0.0074375249
2.3415711 9.2869349 -0.32070863
34.225437 28.506269 -2.4583905
2.9988472 11.87026 1.6653372
2.9730706 11.783717 2.0878587
2.6684079 10.612363 2.7014179
0.5360117 2.557205 -0.45436701
2.9173148 11.888109 2.545332
2.5062387 2.5655053 1.112891
1.115319 4.8827052 -0.56637263
2.9315684 11.908102 0.36972839
2.9367352 11.93511 0.80256552
2.4266989 0.79463822 -0.47328615
2.932435 11.946252 2.5564275
2.8967097 11.917194 -0.057430841
2.1770694 9.269331 -0.65083599
2.770824 11.917027 0.3695792
2.752789 11.954782 2.5497179
2.7343347 11.911298 -0.056067917
2.7354255 11.952514 1.6669142
0.73566759 3.7829783 -0.51337606
2.5762408 11.955301 2.5422008
2.1295862 9.9774952 -0.71688735
2.5364223 11.956513 2.097033
46.622677 24.0616 -1.0227147
2.2255211 11.019948 2.7651405
0.52995998 3.0987976 -0.48203072
2.4137177 12.023685 2.5479171
2.263855 11.657912 -0.46418002
2.346494 11.959924 0.79810447
2.3482735 11.982731 1.6605957
32.460484 3.6432178 -1.5880289
2.3501015 11.999475 2.0973315
1.7709342 9.6311407 2.8053854
2.328146 11.939416 -0.053972125
2.3310225 11.986757 1.2254853
2.2968788 12.026324 2.5439422
0.55774784 3.8316829 -0.5145238
2.1199152 11.992455 1.2228242
2.1221075 12.022909 2.5370462
1.7328064 9.9758711 2.8903394
1.9912908 11.826236 0.3684094
1.9934036 11.863315 1.6397948
1.8706971 3.7260795 -0.28044221
1.6357994 10.082567 2.9126108
12.445771 5.9283004 -1.0384601
1.9219918 11.404434 2.8348517
0.45763057 3.867435 -0.517573
1.7888973 11.486242 2.8473887
1.577661 10.122772 2.9201529
0.7262252 5.0073581 -0.57138014
2.670531 3.8191488 0.82528126
1.8963342 11.936547 0.3691788
1.9167768 11.951933 0.7946763
1.9189273 11.972739 1.2186728
1.8978868 11.969303 1.6497115
16.813969 28.970415 -1.8226993
1.5310228 10.006256 -0.70710063
1.6409634 11.704494 2.88957
1.7278507 11.958797 0.36935231
0.33378604 3.1420069 -0.48186156
1.4406134 10.968323 -0.41124287
1.5336007 11.93884 0.36927506
34.417873 6.0275779 0.7195251
1.538542 11.998659 1.6469086
32.555477 1.738198 -0.41345453
1.5413437 12.027741 2.0808702
1.4074464 11.863981 0.78830057
30.414944 1.9579504 -1.4500155
1.3814906 11.441551 2.409349
1.3859468 11.695152 -0.4557144
2.6279206 4.0625777 -0.54852021
1.0951103 9.7506104 -0.67513096
1.0777435 9.8360729 -0.33719283
0.51939261 5.0834265 -0.57774895
1.1799003 10.633892 2.2569444
1.3741919 11.939976 2.9326892
1.1504881 10.806435 2.2878456
1.0983294 10.361909 -0.37004912
1.3456564 12.005402 2.073853
0.33262831 3.905246 -0.520904
38.50901 9.5275831 -2.0332766
1.3108398 12.002947 0.79375398
32.363026 13.291662 -1.8026427
1.1203648 10.525678 3.0052147
1.0763001 10.844224 -0.39980638
0.99639213 10.649652 3.0331521
1.1309088 11.950045 2.9286332
0.063439786 2.6607933 -0.45458359
1.1229857 11.985112 0.36991733
1.1249298 12.013657 0.79358041
1.126004 12.034596 1.2156732
1.1432549 12.045825 2.0764635
2.6323023 5.6604357 1.4504145
1.1291112 11.986035 -0.048182093
0.353724 5.1234856 -0.58038104
1.7022036 3.9061151 -0.44716489
0.8846736 10.735209 3.0520511
0.53337306 6.8020992 -0.62052053
0.25771376 5.1473861 -0.58241278
16.496651 12.406508 -0.2542327
0.79308575 10.958868 -0.40446845
0.13547803 3.1733325 -0.48168489
0.9432314 11.990602 2.9334857
0.81735754 11.98734 0.37031418
1.6202426 3.9683452 -0.45065022
0.75558853 10.79819 3.0651867
1.5217608 10.815798 -0.40272665
0.53277087 9.8537807 0.35522276
0.73969418 11.997604 1.2106792
0.74015117 12.027864 2.0687191
0.12904504 3.924561 -0.51929975
-0.016665218 2.6637189 -0.45291457
0.58845508 10.760707 3.0522571
0.60717672 11.705777 -0.44966725
0.32982883 6.8219118 -0.62001705
0.51033527 9.865449 0.35534692
-0.072723262 2.6465948 -0.4467485
0.55505115 12.084631 2.5132313
2.7270057 9.510129 0.0081936112
-0.010004669 3.184186 -0.48038468
0.48325443 11.045072 3.1235137
0.46702021 10.980195 -0.40343875
0.53537416 12.057015 1.2145582
0.53041625 12.05845 2.5082078
2.3295779 9.3058748 -0.65823972
0.33201602 9.9222651 -0.68294543
21.486359 51.356827 0.67169601
-0.12352639 2.6181388 -0.24725817
-0.14956452 1.9551752 -0.21955527
27.508144 30.955372 -2.2948532
1.5325726 3.5083086 -0.51831156
0.30952525 10.934393 -0.39962357
0.3293924 12.044507 0.79388338
0.32672727 12.069963 2.9423513
46.12093 24.204338 -1.0158262
0.33127147 12.019877 -0.045569543
0.077427104 9.6462002 0.020378124
7.5569601 4.3540525 -0.87489086
0.14484164 9.9014187 -0.67952591
-0.015100667 6.8007145 -0.61357754
0.13759449 12.094288 2.5122797
0.0057784123 12.039457 1.2127643
2.6954124 4.5584493 1.0856509
-0.074166507 9.7392082 0.69658375
-0.052170377 12.05473 2.9373305
-0.065482162 12.015459 -0.04403837
-0.10721618 12.077448 1.2158767
-0.12701611 12.081705 1.6450223
-0.17613634 10.751111 3.043422
-0.24165146 12.097352 2.0755053
-0.2779707 12.090479 1.2173209
-0.2593475 12.104697 2.5141883
-0.27913883 11.628611 3.2695093
2.1357598 11.967251 0.79679811
-0.29077399 9.7290802 0.35622743
-0.41113508 11.991045 2.0603859
-0.50748587 12.095704 2.076468
-0.55045873 10.346315 -0.35970879
-0.47393802 9.763236 0.69883358
-0.55930644 9.8118649 -0.32627615
-0.61468333 12.105809 1.2199661
-0.61533475 12.103415 1.6495121
-0.6673165 12.059131 -0.043539226
7.4641886 4.5269604 -0.87693667
-0.65549707 12.121229 2.5197282
-0.6458717 12.10838 2.9520695
-0.64681292 11.814579 3.32026
-0.69139743 12.028175 -0.04263667
-0.46804464 12.09957 1.2187523
-0.69838816 11.74443 -0.44694716
-0.62385631 9.7710629 0.69984138
-0.76253325 11.892632 3.3418279
-0.79737532 11.946426 -0.040157747
-0.80844861 11.709864 -0.44470242
-0.29159507 2.1837723 0.07501711
-0.8053028 12.003195 2.0652184
-0.84635091 12.09048 2.9505894
-0.30522773 2.0690651 -0.23297861
-0.24343334 1.9959189 -0.23504978
-0.84063011 11.961666 3.3607852
-0.9043799 12.114454 1.2225499
0.33475196 2.6206219 -0.456918
-0.88562715 12.108114 1.6522182
-0.92504817 12.120898 2.0839796
-0.92397588 12.118946 2.9580405
-0.9452616 11.820234 3.3262634
-1.0371091 12.115794 2.0846224
-1.0357298 11.804759 3.3240962
-1.0701648 12.066751 0.37616628
-1.0731252 12.101969 0.80119568
-1.1272849 12.041858 2.0749214
-1.0847794 12.121451 2.9613984
-1.0676432 12.065424 -0.042883456
-0.94072032 8.5346937 2.4827533
-1.2669603 12.131998 1.2271423
-1.2671158 12.12798 1.6587609
-1.2673697 12.124038 2.0892394
-1.2670798 12.135653 2.9682672
-1.448909 12.055749 0.80197692
-1.4511613 12.069347 1.6547592
-0.41210976 1.9716774 -0.11424212
-1.4458745 12.029918 0.37754121
-1.4904001 12.074542 2.0858455
-1.4369161 12.117771 2.9683821
-1.4529519 12.105018 1.227088
-1.4526747 12.106503 1.6589712
-1.4445574 12.11756 2.0913522
-1.4851443 12.074337 0.37805033
-0.46979341 1.8487699 -0.22461075
-1.5320437 10.810822 3.0830719
-1.1132939 7.1643705 0.34070855
-1.6936889 12.012738 1.6523725
-1.6475487 12.125311 2.5377283
-1.6490349 12.135796 2.9781692
-1.6697061 12.144237 1.2327715
-1.6491895 12.134075 1.6652243
0.93207335 12.040698 1.6442934
-0.50650269 2.392333 0.17904152
2.335722 8.2103214 2.4883962
-1.6402829 11.347486 3.2239738
-1.7447466 11.247569 3.2023013
-1.2267294 7.1676836 0.091108352
-0.46623403 2.1858881 0.074448511
-0.46638602 2.1506014 -0.037918776
-1.8767052 12.098157 0.38016045
37.333412 12.606323 -2.045032
-1.8812699 12.129963 0.80899817
-1.8659931 12.153757 2.1056068
-1.8641831 12.154334 2.5488853
-1.862721 12.141308 2.9860952
-0.91738564 4.5058231 0.16342579
-2.0509341 12.096598 0.38107884
-2.0597031 12.161623 2.5560818
-1.9136362 10.822233 3.1008999
-2.1415026 12.0538 0.38127196
-2.0743382 12.121708 0.81063944
-2.0779397 12.143643 1.2386268
-2.0777969 12.141161 1.6741898
-2.0806546 12.158172 2.1116462
-2.0692425 12.093637 2.9829705
-2.1801682 12.052753 0.38148168
-2.2316389 12.132908 0.81283695
-2.274106 12.043409 1.2342368
-2.1016202 11.229426 2.3875256
8.2811451 2.1605108 -0.83853048
-2.310133 12.02783 0.80935574
2.6877415 4.4905648 0.88714725
-2.257796 12.131036 1.24064
23.215252 14.480126 -1.3821734
-2.2731829 12.150452 1.6795501
-2.2714767 12.138927 2.1141174
-2.2814083 12.097898 -0.042670026
-1.9239836 9.5895586 2.432096
32.272968 4.8166747 -0.44262654
32.115654 5.8904991 -0.45281267
-2.2901149 11.294176 2.4060869
-2.0654409 9.6029596 2.4412994
35.502872 26.83824 -2.444608
-2.6698172 12.166012 0.8195765
-2.6739452 12.18643 1.252552
-2.6724677 12.178541 1.6926386
2.2684355 3.0902729 -0.52640808
16.72348 29.141905 -1.8294929
-2.2377312 9.5991478 2.4486728
-2.8631685 12.143235 1.2531826
-2.8670042 12.162637 1.6962907
-2.8706822 12.186301 2.5912032
-2.5756423 10.495942 3.0530069
-0.65626347 2.167186 -0.043131959
-3.0436342 12.160423 2.5943532
-3.0647643 12.154014 0.38769609
-2.6643286 10.431014 3.0422611
-2.2137377 11.257812 2.3966589
-2.8613977 10.89286 2.3581576
-1.3046305 4.4957094 0.002369395
-0.69576865 2.0927682 -0.24592368
-3.2388854 12.21771 2.613961
-2.8559117 10.504565 2.2883339
20.927914 1.366366 2.8062313
-3.057116 11.552152 2.9125934
-2.9830577 10.8728 2.7629385
-3.2714889 12.174092 0.82851541
-3.2790108 12.20458 1.2671736
-3.2751489 12.191526 1.7119538
-3.1505098 11.389336 2.8832426
-2.8225548 10.098607 2.9696634
-3.4062793 12.167967 2.1590168
-3.4375184 12.047506 0.38958931
2.9199007 11.966085 1.6734767
-3.4264421 12.087726 -0.043260861
3.7543311 10.211791 -0.78656679
-3.4596682 12.207632 1.2718188
-3.4553311 12.191683 1.7179648
-3.4040015 11.671133 -0.45590445
-0.81137562 2.2001405 0.068994202
-3.4428067 11.526071 -0.44752586
-2.6553183 8.6633816 -0.57829118
1.5338093 6.6089144 -0.62155586
-3.3646262 11.19578 2.8553889
-3.3231308 10.958491 -0.41177908
-0.80785906 2.0789754 -0.26065239
-2.8718495 9.3061094 2.4224603
-3.66751 12.202232 0.83609128
-3.6543939 12.229551 1.2784474
-3.6511509 12.221294 2.1774395
-3.6677284 12.214207 2.6358018
-3.0826814 9.8271866 2.9213412
-2.8989704 9.184967 2.3986011
34.82576 27.547333 -2.4438436
-3.4538393 10.860382 2.790309
-2.0735369 6.2849951 -0.57005912
-3.1864069 9.8951302 2.9462016
15.789355 14.582374 -1.0489169
2.3601482 10.679887 2.6988776
2.4929497 12.023494 2.5510256
-3.8671484 12.180197 0.39372146
-3.8572621 12.218103 0.84002584
1.7850454 3.4003475 -0.49404988
-3.8623745 12.236322 1.284546
-3.8601308 12.231371 1.7368003
-3.860698 12.171407 2.6391737
-1.7878557 5.1355844 0.14564486
-0.50148129 2.1436718 -0.21681398
-3.6465337 10.888529 2.8097196
-1.7611248 4.7726741 0.1553655
3.3043122 8.1639605 2.5651238
-0.82176006 1.971382 -0.12294206
30.217651 1.4703611 -1.4328588
-4.0512757 12.174614 0.39513958
-4.0648522 12.222845 2.1974075
-0.8059333 12.047058 1.2166221
-3.2812238 9.767312 2.9225061
-1.8315277 4.9291878 -0.20955652
-4.2647419 12.249486 1.2970963
38.519386 9.9764347 -2.0439551
-4.2639337 12.248235 1.754513
-1.4740527 12.09823 0.80398393
-3.8009465 10.728543 2.7875481
-4.2680602 12.192344 0.39701959
-4.2805281 12.231551 0.84838259
-4.2715878 12.208421 2.2059743
1.9186983 11.986491 2.0834248
-3.4361145 9.6250038 2.900744
3.0478723 11.230481 1.1822326
-0.87204564 1.975529 -0.24487258
-4.3876443 12.168336 0.39785948
-2.9450121 7.9275365 2.4441319
-4.1593795 11.330365 -0.44483894
-1.8603662 4.7831154 -0.2836695
-1.1546516 2.582325 -0.46430904
-4.4596686 12.207378 2.2158809
-3.8774056 10.60092 2.7668011
47.531986 23.993324 -1.0386506
-4.0655284 12.222598 1.2892674
-1.9792671 4.9086914 -0.21132696
-0.27077398 1.9565516 -0.11050731
-4.4520063 12.179415 1.2977477
-2.2131035 5.4912109 -0.27134773
-1.8925793 4.6261444 -0.52847064
30.100863 12.791735 -1.6703306
-1.5143801 3.6795065 -0.50094378
-4.5134821 11.921536 0.84071481
-4.5291462 11.966758 1.2847826
6.0669818 0.94711465 -0.75142252
-1.5770457 3.6556981 -0.50014567
-1.338577 3.0657339 -0.48820835
-4.188951 10.915247 2.4401979
-4.5326147 11.805815 0.8365525
-4.5298886 11.799602 1.2727424
-4.5832133 11.949978 2.186877
-2.9765403 7.4801664 2.3386555
-1.378227 3.0550444 -0.48874
5.9296813 6.3497782 -0.87985909
-2.2914331 5.5008984 -0.070449606
-2.2123759 5.3062472 -0.25426221
-4.5306253 11.516598 0.82515293
2.5242374 1.798205 -0.09125337
-4.5905437 11.73928 2.158056
28.674517 13.570645 -1.6213566
2.5806589 1.8499392 0.12881438
-4.5901785 11.689571 2.602037
-4.541163 11.548094 1.6922761
-2.9975169 7.3933086 2.3197329
8.915534 11.573955 -1.1486069
-2.2472742 5.3043313 -0.058123577
-4.0807877 10.365605 2.7343516
-3.7573967 9.2656593 2.84343
-4.5631971 11.333741 1.6707668
-4.4251103 10.927059 2.4589312
-2.5912702 6.0619292 -0.56059074
16.443331 10.596493 -0.91167206
-2.3402736 5.4778423 0.33759257
-4.5710773 11.195083 1.656603
-4.6030703 11.332932 2.1026077
-3.4568734 8.3610897 -0.56972623
2.5952163 3.5680294 0.79800957
-2.3833239 5.4613299 0.337879
0.74301118 12.050774 2.509177
-4.6708837 11.57229 2.5876451
-4.5152993 10.896976 1.6227852
3.0008168 10.566688 0.36088023
-3.4663453 11.071981 -0.42030454
-4.5429568 10.918644 2.0419405
-4.7484522 11.450097 2.572336
-2.2073355 4.9588718 -0.037088655
-2.6227536 6.0302162 -0.55795854
27.363056 38.693081 -2.6842098
-4.4996777 10.804955 1.2003901
-4.5469308 10.777663 1.6118532
32.585545 1.5386287 -0.41198614
-4.59798 10.907469 2.0437741
1.7317396 12.010517 1.6513318
-4.769176 11.293791 2.547158
-3.8408208 9.1805944 2.8313539
2.5258045 3.5392551 0.94915313
-2.4134083 5.4897218 0.13451108
-2.4486194 5.5156803 -0.2801795
-2.4338303 5.5405817 0.54675806
-4.5716553 10.692819 1.6042213
-4.2469635 10.173184 2.708967
-4.5072188 11.13168 1.2239927
-3.6506729 8.418581 2.6302233
-4.6273055 10.783736 2.0286396
-4.260365 10.019981 2.678818
-3.9158006 8.9952221 2.794796
-2.3031154 5.1726308 -0.051257268
-2.4917653 5.5163169 -0.48877507
-4.6876922 10.964811 2.4848952
32.997433 13.186082 -1.8325911
-4.6308331 10.600611 2.0038402
-3.9414656 8.9375591 2.783793
-4.6330962 10.465791 1.9856062
-4.587429 10.356855 1.5701683
-1.3974094 4.507894 0.00074634026
-2.4826353 5.3936019 0.74454522
-4.7238855 10.504107 2.4094441
-2.5384243 5.4110188 -0.47784597
-4.5493031 10.014153 0.76735097
-4.6816998 10.329692 2.3766129
-2.5788357 5.3712573 -0.47478509
-2.2295547 4.6935496 -0.55734938
-4.6095376 10.149643 1.549909
-4.6226845 10.181923 1.9463651
-2.4208236 4.9739709 0.14792049
-2.5336525 5.2968907 -0.062486485
-1.4777869 3.0141687 -0.48757684
-1.2658302 2.5570729 -0.46788558
-4.4348197 9.7030077 2.6303935
-3.9719875 8.5142727 2.6871302
-2.4480577 5.18261 -0.05431062
-2.5835731 5.3126373 -0.26590791
-2.332885 4.7711983 0.33321607
-4.4994903 9.6273155 0.75141639
-4.6934252 10.167427 2.3501921
-4.5458212 9.7782841 1.1295105
3.027703 11.033695 1.1672852
-4.5617127 9.6935425 1.5005918
-4.6560268 9.9894438 1.9225258
5.7101011 6.5215497 -0.87769967
5.8397231 9.7723856 2.4041367
-4.6899939 9.9019794 2.3052986
-3.8824747 8.0416212 -0.55380166
-4.6294947 9.6786947 0.75650936
-3.955117 8.1344271 -0.56453896
1.8025756 3.7145708 -0.27479714
-4.6068211 9.6285877 0.75406295
-4.6329966 9.6910515 1.8807818
-4.6328707 9.5672655 1.1181476
-4.5373716 12.055777 2.1990089
-4.2118177 8.7180233 2.7617147
-3.4990816 7.013 -0.44881895
-2.9495687 5.8411522 -0.54948568
-4.6443157 9.5543861 1.4908133
-2.3249125 4.5744433 -0.54461241
-4.7137628 9.593852 2.2558017
-4.2153783 8.6062908 2.7360857
-2.3279948 4.5654039 -0.19037095
-4.6400051 9.3873005 1.1059604
-4.6469231 9.3651524 1.4717435
-4.7011757 9.6079845 2.6372108
-4.6601152 9.3531981 0.025086263
-2.6300225 5.1741672 -0.05715739
-3.4672036 6.7752023 -0.42650646
-4.680603 9.4003849 1.8451643
-4.7848949 9.5131168 2.6267931
-4.6501503 9.1821737 1.0922184
8.7052507 11.717027 -1.1479315
-4.6559706 9.1959209 1.4551381
-4.7208233 9.3771915 2.2204189
-1.390317 2.3477592 -0.42699626
-4.6752815 9.1604776 0.029961467
-2.9648097 5.5384808 -0.084665388
-4.6978784 9.0684195 1.8022996
-4.3904333 8.5126314 2.7349198
-4.7313275 9.1387148 2.1819129
-4.7009878 8.9676275 1.7892112
-4.6589317 8.7739735 0.72342134
-4.6719728 8.8014174 1.0670553
-3.0072272 5.4952135 -0.083067045
-3.08077 5.7516904 -0.54525155
-4.668776 8.6570864 0.71937251
-4.9561276 9.2298841 2.588994
-4.6365857 8.5604677 1.0491896
-4.7099876 8.7763128 1.7647022
-2.563637 4.4508891 -0.54149926
-4.6500826 8.4889708 1.7225474
-2.5730951 4.4348798 -0.53975147
33.919796 5.8881969 -1.7072002
-4.693882 8.5242701 2.0778751
-3.2113726 5.6466208 -0.53952885
-4.676528 8.4527836 2.4070702
-4.729043 8.452055 2.0694411
-3.1058149 5.4194565 -0.080857873
-4.672935 8.3755865 1.3742129
-1.5085565 2.3328836 -0.10137748
-0.73807836 10.948757 -0.39717367
-4.7357893 8.3407297 2.3919299
-3.1836305 5.3950815 -0.081185557
-4.4546862 7.7042518 -0.54463458
-4.7130609 8.1344948 0.055861
-1.876186 3.0193908 0.40532139
-1.8909664 2.9679506 0.55338079
-4.7189012 7.9952035 0.05933563
12.542959 5.3919015 -1.0222291
-4.7792883 8.0531521 2.0100708
-4.7240138 8.0088959 1.6661134
-4.7554889 7.983366 2.3255427
1.2207363 4.8470478 -0.56556118
-2.9396043 4.7469783 -0.039406683
-4.786695 7.949111 1.9942199
-1.5342301 2.233228 -0.13582906
-3.4465432 12.129384 0.39021355
-1.6572089 2.5505538 0.33961374
-4.9059258 7.8901005 1.3415298
-2.4628265 12.132207 0.38369367
-1.5803392 2.2316067 -0.13912188
24.56761 13.450226 -1.4109437
-1.4058551 2.5097141 -0.46978113
-4.7685695 7.5226851 1.607932
-4.8869405 7.8118477 2.6413348
-4.739862 7.395628 1.5895313
-4.8019767 7.5564628 1.9337311
-4.7818494 7.4446177 2.2268214
2.1502137 9.5085869 2.796385
1.8115422 10.874013 -0.40985596
-4.6944151 7.2436137 1.2658644
1.0616434 8.2996998 2.4363987
0.15979721 10.762979 3.0474787
-1.0748522 12.116647 1.6551334
-4.7482581 7.2841816 1.8855702
-4.7593746 7.3296189 2.2025683
-4.7213731 7.2426963 1.5688046
33.036438 2.7319968 0.724935
3.7417207 3.5594654 -0.60561866
-1.488008 2.1521351 -0.26047677
-4.6848907 7.1882749 2.4763012
-4.7793679 7.2085247 1.5695653
-1.8857619 2.7546446 -0.060099587
-2.088773 2.9053571 0.67976624
-1.8744445 2.5896242 -0.079485252
-4.8199782 6.97929 1.846212
-4.6729851 9.5785608 1.8684362
-4.8183455 6.9562407 2.4458361
-1.4138603 2.1587062 -0.38269296
-4.8439527 6.8533349 2.4277704
-2.1932909 2.8741837 0.20227328
-1.6444789 2.0572724 0.31110376
-2.2080834 2.9383802 0.56669378
-4.8261747 6.7348905 2.3999879
-3.8820622 5.1582375 -0.52431875
-4.7997789 6.3449712 2.0283635
2.6954777 7.7579618 2.409075
-4.7940063 6.2950158 2.0187097
-2.048507 2.4858599 0.21271724
-4.8346615 6.3499827 1.7531353
-4.8182673 6.3728004 2.3229589
-4.7897277 6.2096214 2.0030313
-4.8047366 6.1908655 2.2832181
2.5784903 1.9086003 0.38200185
-2.0344751 2.4161685 0.11018699
-1.988024 2.3464344 -0.18991011
2.8811502 0.95811152 -0.48592103
-4.7345314 6.0117903 1.9605551
-4.7316775 5.981287 0.8877176
-4.7405167 5.99509 1.1544471
-0.12782145 12.087944 2.0738502
-4.7433562 5.9872932 2.2315657
-4.770947 5.9734564 0.10860901
-4.7677941 5.9322467 0.88677913
-4.7451153 5.9634609 1.4161482
-4.7784662 5.9364219 2.2269881
12.819237 3.3579457 -0.9691546
-1.9985319 2.3345842 0.014803679
-4.7800655 5.91119 1.1500956
-4.778585 5.8914452 1.4110782
-4.7943487 5.9558849 1.9593022
-4.80199 5.9837551 1.6956153
33.051411 2.5752788 0.72643572
-4.8052607 5.894453 2.2229464
1.9315851 6.4803267 -0.62057835
-4.7866549 5.8258338 1.4043087
-6.5144439 7.9449868 1.4629269
-6.5181198 7.9259338 1.8194523
-4.8109369 5.7869921 1.9325912
-4.8104858 5.7692537 2.1987009
-4.8225513 5.7172875 0.11426041
-1.8924947 2.1068034 -0.21076027
-4.8751383 5.7777777 1.6750258
-4.8166728 5.5747447 1.8973657
-4.8160548 5.575448 2.1611989
-1.8935633 2.0305011 -0.13245232
-6.8738155 7.9553342 1.4926183
-6.8615127 7.9173832 1.8537631
-4.9433093 5.5674787 1.6540538
-2.0462716 2.1615994 0.16663343
-4.9709916 5.4249806 1.6379498
-4.6151309 4.9824214 -0.32854182
-2.03332 2.1607816 0.38105109
-4.8071852 6.5933661 2.0737717
-7.2569046 7.950119 1.5238683
3.9094527 1.1545054 -0.5763976
-6.4323869 6.9713931 1.7039604
8.329505 1.3587435 -0.81679547
-2.0394359 2.1313412 -0.031089813
32.907604 4.5670524 0.70894736
-5.0115986 5.2519941 1.6198348
2.498595 1.9523144 0.68521225
-6.4473124 6.815433 1.6887276
-4.7996831 4.9198804 1.0681812
-4.6259336 4.7341909 -0.310509
29.805346 29.648264 -2.322983
0.048152708 9.849226 -0.67383736
-2.7991462 2.7554023 0.18193565
-2.0295527 1.9491518 -0.23316407
-2.2967067 2.1109862 0.015910804
-4.8251958 4.7670975 1.2918613
-4.8923569 4.7254424 0.13640447
-4.841258 4.730484 2.0053558
-3.6954479 3.4688563 -0.5077675
2.9408941 9.1414185 0.69037557
-4.8781257 4.7618947 1.5369722
-4.8930125 4.5905304 1.9900129
-0.90054595 12.066772 0.37548801
-4.8668776 4.5495801 1.740485
-3.4758987 12.187757 0.83231974
-4.8677716 4.3894353 0.80743623
-4.882287 4.290051 0.14609091
-2.8675017 2.4158318 0.083224364
-2.9201746 2.4471898 -0.43089154
-2.8566265 2.3934257 0.45223287
6.3664093 5.976337 -0.88431489
2.1480122 2.3536949 -0.51805431
2.1484756 11.922228 0.36912897
-4.9191918 4.3320146 1.4884825
-2.5290604 2.0612197 -0.32101539
-2.3818464 1.9483987 -0.044957299
5.7861667 2.5525119 -0.79292077
-4.8876429 4.1854739 1.9185625
-1.6314687 2.3459549 0.31232446
-4.8888073 4.1832328 1.6898525
-4.8914127 4.0220132 0.15175946
-2.8033767 2.219449 -0.25927547
-2.4712098 12.175349 2.1254575
-4.8745947 3.9871509 0.57656604
-2.3551619 1.8252141 -0.46482319
12.31209 6.3501477 -1.047796
-2.221024 1.7012351 -0.040445074
-4.9018221 3.9969616 0.79059482
2.4132423 1.9858626 0.77872336
-2.4653316 12.14491 0.81610316
-4.8926554 3.9902799 1.0063508
-4.8970885 3.9870162 1.8873742
-2.5463018 1.904699 0.73945624
-2.4704089 12.171535 1.6866282
-1.6385405 2.1394379 0.31140986
-4.9080844 3.9696903 1.6628551
-2.484843 1.8260593 -0.17749044
3.523993 1.7571827 -0.55138725
2.6600769 11.86226 0.36907947
-3.0793514 2.3057337 -0.43433249
1.4736949 11.458698 2.4147992
-2.6207929 1.9820912 -0.27587765
-2.6226277 1.8736629 0.32483172
-2.5930185 1.9439219 0.7804004
-4.9116731 3.7549157 1.7791847
30.89193 29.406717 -2.3564084
-2.5733914 1.8224437 0.22274743
-4.8338842 5.3892775 2.1279252
-4.042901 2.9235539 -0.48525563
-2.4323015 1.7377473 -0.46463481
-2.4632044 1.7577715 0.16976473
1.8663043 10.761753 -0.40365615
-3.8622684 2.6974823 -0.2789655
0.533436 12.061244 2.0718789
-3.3146932 2.3728511 -0.47842985
-4.9286251 3.4158642 1.385249
-4.1084065 2.7831321 -0.47862417
-8.0004416 5.5465899 1.7560432
-7.8284683 5.4091907 2.0588212
2.541455 10.763487 2.7264223
-3.9608269 2.5994492 -0.44128019
0.92412341 4.9418569 -0.56784695
-7.4443307 5.0682764 2.2777619
1.1143302 9.1821508 2.3229983
-4.8936014 3.3742912 1.7910051
-2.5001683 1.6225861 0.035974599
-2.8928406 1.9236658 -0.47416013
-4.8891029 4.1952162 1.2417128
-5.0846167 3.3778338 1.40645
16.293903 4.7337494 -0.11529143
-2.5325046 1.6033551 -0.46259192
-5.1804352 3.3663621 1.6348895
-4.8931184 4.1509199 0.14898174
-5.0685134 3.3705397 1.6138836
-2.9547439 1.8245885 -0.47134766
17.895977 45.365261 -1.0734708
-2.659209 1.6519496 0.52711368
-3.0685496 1.9618081 -0.14228028
-5.2578912 3.3807921 1.2170222
-5.3177595 3.3792093 1.6630864
-2.8273404 1.6747795 0.54062688
-4.1810608 2.5475056 -0.46440226
-0.46874923 12.0969 1.6479214
-3.4503706 2.1636267 -0.47332987
-2.9081235 1.6915821 0.43884069
-1.6799144 4.8299236 -0.55153602
-5.4805017 3.3693788 1.4707355
12.479687 0.36366808 -0.87239814
-5.4818044 3.394609 1.6969956
-2.8045993 1.6248322 0.37973315
-5.5513892 3.3656924 1.2555448
-5.0719004 3.0190768 0.96308351
-2.6018562 1.504351 -0.46189213
26.753551 13.343088 -1.5165913
-4.9471846 2.8636515 1.7322134
-3.1896081 1.7952148 -0.14147162
-4.7445831 2.6535435 -0.36306044
11.991382 7.1611309 -1.0640265
-3.0974059 1.7307134 -0.2452305
-3.05566 1.7157121 0.39851308
-4.9710083 2.8164773 1.7317027
-3.042309 1.7170695 -0.41996723
-3.1512554 1.6611153 0.5651139
30.558474 29.460468 -2.3450954
-6.0534883 3.3758814 1.5681112
-6.0637636 3.3953812 1.8131387
-4.0502577 2.1938202 -0.25858548
-6.2233505 3.4016156 1.8461485
-43.145382 24.429422 13.369522
-44.142876 24.805477 13.650643
-3.6207907 1.8633758 -0.46729386
-3.2144578 1.6499048 0.74884361
9.1627598 11.399836 -1.1494228
-6.25771 3.382169 1.6037529
-43.191006 23.91276 13.317744
-3.0612423 1.6095251 -0.0029993721
-4.40837 2.2696998 -0.46928418
-1.6870999 12.125239 0.80695814
-43.631969 23.802757 13.409291
-6.5318675 3.3815479 1.3934828
37.780483 9.165494 -1.9856118
-6.4750147 3.3900316 1.6420444
-4.1574311 2.0853515 -0.41932055
2.3762879 0.95401192 -0.47551364
0.73916322 11.976522 0.79118484
-4.1850963 2.0755267 -0.42227635
-4.9288588 2.4854839 1.6815016
-4.9606204 2.4897025 1.3038243
38.500004 11.752441 -2.0853779
-3.6409428 1.8060424 -0.46476734
-4.9692426 2.4627392 1.3031536
-3.2618825 1.6319515 0.57290125
-3.8719294 1.8909185 -0.21902382
-2.6891437 1.3524106 -0.45927054
3.4538388 9.304533 2.4834597
-3.9629247 5.0393038 -0.51684391
-4.0576835 1.9437046 0.6461072
37.439945 12.539644 -2.0489383
2.9666903 9.1146269 0.35138044
2.2314205 10.808299 2.7199464
-3.103209 1.5503268 -0.46446037
-4.0799651 1.9953673 0.80193347
-4.9122229 2.4076219 1.6686279
-3.9899797 1.871034 -0.23023787
-4.9396052 2.3808126 1.1018213
-3.9904525 1.8349636 -0.22796087
-43.330978 24.168274 13.381626
-3.163831 1.4270608 -0.46217486
-2.726943 1.215004 -0.44932875
-1.6377876 0.68150079 0.37032691
-2.5208213 10.557448 3.0651789
-4.9212699 2.3408465 1.5355968
-4.9785519 2.2826338 1.4788976
-4.9624882 2.2577107 1.6643988
-3.6056738 1.5654737 1.1247531
-3.2070818 1.3627123 -0.46406159
2.9868171 11.78813 -0.054658663
-4.9518285 2.1649315 1.6522146
-1.549314 0.56817418 0.51020199
2.1205692 11.204314 2.8000262
-4.9615817 1.9475124 1.6334436
21.783363 51.382526 0.6729362
-4.9620786 1.852736 1.6249835
-1.5105842 0.53269011 0.03042331
-0.67259628 2.3535621 0.14308767
-1.532882 0.52961797 0.15022174
-1.6049333 0.6041171 0.012579768
-1.5633444 0.45988405 0.30755877
2.7364378 11.950407 1.2295375
-3.8390446 1.2200296 -0.44801599
-4.9029808 3.8050928 1.8591324
-3.3252945 0.96693349 -0.45186648
-1.6329602 0.52370536 0.56936496
-1.821766 0.48110119 0.57743824
-1.1262237 0.31743068 0.045458272
-1.8018624 0.45488235 0.49277225
-1.9500021 0.46374071 0.31493598
34.738945 27.657429 -2.4446414
-0.4597123 1.9755481 -0.22504224
-1.2528523 0.35492077 0.040132724
-1.7153701 0.43967453 0.53042042
-4.6022272 8.998826 -0.31570333
-5.0271816 1.3159517 1.0641106
2.9445083 9.1570959 1.0281073
-4.8509107 4.7160912 1.056495
-2.4643629 0.60800302 0.5712167
4.1533031 9.3175259 2.1785977
2.9182899 9.1879683 2.0694931
-4.4926214 8.3875418 2.7186978
-4.8331628 4.7624621 1.767769
-2.4794111 0.57798076 0.40398842
-2.1259356 0.49176276 0.25229651
2.5246408 0.79569912 1.0326723
-2.3367934 5.5766463 0.1324912
-2.2638505 0.53375465 0.75848019
-5.0222483 1.1726675 0.98094922
-3.8601196 12.232335 2.1887376
-5.0374689 1.1791195 1.2393574
-4.9607086 1.0546572 1.2201818
-3.3778489 0.69371408 -0.44416341
-2.2701955 0.44362006 0.81974643
-1.6631994 0.38054872 0.19499825
4.1942921 9.3648815 1.8151978
2.9428804 9.1303701 0.016400542
-2.1949637 0.41191295 0.25240716
-2.6027222 0.47340795 -0.25810727
38.342079 12.705328 -2.101315
-1.9795378 0.37877139 0.33337605
-1.8690656 0.41983905 0.3189036
-1.6388384 0.39501661 0.37858295
17.652958 23.954161 -1.5801797
-3.7064073 10.898537 2.4057384
-1.2030888 0.19519423 0.045883775
-5.0228529 0.97315145 1.0541123
2.0176725 9.4764128 2.7802856
-4.9896703 0.91609776 1.5711476
-2.257071 6.1986222 -0.56513011
-36.813759 6.6991057 8.8976879
0.19014768 11.91192 0.3709563
-2.3288546 1.9495795 0.025484733
-36.36808 6.6245418 10.146753
-37.006954 6.6152487 8.9395294
-4.8799558 4.1724043 1.0181601
-3.1802697 0.51391965 0.85957778
-36.066551 6.2207708 10.051501
-37.148579 6.282289 8.9622507
-36.499725 6.1788359 10.165638
2.7404237 11.980503 2.1074474
-3.0506358 0.49689409 0.2388968
-1.8204305 0.33350649 0.18416765
-3.1475961 0.48710832 0.78234434
2.7315297 11.371621 -0.45383921
-36.538002 5.9437828 8.8119459
-35.584396 5.794323 9.9081068
-35.330051 5.6325102 8.5247278
-4.8775887 7.6581097 2.6062689
-35.515495 5.6124845 9.8837967
-35.513512 5.4349184 8.5620117
-37.425941 5.7374306 10.398808
-1.5456692 0.22712745 0.097554445
2.6899836 4.5797539 1.47879
-2.5036573 0.35218352 -0.28255892
-3.0755925 1.7256995 0.56151742
-35.596226 5.1070628 8.5732689
2.8203156 9.7008171 0.00234886
-37.291172 5.3595972 10.351624
2.5292618 1.9980004 1.1273245
-36.28698 5.0914869 8.7328281
-36.781727 5.1686163 10.209769
2.5855775 1.9546542 0.55489105
29.955105 29.588528 -2.3262913
-1.6255836 2.0898314 -0.27565026
-36.278442 4.9748588 8.728301
-2.6563859 1.6013105 0.026473671
-36.845863 5.0019011 10.222544
2.5404136 9.2216806 -0.32032195
-5.0551181 0.62446874 1.4017384
-36.924534 4.8301325 10.239288
-1.2670809 12.141482 2.5322397
-1.9650691 0.51030284 0.62537724
-3.064476 0.4041791 0.23984937
-3.0732939 4.028944 -0.52027518
-3.1431234 0.42062971 0.81940335
-1.4317375 11.526234 3.2628045
-4.8700385 3.5405898 1.5978538
-3.1964383 0.40769118 0.64954013
-37.497414 4.5417333 9.0024605
-6.6676006 7.9086475 1.8327205
-37.399277 4.4178934 8.9775047
-37.494976 4.3106465 8.9979248
2.7006483 5.6016984 1.6735188
-35.027641 4.0311904 9.7113943
-1.8638548 0.16916077 -0.077155404
-3.1919811 0.35437936 0.79402626
-36.196842 3.8175607 10.021944
-2.0949402 0.21522132 -0.16921137
-37.113594 3.7774489 6.2164192
3.6968818 1.5085163 -0.56146628
2.4212921 3.1658187 1.045981
-4.928133 3.470536 1.1808012
-3.2811844 0.30348516 0.87574279
-37.095394 3.7891238 8.8972101
-36.525314 3.737272 10.108994
8.213006 2.559622 -0.84730226
-5.0565848 0.50802672 0.88204944
-41.611145 4.1007619 6.9400692
12.414416 6.0354109 -1.0409255
-5.0932865 0.47456306 1.233779
-41.371052 4.0992498 9.89604
-36.253201 3.5948625 10.033296
-37.998436 3.63572 7.7357979
-35.975754 3.4537351 9.956275
-1.1956159 4.696063 0.15824547
-41.847118 3.8603919 6.9766746
-38.116936 3.5271022 7.7582006
-40.479092 3.7549515 9.6842604
-36.851295 3.4225123 10.191823
-0.68673426 1.9901685 -0.11199104
-5.0719981 0.43958864 0.9408949
-6.6562433 7.9435878 1.4740719
-36.411674 3.2598641 8.731658
-37.270241 3.3444526 10.303679
5.6425304 2.8833299 -0.79676235
16.788616 28.527122 -1.7974924
-4.9187655 2.9679558 1.7394708
-41.619347 3.5771444 6.9388647
-41.156288 3.5591052 9.8398876
-2.1143188 0.21063982 0.15216227
-0.20128638 12.05466 0.79515672
-41.851593 3.4656124 6.9757862
-40.846462 3.3962421 8.2947073
-2.6728253 12.180184 2.1327305
-41.050545 3.4207273 9.8139248
0.30838206 11.961913 0.37105629
-41.542236 3.3091671 6.9255786
-40.524181 3.11446 8.2296047
-41.194397 3.2385676 9.8458853
-44.07275 3.2354348 7.3323011
1.6221042 3.7867582 -0.42307284
-36.27758 2.6778069 8.6952534
-50.215729 3.5590918 11.951785
-41.167225 2.9207249 11.35073
1.7199576 9.9689732 -0.70715928
-1.7660089 0.12232199 0.31355742
-41.776875 2.8032267 6.9623823
-49.599632 3.3592587 11.806879
-1.6191958 0.52538842 0.40020555
-41.701542 2.6673117 6.9501781
-48.79335 3.1423323 9.8601608
-1.4395009 0.14272048 0.34060371
-41.89679 2.5485339 6.9815898
-48.851677 2.9927752 9.8713179
-2.9640186 10.121587 2.9853737
-5.0520844 0.29679519 1.397004
-48.148758 2.9668179 13.237388
-0.60961866 1.9717132 -0.21792513
-5.0987716 0.27600175 1.2337896
26.397718 33.753738 -2.3939784
-3.2589138 12.206469 2.1584046
-48.061108 2.8105509 13.212777
-44.459999 2.4271092 7.3943367
-37.455917 5.502892 10.399854
-50.240459 2.763253 10.145037
-47.360886 2.6207097 13.02252
2.2307322 2.2394824 -0.51271433
-4.9382968 4.5745759 1.5214097
-45.364475 2.3347633 7.5401187
-49.533375 2.5687296 10.005376
-48.516571 2.5241239 11.550907
-4.8308063 6.6931043 1.803947
-47.633633 2.4865603 13.095705
-45.371395 2.1929803 7.5414991
-49.589016 2.4249201 11.801196
-5.0576606 0.2299021 1.5742685
-2.4058578 5.4184446 0.33782119
-1.6201679 0.13426705 0.11184285
-47.842686 2.1804831 9.6717472
2.6679378 4.6567764 1.6910719
-3.1565709 0.11820897 0.24171606
-1.8266317 0.11786933 0.20200326
1.8533232 10.896484 -0.41178161
-4.7668004 8.3351393 2.054122
-2.4183002 1.9015641 0.13179342
-49.242638 2.0992272 11.720116
-48.367565 2.0704329 13.293164
1.2576046 2.3630378 -0.48899427
1.3300266 11.967458 -0.048712861
0.84952682 10.051914 -0.70091707
-44.402927 1.7287073 7.3868008
-2.296685 4.9156833 0.33373618
-49.443283 1.9529814 11.767073
-4.77637 7.157877 2.1727948
-50.207008 1.8523874 11.945648
-48.426388 1.8580487 13.308948
-5.0997853 0.1624718 1.0591104
-47.668922 1.5837564 9.6387548
-50.319866 1.6815166 11.972349
-48.870781 1.6415085 13.429316
-0.89763993 12.06408 -0.043168586
-4.8865752 4.5798678 1.2795396
-3.173676 0.096509397 0.24168575
-4.6578078 8.9809275 1.0787207
-38.074242 6.5624704 9.1837378
-47.899422 1.4249401 9.6848917
17.336277 45.408409 -1.0692823
-1.5381032 0.028590634 0.48566481
-47.795525 1.2722738 9.6650372
-48.726601 1.1533439 11.601768
2.4627199 3.7551944 1.3010207
-52.222313 1.2465259 14.337464
-7.0121298 7.3491516 2.1689351
-5.0053635 0.63050193 0.87626016
-3.6302369 0.060851853 -0.35653779
-48.666382 0.99965036 11.588451
-47.112965 0.82002831 9.5326958
-3.6232698 0.039844677 -0.35491949
-3.0283275 0.036978874 0.14840887
-2.4713261 12.177311 1.2479647
-3.2239065 0.023368889 -0.38422653
-3.4767697 -0.014285086 0.57175279
-4.6821294 8.1734848 1.6839962
-5.0858436 -0.018928742 0.21446741
-35.83329 3.9045665 9.9256773
-3.9585495 -0.050236173 0.10278515
-5.0556874 -0.12233688 0.88484657
-5.0184011 -0.057402734 1.5651311
2.5211203 8.2117586 2.503556
-3.571435 -0.10733647 0.008215839
-2.7361028 -0.083450787 -0.006410833
-3.5491738 -0.12736695 0.010237723
-3.5053139 -0.14451215 0.014063695
-3.9993596 -0.16265911 0.23190337
2.5415194 11.969746 1.6637964
-2.8485036 -0.082415111 0.010816726
23.903955 13.486147 -1.3794473
-5.1087861 -0.28254035 0.97982478
-5.0449066 -0.22368255 1.5752995
-3.317044 -0.19607039 0.030266596
-1.7818491 -0.06643565 -0.05418124
-1.769521 -0.078871958 0.31549531
-1.7885244 0.012562071 0.18252131
-1.7359869 -0.011032378 0.11890139
-1.7155552 -0.021333594 0.34906983
-4.7402277 7.7774177 1.6378307
-5.1023159 -0.39322042 0.21754162
26.568468 13.356667 -1.5077131
-1.7065365 -0.040135685 -0.0075465753
-3.188205 1.7205859 0.77184868
-3.3879862 -0.25824022 0.13276319
-3.3552513 -0.31983724 0.13469821
1.4067672 11.869351 1.2052463
-5.1106248 -0.42819732 1.2451326
-5.0919418 -0.42581445 1.415638
-1.4424883 -0.038918082 0.35136959
-5.0601745 -0.42982948 1.5852188
-3.1571836 -0.33945334 -0.36966339
23.261517 13.759515 -1.3578238
-4.8702884 4.3252335 1.9389811
-3.1653225 -0.36616531 -0.26709259
8.1677656 2.7630994 -0.85137153
53.429337 22.854687 -1.1320603
-3.6216919 -0.41961485 0.2395788
-3.1555858 -0.36472529 -0.26521862
21.112556 44.888271 0.63233227
2.9411116 11.959242 1.2340423
-3.175338 -0.39727914 -0.37485707
-2.7635632 -0.36725786 -0.37288529
-3.133019 -0.37548295 -0.36487687
17.607506 25.190619 -1.6434423
-1.2317744 -0.15061428 0.035420951
-3.505388 -0.46642578 0.76662773
38.948971 22.534433 -0.85216981
2.6379988 1.8553921 0.19820596
-5.0989938 -0.62659496 1.4242417
-1.737991 -0.16358955 -0.025563499
-0.40255955 -11.54458 0.1916476
32.21357 4.3406377 -1.5855248
12.71434 1.7690473 -0.91746414
1.9308679 9.7888403 2.8536191
1.5559497 -11.586527 3.0916054
26.366568 34.93343 -2.4535675
-5.0252085 0.9644832 1.2299285
1.2786788 -9.4026871 1.1960636
1.1860747 -8.7313833 1.4453857
0.97587925 -7.839323 -0.060733508
-5.3871608 -9.2295189 0.93671489
-1.6470752 -11.38222 2.6251435
-4.8986712 4.1216826 0.79632038
0.88282788 -6.7612929 -0.25117537
1.7749985 -8.8453827 0.51693749
0.54126287 -5.0770907 -0.29327199
-4.6317315 9.5851793 0.019238899
1.4575275 -9.2112827 2.8694026
19.025692 49.593246 0.65258849
2.3150532 -5.2747002 1.0428145
-5.206758 -2.8240578 0.81935811
-5.044507 -0.050954871 1.3966074
1.88876 -11.470462 2.6544654
3.0353141 10.348109 1.1170892
2.2995408 -8.9507408 2.5046079
19.480438 0.14269051 -0.81781089
2.3483624 -9.635952 2.6667025
2.6090662 9.9573374 -0.72712117
-5.0903611 -0.28534481 0.21681486
-3.8988895 -1.7264056 -0.037632477
1.80858 -10.542409 3.2494791
16.30167 -5.8561678 -0.019853784
2.0125196 -11.625599 2.6898043
10.884099 9.5632734 -1.1274796
-2.189374 -4.183538 0.40838087
0.33531469 -3.4157503 -0.35080653
-4.5291915 11.741334 1.712091
2.1200182 -11.572453 1.0020995
4.251646 9.3231258 1.0795481
-0.469006 12.104121 2.9495611
1.8306129 -9.8076744 0.89297396
3.2647433 -1.5623598 -0.45434827
17.674736 25.454712 -1.6596546
-0.027415629 11.446477 3.2224271
2.1636608 -11.626498 2.6953475
27.497778 -7.8007684 -1.2465214
32.289505 4.6161184 -0.44052979
2.2628765 -11.54007 3.1083891
-2.145443 6.240633 -0.56667757
1.2213228 -8.7251348 0.82305664
0.53544313 -4.1080799 -0.33306739
33.074432 2.3665056 0.72849643
-3.0328889 -11.355371 3.5268118
1.6842225 -8.7234497 1.4544767
12.754352 4.1611924 -0.99081916
2.2788451 -11.375551 2.2260742
2.4447329 1.9001317 -0.44443294
2.3029335 -10.615826 2.1022956
2.228112 -10.844433 1.7418568
2.4077563 9.250885 -0.31967878
8.1786051 -0.03356884 -0.77099103
-4.8738461 4.3586335 1.2558835
-1.8580658 -11.479564 3.0697141
8.2932005 0.75333107 -0.79721403
2.2871432 -11.004583 2.1654534
36.518414 26.103924 -2.4610708
2.4537168 -11.521931 3.1132674
1.7541974 -8.8567171 1.1506735
-5.2650833 3.3737447 1.4355552
2.4973545 -11.469128 3.1030777
28.720976 30.053175 -2.2985311
-4.0574064 4.8354297 0.14121078
2.2460783 -10.238885 2.038686
1.1465399 -7.2430992 -0.037450962
8.3230619 1.5513006 -0.82184392
-2.0797145 2.0170851 -0.090030536
2.255583 -10.186295 0.91951621
-5.8222108 -2.21734 1.6977928
1.7692344 12.008216 2.5230849
-0.66849869 -11.580431 0.9987213
1.5203931 -7.2669916 -0.043808874
11.499696 8.5594673 -1.1072581
2.1790519 -10.131825 3.1578436
-3.1829045 5.6753111 -0.54141206
1.9449978 -8.8206205 0.51646096
-2.8629622 10.185025 2.994029
2.0048072 -8.8688993 0.8378967
2.6503904 1.8471026 0.31659588
3.127785 3.8015535 -0.56444681
2.6586368 -6.4384656 -0.27819297
2.4314892 -1.5510659 0.6675567
8.318409 1.7461889 -0.82770354
-4.0962796 -2.2801116 0.045375191
2.2335258 -10.078956 3.1468349
-2.8895657 -2.1074398 0.60307527
-3.6338034 12.157763 1.7205249
1.6681186 -7.4765782 0.21456939
0.53783005 12.01071 -0.046143547
18.71936 -0.84755468 -0.10062496
2.3347006 -9.8527479 1.9788527
36.723392 13.073369 -2.0252302
2.6560402 9.9437218 -0.72713035
2.2933154 -9.6151466 0.88559204
-4.0640969 8.8170538 2.7685113
-2.883708 2.3760173 -0.17813154
-0.61844414 -11.469692 2.2074671
2.4071472 -9.9000883 3.1097064
0.73937464 -4.0846205 -0.33718139
34.94046 0.17335829 0.7741552
-1.2605288 12.067456 0.37697974
-2.455395 -1.8822626 0.43877339
2.3413408 -9.631568 1.9431138
2.6245158 4.4912348 1.6492753
2.2769837 -9.2726946 0.52863348
-4.8658857 9.379653 2.6088319
2.2910459 -9.3108253 0.86734331
-4.4778042 9.7201567 0.7544474
-4.1742144 -2.7667122 0.73711228
2.2121916 -9.0068188 2.8567958
-2.0544434 -11.51568 2.2407773
2.2327433 -8.9997444 0.52149177
2.9616659 10.82516 1.9509727
4.7712402 -7.1588607 -0.42523825
10.573304 9.9647112 -1.1334677
2.240283 -9.0142136 0.84905279
-3.0745087 12.196883 2.1497047
1.5549214 -11.605354 2.6717451
2.2541132 -9.0384483 1.510264
-1.6027776 12.065401 0.37854236
-2.8889949 -1.6470485 -0.39957106
-5.7934499 -1.8777028 1.8758438
2.3184178 -9.0295191 2.1852496
-2.1382234 -4.6187325 -0.27100939
1.7632447 -7.2749858 -0.048109625
2.3125784 9.4484673 2.791955
-3.333257 -5.0738549 0.44277483
2.1919944 -8.4067926 2.6947122
-0.85980272 4.4437337 0.008511005
-3.448571 -8.0230331 2.6764038
8.1246691 12.096215 -1.1467781
18.612375 -1.321788 -0.75757337
-35.513901 5.8965926 9.8926983
-0.088323303 -11.497387 3.0430403
2.3260341 -8.9609995 1.1711681
2.3535573 -8.9107533 -0.12598571
16.244263 -3.0284874 -0.62083977
-2.009423 2.9900453 0.17405742
-1.9127443 -10.10055 0.20561266
-5.3552747 -10.468423 2.6621075
2.3373382 -8.9049292 1.4957834
34.291786 28.378769 -2.4557793
7.1669679 -2.4515769 -0.66830748
0.93178111 12.054463 2.5125909
2.6046572 -9.451601 0.87932825
-0.69549018 12.121436 2.9554636
2.1418939 -7.8208885 2.5347915
0.93166757 12.049295 2.0740385
2.6185603 -9.456708 0.53398132
0.9877705 -6.7335835 -0.25096568
3.2245812 2.1030867 -0.53404099
-4.2503309 -6.9287839 -0.057223044
53.933605 19.551802 -1.0887117
2.6908264 -9.2415171 0.19320445
-2.8709788 5.8776145 -0.55019104
-5.7933412 -2.0577197 1.2504555
1.7624004 -6.510047 -0.25269005
2.6648815 -9.0449772 0.52347577
2.6110518 -9.0726757 0.52407086
1.4248192 10.04245 -0.70866317
-2.8646281 2.5893166 0.075265348
-2.6964774 -9.976285 0.20612925
3.9364533 -12.268309 -0.29322368
-3.782438 -6.3202944 0.4781366
10.137214 10.573384 -1.1477209
-3.2187045 -2.0365469 -0.37926868
-3.0025177 1.6932114 0.16892381
2.3018441 -11.381612 2.6515889
3.3667536 -10.237615 0.1800957
20.02681 -55.214508 1.7497844
19.891212 -53.798767 1.7133323
2.2011251 -6.6128078 2.2210217
1.5268325 -3.02424 -0.36721009
3.544642 3.6262665 -0.58987099
2.2447729 -6.5123758 2.1988184
3.5259373 -10.030284 0.18012619
16.960051 -40.930088 2.9368393
2.299228 -10.824531 2.1363437
-2.4402711 -11.416645 3.5078003
2.1400723 -6.4504352 -0.26015216
8.8010302 11.651239 -1.1481324
2.9705727 10.960716 0.76345867
1.2400866 -8.7172842 1.4444814
20.700735 5.918107 4.3917823
-0.012898779 9.8177195 -0.67043662
2.2707307 -6.4221659 2.1778426
-2.7744761 10.315247 3.0204344
0.93854117 -3.2839389 -0.35951439
17.027679 -43.2127 1.4356258
16.486382 -43.003288 3.0489831
-3.7168593 10.814973 2.7993946
-4.8344769 6.7896891 1.8189476
-0.054154504 -11.569152 2.6423314
1.6858354 -7.352634 -0.050024454
11.070751 -3.3831484 -0.75095081
-2.663126 12.13282 0.38492694
16.742975 -40.953167 2.9344573
1.5373704 11.983318 1.2152011
3.7398741 -9.8782911 0.17916389
17.541021 -41.08786 1.3838406
29.108135 29.885483 -2.3060038
3.9409046 -9.8394232 -0.19656096
1.4103144 -8.7435236 0.82535696
-3.8545403 -1.6882293 0.24209738
17.544973 -40.875351 2.9439328
10.75121 -3.8416669 -0.73123717
20.170784 -46.651814 5.0999484
7.4072518 -2.0975456 -0.68819356
37.456589 5.5193858 -1.8960277
-2.750411 -2.5698733 -0.24286833
-3.1437201 -2.372297 0.12111022
1.8383168 -4.7498846 -0.30676827
17.986353 -41.050804 1.3846152
26.123556 -10.753686 -1.1958774
7.9062338 -1.0318122 -0.73486137
-4.2855401 -3.1765351 -0.29644945
4.8333077 -2.7289569 -0.40757427
1.3375015 -7.4121943 0.21740234
1.1410458 -9.8740616 0.54387438
-4.1669412 11.119505 -0.019133134
-3.8825753 -1.749864 0.24185206
2.2423143 -5.3651047 0.42870715
5.3324833 6.5700598 -0.8508231
14.509055 -26.459551 -0.043601461
-0.66527587 2.1924675 0.071977228
1.1047248 -10.963329 2.9298413
2.2706702 -5.3597107 1.0508031
-0.055519737 -11.561742 2.2206094
1.2594178 -3.1545129 -0.36276937
2.3106568 -9.6523333 1.5905256
0.28602931 -2.5588162 -0.38039008
2.2869537 -5.2766204 0.42669791
-3.8571701 -0.85985714 -0.27607414
2.3075237 -5.2859964 0.83563286
4.0945969 -6.8850589 -0.37283605
2.14922 -6.9725261 2.3107908
-3.7827613 -0.8089565 -0.3946594
2.3120215 -5.271565 0.22454377
21.12888 -12.034618 -0.099132732
17.890112 -35.846981 1.2546649
-2.2703333 -9.7819605 0.55339295
22.25349 -44.120197 1.4794035
18.470423 -1.5620476 0.56201673
2.3401699 -5.2012548 1.8739897
-5.8068147 -2.43906 1.2788433
13.394858 -26.695425 -0.032372762
3.388257 -10.045135 -0.19232307
39.002861 21.92255 -0.84192246
16.395622 -41.966522 2.9873202
33.184456 0.77724349 0.74400276
-2.6462395 1.6034888 0.37522072
18.735325 -6.8503437 -0.064319737
1.6659877 -3.7684307 -0.34730312
33.15889 1.2144121 0.73967469
3.0134716 10.854132 0.75967407
11.987376 -1.4445636 -0.81710184
1.7394748 -11.598326 1.0011401
0.90736812 -2.3525596 -0.38709795
2.7308061 3.9539626 -0.54357564
-3.9704227 8.8888054 2.7752993
-5.3177509 -9.3606386 2.8402877
2.2332029 -4.6867099 1.733502
2.1474388 -7.624938 2.4831357
0.35458896 -11.620816 0.99861276
0.93736714 -4.9976134 -0.29511091
1.8429469 -10.206351 3.1595581
1.5336651 -4.8676419 -0.30412337
3.7933981 -0.8509329 -0.51928765
26.307499 13.964291 -1.5151428
2.6275027 10.674144 2.7121871
2.6729853 -9.4225731 0.53320992
19.590475 -22.155977 1.9853668
-3.3625007 12.222635 2.1650038
22.977892 -42.465012 3.1420083
2.3337121 -4.7311916 1.7568941
6.9324341 -12.246935 -0.36782303
-3.2142482 -11.252769 3.5116332
14.282887 -26.541851 -0.041471817
1.6086977 -7.3451581 -0.048457064
34.350529 -16.236116 -0.34188434
1.3575916 -3.1170013 -0.36552957
-3.8671579 -1.6155645 0.79185665
34.171001 -16.816666 0.99215806
14.380659 -26.522305 -0.042484187
3.5026975 -9.9707842 -0.19179071
22.178665 -40.440475 1.3887231
18.378893 45.377522 0.6245985
-0.66551036 -5.8165112 0.64357674
-5.207324 -2.4439263 0.80024934
6.5284147 -12.254772 -0.35630411
10.722039 9.7579479 -1.1294186
0.094333626 11.351406 3.1984198
-5.0793772 0.08748015 0.21352784
2.3295007 -4.6783347 1.7434751
2.4976773 0.15709206 -0.45591837
1.7428123 -11.584548 3.0975497
16.258804 4.7215877 -0.71681398
14.983658 -8.5190582 -0.60031468
14.603291 -9.515317 -0.59940839
-0.061886415 -11.580505 1.3998455
28.729633 13.763613 -1.6303754
-5.3252063 -9.18542 0.56530893
-4.4356236 -11.359854 3.1951487
1.7551036 -3.7096572 -0.34652296
5.8562808 -0.6396144 -0.69556379
-5.1534424 3.2238047 1.4024022
-3.1016641 1.6354463 -0.23712604
-2.3319621 0.28607681 -0.2637327
18.311892 -2.8256762 0.57443726
21.240149 -37.353878 1.3085855
-5.246047 -6.6431503 2.2745118
1.7314783 11.990188 0.79517257
-1.5517217 0.23971912 0.036750771
6.7308264 -12.258363 -0.36229008
18.300587 -3.2078602 0.57898259
3.5273535 -6.7149096 -0.3343811
2.6905866 1.3567189 -0.48117188
8.0182257 -0.70437008 -0.74785626
0.53871435 9.9555254 -0.68805671
-5.8038397 -2.219352 1.9136171
-5.4241896 3.3534045 1.2373133
21.099583 -36.313816 1.2826076
-48.505257 2.8277829 11.549086
16.938688 -42.219112 1.4101942
15.198487 -26.31814 -0.050924983
3.7505772 -12.230518 -0.28801131
21.027651 -35.676723 1.2668079
-5.1459012 -1.8894728 0.95609772
-0.88368177 12.095277 0.79976052
7.1473646 -12.25541 -0.37459233
-3.9179986 -1.5304013 0.79273587
15.654396 -25.860207 -0.053868908
9.8248568 10.853704 -1.1483425
17.353264 -28.481203 1.072279
17.190071 -44.86264 1.4779688
28.612513 30.129665 -2.2978847
26.364246 34.033897 -2.4071379
13.926727 -26.58666 -0.037668314
-1.7133217 0.42497361 0.68197596
-40.681725 3.2694056 11.223156
2.3198133 -5.2045403 0.022551859
-4.7444587 7.6175785 1.617889
2.3485796 -4.1382217 1.4366287
1.3088703 -9.5631523 0.20057788
-0.064137667 -3.4783721 -0.35226554
-2.2858837 12.112653 0.3825126
4.3560104 -6.980896 -0.39223802
2.6341109 4.7005973 1.6959221
-0.78741866 12.04681 2.9401553
18.36673 -12.10796 0.72136086
-2.6530209 -2.7022567 0.59973109
1.050393 -7.7561646 0.21650687
-5.1792917 -3.6257675 1.0798397
-5.1179576 -2.609997 1.5901862
2.3058827 -10.005389 2.0026708
-5.1510196 -3.8864255 1.0989133
37.899487 8.8144274 -1.9844493
29.313787 29.812233 -2.3108029
0.96252018 -2.3277619 -0.38842732
32.493603 2.5616148 -0.42103362
0.9475795 -11.632715 0.9999783
-4.9140882 8.1067066 1.3629047
-2.2602522 -11.496175 1.8284963
1.7125077 -2.9854753 -0.38091251
0.16273311 2.6406567 -0.45306492
18.867685 -7.037869 -0.78069305
1.1427802 -2.2456343 -0.39488003
9.2905064 11.299787 -1.1492808
2.7159536 -4.396265 -0.32713413
16.246468 -2.6530132 -0.62120938
-5.1635456 -2.755686 1.6171206
8.375412 -12.161132 -0.41066819
12.524704 5.5541778 -1.0278877
29.319571 13.478423 -1.6513326
18.533272 -6.6075101 2.0213532
4.9609222 -7.2101293 -0.43865579
-1.8477108 4.7722392 -0.54970062
-4.4640555 -11.434965 1.4640695
20.070885 45.169018 -1.0899862
-1.7572727 5.1810527 0.14449476
-3.1663349 -2.1546659 -0.38315201
-0.46518463 -3.0328074 -0.37714601
26.285543 13.573365 -1.5007563
-5.1473408 -2.8000042 1.2126782
19.832054 -26.182196 1.0346467
18.613268 -14.611533 -0.054920167
52.496449 19.964649 -1.066944
-3.2949653 8.4079428 -0.56956327
0.028301429 -6.9439106 -0.25502026
4.2859983 10.576841 -0.43775806
19.955179 -26.087225 1.0333697
19.941814 -26.045057 2.1890259
2.136595 11.945621 -0.052874353
-4.8967481 4.3838773 1.720611
2.4067328 -1.5240984 -0.079596758
5.4758334 -7.3494768 -0.47582325
6.2760463 6.1031647 -0.88763452
-4.878407 4.2387438 1.2446493
20.109699 -25.976294 1.0319731
-5.1737962 -3.2537365 1.0495571
19.603222 -25.011209 -0.10179605
-5.4234219 -10.643555 1.4286131
-3.2339242 11.352503 2.8804719
-4.7806549 5.1481071 1.8210617
-2.3256125 -0.77781439 -0.24229953
20.279772 -25.829308 1.0298884
3.1894305 9.4111748 0.0067878915
5.5594134 -7.2851558 -0.47681996
2.5381081 2.1718106 1.1210495
17.176809 -41.129635 1.3835468
-3.4187808 -2.4428391 0.17931291
-1.61721 0.67869461 0.2274825
15.596061 -26.039513 -0.054156605
18.556942 -3.0167983 1.9115806
-2.5877366 5.451745 0.13484494
-2.5408661 -6.9178419 0.22947559
-0.69310546 -5.1330729 -0.29048511
-4.3991704 2.2402575 -0.4655053
0.73391223 -2.8477464 -0.3770811
2.4670746 0.55651164 -0.46591571
-36.860783 3.8812461 8.8439255
19.71759 -24.204464 -0.099992797
-1.4625252 -2.7910311 -0.37675014
-2.5384822 -0.64724749 -0.32743067
18.979282 -10.892257 0.70606011
3.0569029 11.182609 0.36506328
21.359161 -25.744595 1.0363191
2.3499043 -9.5953188 2.2984912
5.4724221 -1.629113 -0.65431446
2.3472731 -9.2833252 2.5846469
26.332705 14.2992 -1.5279446
2.3060091 -8.9271507 0.84459102
21.805374 -26.083979 2.2465036
0.53726453 -2.4830389 -0.37975705
3.0177875 11.406476 2.0358677
-4.5971217 11.533605 2.129966
-4.2217693 -11.396707 2.3114042
5.7312083 -7.2178378 -0.48293954
9.9350367 -11.966179 -0.45981884
34.414974 -15.57778 0.97438771
2.3969793 1.1687065 1.0313824
-4.0018067 -5.8847041 -0.25555247
1.3339939 4.7609582 -0.55758107
5.9008975 -7.1648326 -0.49001572
19.435505 -22.568342 0.94953352
-3.8368161 1.2562175 -0.45028642
17.323481 -40.892319 2.940985
1.3141826 -11.408966 0.18575208
-3.8078306 -2.4086244 -0.35403183
9.33815 -12.050069 -0.44056538
19.421299 -22.26816 0.94271851
17.981489 -40.822048 2.9487517
19.208864 -21.84827 -0.08333461
-0.18479909 2.6082551 -0.14954771
1.2917866 -4.966826 -0.30436784
2.563252 1.43285 0.75746858
-2.6442487 -6.9080672 0.22926213
10.988284 9.4068909 -1.1243646
22.881815 -43.932514 3.2213547
38.55714 6.3050685 -1.9707986
1.534543 11.954482 0.79266948
3.7428255 -9.8868093 -0.19381063
-3.4498782 -10.357604 0.95628428
-1.3398358 -3.3342183 -0.35408065
19.396063 -21.821772 0.93258733
1.7194605 3.5104449 -0.24577971
-4.6146159 9.6877642 1.1258183
1.9452584 -6.4810848 -0.25607011
-4.1858497 -8.8034391 2.9559498
1.3591319 2.8294291 -0.49584743
19.58646 -22.01198 1.978279
18.513193 -1.4172939 1.2207856
-0.46237013 12.024284 -0.043102615
-4.6910977 -11.054499 0.1931892
-5.1463766 -9.8251085 0.19941655
1.9433998 -11.539547 3.0945356
-2.1841261 -4.2795143 -0.076004103
2.8461154 9.5565424 2.1295817
19.201096 -21.633692 -0.082431942
23.199879 -43.865551 3.2244456
-3.1196244 12.139999 -0.044259477
2.3530068 -8.8948393 1.8241506
1.6280392 4.0315337 -0.14757718
6.1379046 -7.0965676 -0.50065124
0.95859343 -11.603581 2.6582227
19.353685 -21.373915 0.9223237
-0.9499532 -2.5413744 -0.38163519
0.12503694 6.8140726 -0.61657691
0.79737133 -10.855253 2.8971243
19.010107 -21.027061 -0.077400617
-1.311841 2.0343242 -0.33929071
20.263456 -26.053583 2.1988089
12.640794 1.2043908 -0.89966673
-2.7876544 -2.6904392 0.78823167
19.131584 -20.945776 -0.078942023
1.4868602 -8.8578272 0.51710135
23.104008 -42.378731 3.1400256
18.250845 -6.0331368 1.2993226
2.6616585 -3.1435437 -0.36596775
19.128996 -20.623302 -0.077798851
-0.66193289 -5.8705549 0.44161811
-1.8350672 -4.6460857 0.077248618
19.320665 -20.604576 0.90513998
-5.1921077 -3.7934439 0.22622502
53.225471 23.177048 -1.1334772
0.73826748 2.5185959 -0.46278897
19.313787 -20.403868 0.90069616
-2.6471376 -11.484503 2.680603
19.469971 -20.61157 1.9076165
19.480865 -20.818348 1.9177555
21.213425 -37.022976 1.3004128
-5.2090425 -6.278996 2.198976
-2.855922 8.5533104 -0.57226342
19.450764 -20.398148 1.8969185
18.549095 -3.8113103 1.9309194
19.090036 -20.007576 -0.075176194
-2.1054945 0.32554591 0.18416074
-5.4156451 -10.206824 1.390035
2.3752892 2.3687787 0.79294556
10.93501 -11.653062 -0.48905534
-4.6318913 9.104001 0.38141644
-4.3784566 -2.4754415 0.40194026
19.294851 -20.192978 0.89593667
3.9378145 -4.4154258 -0.42689931
-2.1443486 -4.5079412 -0.0909229
-2.077944 2.9405212 0.56036317
19.373543 -21.602818 0.92754948
4.3632245 -2.4592364 -0.52794212
19.080914 -19.807205 -0.074400268
3.3800714 -11.850223 -0.26544705
19.066952 -19.603786 -0.073550172
19.06514 -19.486027 -0.073160924
0.34845331 -11.470189 3.4626226
-0.26176199 -4.1920109 -0.33111456
-0.046724331 -11.590975 0.99723279
2.2400458 -9.8715897 0.5441367
-2.586545 0.38750273 -0.24996683
2.3049109 -5.2860942 0.63187921
18.543951 -6.7776222 2.028801
2.6561704 3.5441236 0.6384033
-0.79949725 -5.8254519 -0.16680646
-3.2171111 1.6753973 -0.37995893
-1.6245974 0.68389523 0.027187521
19.407513 -19.600367 1.8582025
6.3392987 -7.0470567 -0.51051342
2.8391199 -0.75511384 -0.44556615
19.03101 -19.088577 -0.071441256
20.521477 -25.78953 1.0308194
-2.2531469 1.5849564 -0.033157546
19.384428 -19.332916 1.8450484
20.913109 44.968391 -1.0935938
1.7594948 -11.607761 2.250031
-0.26463509 -3.041507 -0.37803525
1.6393566 -8.8945179 1.1524298
19.054941 -18.985964 -0.071517378
2.3001838 -8.9263163 1.1673746
-5.3348203 -9.8625345 1.3566025
-4.6497202 8.5171404 0.046513937
19.380623 -19.201403 1.8388594
19.042915 -18.855341 -0.070954069
11.336378 -11.47772 -0.50024772
-5.1933718 -3.6480756 0.22637014
-5.1224594 -0.83450419 1.2615521
19.354279 -18.995857 1.8285183
-5.2824984 -8.7886877 1.9817357
2.0220325 -8.7926817 1.4720868
-3.0007432 1.7091072 -0.023683282
-2.3137186 -0.66959661 0.57461643
2.6651406 1.8705959 0.43735519
1.7328358 12.026694 2.0848424
21.54641 -25.802551 1.0391114
16.340014 -41.446068 2.9562397
35.070339 13.36293 -1.9461764
-5.260067 3.3809912 1.0037245
19.415133 -19.793707 1.8674426
6.9397511 -6.8225107 -0.53770506
-2.0363653 -6.6574202 -0.24650052
1.5364162 -6.5786633 -0.25158945
2.6635282 2.7324619 -0.52560037
-49.482143 2.4109375 9.9952774
2.4803131 -8.8363047 2.4894853
-1.3285365 2.1452072 -0.19505288
-4.4339342 -11.423415 2.7697499
0.13844381 -2.5983627 -0.38299507
-0.78390986 -5.9473209 0.23835185
1.3510001 10.332708 2.9640505
1.9452929 -9.5727386 0.87972188
19.394438 -22.027916 0.9371509
-2.4193995 5.2012711 -0.2506707
7.1712589 -6.713872 -0.54788953
2.0348661 -2.0080481 -0.3973116
38.503014 8.7617121 -2.0162666
-0.72764516 11.987161 1.2114766
0.95637375 -11.614196 2.2360473
-3.0109057 2.5631871 -0.46016586
-5.1473641 -5.0362997 1.9609587
4.7513638 -4.3480978 -0.49661574
0.22210939 -4.142662 -0.32955238
-5.2157679 -3.6751585 1.529866
-5.0404835 -1.4735113 1.6443201
3.1800361 -2.9530101 -0.40786424
1.13513 -6.7042103 -0.25166628
6.0452914 0.572272 -0.73707861
18.786453 -15.829911 -0.059728589
-5.1687012 -1.8899374 0.77238232
1.6340361 3.7808313 -0.42305151
0.47771496 11.144577 -0.41376913
16.342638 -8.8682022 -0.013431947
-4.2003479 2.1750183 -0.2728478
-5.2004209 -2.3349831 0.7945056
-4.2530761 -11.41678 1.4555783
-5.3693051 -9.260129 0.2017231
-3.9391325 -5.930728 -0.25577885
0.19369261 5.153358 -0.58227962
-2.5345984 1.6370175 0.36083338
2.1003819 -1.9820586 -0.40542758
19.017881 -15.640789 1.6681485
-0.058736082 -9.6247082 -0.13000195
16.510645 -13.415349 -0.01754494
12.942061 -10.634955 -0.54685837
13.073789 -10.562088 -0.5509885
15.526195 -26.201721 -0.054217905
20.611925 -5.7260699 -0.86533165
2.7251723 3.7665777 0.32102174
18.982658 -15.003689 1.6400477
5.1669168 -7.2735338 -0.45386502
13.173868 -10.504699 -0.55412734
19.010269 -18.35619 -0.06905698
-2.0981162 -6.6359954 0.47020727
-4.339118 -3.115319 -0.29748657
1.6137798 3.9695427 -0.29404798
18.251888 -5.8057323 1.293586
18.324085 -3.7690728 -0.07076402
-5.0840406 -1.5620545 1.6635873
-3.10725 -0.70393819 0.65582794
18.324188 -2.0341504 -0.082662471
18.310955 -2.602185 1.2288946
2.7311144 11.921267 0.79993057
-3.0252395 0.53405178 0.62968379
-2.4754784 -1.6255774 0.069632217
2.3296335 -5.2475944 1.6693867
2.6554589 11.954874 2.5454707
-3.2037804 -2.3221014 0.11998815
19.031845 -5.8142586 -0.074366502
18.334377 -2.2423756 -0.081296712
18.534599 -5.5966234 1.9845803
-3.2568586 -8.8120022 2.8642724
18.351158 -7.2302599 0.63653779
32.187534 4.2334213 -1.5823048
3.5556347 -1.2507174 -0.4897984
19.248896 -10.745814 1.4875537
19.370485 -21.242937 0.91957861
22.460815 -40.606464 3.0279815
-4.690248 9.1949072 1.8185141
18.352463 -2.4204657 -0.080354705
18.360096 -5.8289046 0.61536914
19.473301 -5.6815324 -0.8036955
-2.383194 -1.5790851 -0.39164284
-1.5307109 0.36625209 0.11253377
10.537954 -11.783878 -0.47728083
1.8053169 -1.7095852 -0.41144317
-4.4051399 11.928623 2.6307073
-1.5785356 -11.40604 2.2108846
-4.6559119 9.7271605 2.2732115
-2.1988716 2.6277475 -0.48468313
1.1386609 -3.9867663 -0.34249207
18.424969 -1.4894657 1.2174511
16.240217 -1.3129224 -0.62532026
2.1620581 -7.9759293 2.5775776
16.71382 -16.373709 -0.027296824
6.9961753 -2.6894941 -0.65529376
2.4588699 -1.528318 -0.24064152
13.739715 -26.637619 -0.035866719
2.5192511 1.5736086 0.75075024
19.033434 -5.2898464 -0.076848716
-4.462709 -4.5783219 -0.20024745
18.271265 -4.0081673 1.2533057
3.9937003 0.99328941 -0.58309257
2.7552311 4.2349401 0.68444145
2.2684522 -9.4751501 0.5338735
-2.8835311 10.337881 2.2599337
-4.6450272 -11.423985 1.4691592
34.355274 -14.581157 0.95734692
-3.6197762 -2.6080446 -0.34703413
-5.8082685 -1.8737799 1.663969
19.02984 -5.4520578 -0.075994484
-0.6663987 -3.4707265 -0.35267702
-0.93857813 -6.6508145 -0.23176534
3.2989967 -10.457046 0.17910819
3.3606191 -10.377157 -0.20511343
16.253761 -4.2756605 -0.025833784
1.5164917 -8.7513838 0.82658952
-4.7478623 8.178566 2.3620501
-5.1112385 0.046675708 1.2369809
16.309807 -7.243094 -0.015775159
-1.6504772 12.13954 2.0986688
2.2406836 -4.0052652 1.5694782
-2.4388411 -5.8722458 0.018970717
2.9428227 -0.44148329 -0.45937473
-4.2457538 -11.35692 3.179045
3.1208434 -4.4673133 -0.36371925
0.98405212 -11.264996 3.4175127
2.241966 -3.3675039 -0.34717101
-3.3872719 2.2671461 -0.47601366
4.8518453 -2.6450315 -0.20619856
-5.1535921 -2.7723424 1.0118686
14.278878 -9.7646694 -0.58891577
3.398814 -11.977843 -0.27101877
18.355522 -5.2477522 0.60693139
-2.8576932 12.117166 0.38606218
20.034187 -26.223503 -0.11317089
18.533991 -4.3990703 1.9462396
7.0818877 -6.7621655 -0.5442071
8.5324097 -6.0312324 -0.61547458
12.804476 2.7507391 -0.94981134
-1.6038171 2.018213 -0.37431562
2.3290176 -9.9862623 3.1278257
10.332319 -11.85393 -0.47143799
20.644304 -11.160171 2.3873105
2.4219143 -1.6559129 0.17665634
16.537979 -43.539928 3.0810108
-3.4676602 12.167809 2.6167119
7.6041112 -1.6675035 -0.70407516
-2.8541257 -11.472456 2.2598529
18.267962 -4.2245479 1.2576652
3.0304813 -0.074196786 -0.4769654
-3.3801737 -8.8093777 2.874769
-5.3444972 -8.6604319 0.20539275
2.4526229 -8.8571968 2.1583691
5.6232486 -1.3180437 -0.66890508
28.921587 29.976992 -2.3028905
18.299036 -3.0145106 1.2354838
-2.0101569 -9.7476091 -0.13768747
-3.113028 0.44803163 0.33776155
19.893368 -10.655633 1.5120665
0.93278897 6.7847157 -0.62651181
18.54632 -3.2300029 1.9157866
-4.1237984 -6.8537984 0.22315581
21.144075 -11.263791 -0.10025039
12.734537 2.1458647 -0.92787606
2.7127368 4.29351 1.0548548
2.3492541 -9.4249582 1.9098549
2.5128562 -9.0849895 1.1867465
3.4643848 -12.056978 -0.27547675
-2.6798887 -9.8840532 0.55880696
-0.86381304 -2.9872341 -0.37833136
26.316147 14.129189 -1.5212431
3.0333264 10.335518 0.73911345
-0.86334389 -5.1256237 -0.29126889
16.957701 -41.151432 1.3833073
1.060946 -7.8179665 -0.060794897
21.144873 -25.874826 2.2160485
-0.86335421 -3.4503415 -0.35393718
-1.6119667 0.54883808 0.22263138
-35.666901 4.5441818 8.5777531
18.545776 -3.5947659 1.9249178
1.327015 11.96841 0.36961448
2.4564619 -1.5925745 0.019842019
12.607121 4.954318 -1.0090352
-4.7719083 7.5617266 2.247586
-5.1519532 -3.6312006 1.73357
-2.8536544 11.751069 2.9440804
18.542971 -4.0256462 1.9362783
18.362881 -5.4396877 0.60976595
1.7202646 3.529808 -0.10748258
18.326385 -3.4364436 -0.072877817
12.785441 2.5559916 -0.94281161
18.382294 -12.411695 0.72727478
10.499757 -4.1963444 -0.71709734
22.861555 -44.230545 3.2375307
-3.6465504 1.6624994 1.0070391
1.3250407 -11.636806 1.0014422
-3.1015296 1.6159638 0.37783065
-1.8508043 -11.526906 2.2373359
-5.1337895 -3.9099405 1.5471529
3.0421748 0.019715931 -0.48048991
0.73839331 -5.0320988 -0.29310232
5.3538489 -4.214509 -0.54706818
4.1423655 -9.8751736 0.17518497
-2.8656647 -4.6338701 -0.30935672
1.5433635 -8.7412939 1.4536216
-4.3678436 -2.3774698 -0.092999399
18.564684 -13.650685 -0.053041827
2.306505 -9.4705286 1.2183489
-5.3300867 -9.9540806 1.7618867
-2.6248434 1.7314689 0.61776596
2.231019 -3.3981788 -0.34971553
11.69371 -2.2355077 -0.79348963
2.6394467 1.7795979 -0.036231238
7.2359023 -2.3489902 -0.67369431
0.89802521 -11.318911 3.4302409
-2.6792541 -4.6911869 -0.30465841
5.7050028 2.7540407 -0.79585069
16.277288 -2.8439841 -0.034693494
34.287987 -16.724714 0.99202859
-5.8120642 -2.0323265 1.6785388
16.772568 28.693459 -1.8061761
-4.4108706 9.9716845 2.6825387
-4.9074893 3.1700606 1.7646281
20.86952 -9.6324129 -0.097899489
7.7314429 -1.4409541 -0.71669585
32.246914 5.0217338 -0.44460458
32.167233 5.730444 -0.4518317
2.6955361 11.614054 -0.46801698
16.306385 -6.6335945 -0.017367218
20.273663 -10.746753 0.71888679
-2.9072871 -10.676143 0.20047234
-5.1739054 -2.773181 1.2140627
12.813511 2.9688647 -0.9568305
15.674944 -25.712351 -0.053300701
1.2214998 -8.7437983 0.51408839
27.178104 13.339033 -1.5379027
0.92889613 11.985366 0.7918874
18.244965 -6.878602 1.3216587
2.3357015 -5.268888 1.2510418
27.998919 -6.2411847 -1.2686952
6.7284999 -6.8984776 -0.5276286
-0.26015222 12.096146 2.9467309
2.2699013 -5.3638396 0.8411842
0.93569165 -9.3382092 2.8843215
-5.2354364 -6.649735 1.9745702
-4.6807752 8.7518597 1.4120065
18.321501 -3.6146798 -0.07165838
-0.26046941 -6.9383659 -0.25323001
1.2800022 10.404593 2.9797285
8.0329819 -0.64445227 -0.74969351
0.12525488 12.045281 1.2131472
-5.2148743 -6.3065863 2.5007944
-35.744041 5.2423668 8.6106262
5.7968464 -0.84605569 -0.6879257
12.283874 -0.44838166 -0.846964
37.24654 12.792459 -2.0453694
12.379881 6.1638598 -1.0442423
14.139277 -9.8393745 -0.58388549
18.307451 -3.0258341 0.57682151
2.2567799 -8.9957285 0.1985473
-3.2889771 -2.5711842 0.38550663
18.249472 -5.2073445 1.278843
2.1309152 8.2271748 2.477304
-5.1202097 -0.43081522 0.98433274
2.6886382 -1.0201249 -0.4262476
-1.4463042 -11.439125 3.471972
18.346832 -5.0252132 0.60368031
18.718256 -1.1033876 0.56052083
2.3299732 -11.401883 3.0790462
21.10261 -11.024023 -0.099800587
-3.5867507 -1.4021499 -0.38824686
12.226843 -0.70191664 -0.84033757
0.58216441 -8.7550678 2.7138269
28.055544 -6.0226049 -1.2714444
18.300213 -3.2278285 1.2394322
-4.6039972 9.7326136 1.5068338
18.292467 -3.4168677 0.58149785
2.2595253 -5.3475113 0.63446617
20.530308 -25.946859 2.2012808
-4.2949419 9.7504292 2.6269937
3.9399238 -6.8522091 -0.36306509
-3.0597348 -11.437654 2.2622404
4.7630606 -2.2698839 -0.57479954
19.106215 -20.214052 -0.076092571
-2.2773969 -3.8757606 0.075060509
1.9868603 -10.261316 3.1820602
-1.0650556 -6.576632 0.69347852
37.435734 9.9574575 -1.9847807
-2.4997897 5.4302502 0.54396451
-4.8509216 -11.415691 1.0470158
19.900991 -13.256137 2.4473097
19.410975 0.076931916 -0.81327331
5.9454498 -0.24709693 -0.70941019
-0.8712095 4.4750018 0.0065270732
-1.6320457 -11.449218 3.4808931
18.426634 -9.8554649 0.68112767
-4.736629 8.9742956 2.1553345
-2.3491879 1.6769705 -0.28946522
-4.5292735 -11.291936 2.31233
-1.5482727 0.33762842 0.032016985
1.3446814 -9.1232595 0.52404827
-4.2367311 -2.450166 0.56179726
5.8265882 2.448127 -0.79157007
2.2290347 -9.0605011 0.19827189
8.5647688 -12.129437 -0.41602865
-1.0752616 12.124507 1.2247379
-5.8589783 3.3946824 1.7718488
-5.9387531 -4.9499674 2.0816247
18.937222 -1.3717974 1.9110266
27.227713 31.290867 -2.3006725
-4.5965967 9.7371883 2.652745
18.471684 -13.971611 0.75843275
-4.5906377 -10.002697 2.9044142
-5.0835247 0.13827348 1.4042376
18.494081 -40.759769 2.9546881
-41.231922 4.6352763 9.8713789
22.111689 -43.170204 1.4553088
18.8619 -13.788414 1.5857306
17.524698 24.176476 -1.5873486
27.951811 -6.4704266 -1.2665769
18.335064 -3.2360218 -0.074350953
0.39992967 -2.9346087 -0.37315774
19.614952 -22.394859 1.997723
8.3208771 11.972705 -1.1472347
-2.045275 -11.541575 1.4138916
18.745663 -6.4520683 -0.066004038
0.55237287 -11.577228 1.4000083
-3.2587092 -11.459273 1.4312383
1.8218411 2.6173711 -0.51436985
18.552843 -2.8136573 1.906576
0.14040735 -5.1305094 -0.29232898
2.8366277 1.0627276 -0.48442796
2.0975206 -10.210248 3.1743481
0.13754746 -2.9994042 -0.37595528
-3.1811841 -1.0174394 -0.40322217
19.410633 -22.397461 0.94551396
3.6951833 -1.0399827 -0.50687712
1.0792358 7.8527002 2.3236644
-2.3475716 -1.9400492 0.35762456
19.152876 -10.626729 0.7033782
18.358486 -4.8082557 0.60081726
15.040864 -8.488081 -0.60263211
19.345526 -21.023943 0.91454762
30.433466 2.0559833 -1.4523324
18.592628 -5.6856513 -0.75636828
11.501773 -2.6436527 -0.77965575
3.0546236 11.784292 0.36907679
-5.4823852 3.3672533 1.026337
1.4541538 -2.5613005 -0.39732975
2.4653523 -1.6470402 0.59076589
18.360603 -4.6232963 0.59830356
37.586529 5.4237628 -1.9015759
18.766796 -12.396592 1.5275645
10.664939 -3.9662716 -0.72628522
3.0485845 11.821799 0.79916024
-5.3067517 -10.66791 3.1214185
2.1589839 -6.7938743 2.2646735
4.9576402 6.5343356 -0.81670278
-0.65552962 12.105429 2.0790029
-5.2985287 -8.409626 2.6377888
19.612537 -25.512798 -0.10413447
1.142516 12.028075 1.6450055
18.547092 -13.819004 -0.052888501
11.523359 -11.371167 -0.50496221
18.627867 -1.3858128 -0.75806272
1.3724554 -8.7906075 0.51531565
-2.4452953 -4.7931633 -0.30305609
-40.801594 3.520834 8.2866945
-1.629948 -9.7340288 -0.13505019
2.678196 5.5832167 1.898
19.558208 -21.785049 1.9664387
-5.1157212 -0.59467489 1.0051188
18.291866 -3.7996659 1.2500534
0.91479403 11.994893 -0.047380269
18.350748 -6.7963076 0.62978154
48.931957 24.118563 -1.0673373
17.416584 23.338966 -1.5400097
19.403368 -4.2632308 2.7290566
27.565378 -7.7255402 -1.2498227
19.142492 -20.833284 -0.078718133
20.684227 -11.871871 2.4269395
2.1386654 12.007709 2.0923598
-0.28343153 9.7591181 0.69796848
7.341537 -6.6538453 -0.55666506
-4.7811537 -9.4447641 3.1871459
19.450695 -4.2087169 2.7326524
-2.9588122 -10.62194 0.20081788
1.3766521 6.6471243 -0.62115014
19.026493 -5.58215 -0.075315513
-0.00043939415 3.9424126 -0.52042747
0.29938725 -2.9598966 -0.3736479
2.5025358 3.0483356 0.7473731
-1.6864775 -4.6415057 0.064407438
18.360601 -1.8181396 0.56333917
2.147471 3.7177093 0.0096202577
-2.570817 -9.9667988 0.56020719
-2.9422436 7.8517489 2.4254634
20.059692 -0.094624951 0.56903428
3.1209457 9.0949488 -0.32426947
19.988688 -0.27398336 -0.84228617
52.949665 23.655704 -1.1361789
1.7124298 11.959965 -0.050646402
1.2584383 -3.9489071 -0.3440859
-0.63096946 -5.9284854 0.23825032
18.335464 -1.6293172 1.2150294
20.536142 45.08342 -1.0925965
12.122549 -1.0295738 -0.82970947
1.7620175 -1.7542256 -0.40967795
18.915678 -14.62066 1.6216265
0.72429252 11.96884 -0.045798231
-0.46618184 9.7189255 0.35671115
19.286055 -0.2615523 -0.11772181
21.133739 -25.721182 1.0340141
-5.1525841 -10.963537 3.1710012
29.574144 -1.0044433 -1.3720582
18.372393 -4.2269778 0.59311342
-3.6571565 -4.904521 0.65093768
29.545509 -1.2378817 -1.3686771
19.901543 45.108002 -1.0866719
8.7618027 -12.127072 -0.42271656
19.225294 -5.6765318 -0.79031891
1.4594624 11.684592 -0.45583183
-0.25434679 -11.577046 2.6441963
18.832598 -13.403517 1.569259
-2.7505803 -2.7157893 0.76594591
31.954803 2.7181673 -1.5462008
23.32822 13.600186 -1.355305
-0.46361059 11.746718 3.3009789
16.238432 -1.43455 -0.62458897
1.3607991 -3.9157052 -0.3458834
2.5353329 11.918811 0.36934841
-5.2235031 -6.8134184 2.615541
1.9170895 3.5112934 -0.1152266
-2.5026312 4.5245738 -0.54849535
-5.0778017 -0.8253541 1.607514
0.93682903 3.726959 -0.51388824
18.575285 -6.8633056 -0.7637887
-5.2061405 -3.5610812 1.5141007
5.1389351 6.54704 -0.83259845
18.552223 -12.204838 -0.052124273
-3.9417837 10.383353 2.7266495
-2.3871028 -1.9531244 -0.34782925
-4.6107721 11.194766 2.0840311
9.124095 -12.056177 -0.43310818
2.6274772 -1.1225618 -0.41975105
18.244595 -7.07758 1.3272073
-2.5257325 12.15308 2.5709193
1.0672203 -7.6366091 0.21735753
3.0611498 -1.7626834 -0.43298945
18.382807 -40.89983 1.3824112
11.606548 -11.308456 -0.50669217
-5.0377522 -11.36237 1.9163059
4.283814 10.71069 -0.44551075
11.00599 -3.4826019 -0.74688745
-2.0385497 -3.0576603 -0.36136299
-3.547708 -9.019908 -0.12410179
18.548929 -0.20959271 0.54906702
-3.1472428 1.7500781 0.71361548
-36.415401 5.6905375 8.7769194
18.867739 -10.975209 1.4794496
38.554672 7.9438238 -2.0021012
18.251591 -5.6180825 1.2888845
16.25218 -1.3110658 -0.045492098
2.4897745 -0.043740921 -0.45045227
-1.5580095 0.66635382 0.0038202563
0.5382666 -11.593716 0.99697465
2.3581822 11.649837 -0.46504393
2.4744847 -1.4036831 -0.41073322
18.638973 -6.8193436 -0.76677847
2.7655056 -9.0287037 -0.13856851
2.4046423 -2.288368 -0.37722066
19.01067 -4.0658259 -0.083000697
-0.28296888 2.1497648 -0.029564144
19.4445 -4.7278566 2.7510366
1.3428918 -7.5302434 0.48228142
0.34702444 9.8708429 0.35567939
-1.2617983 -2.867095 -0.37603584
16.832161 -41.214527 1.3844552
1.1384506 -3.2074058 -0.36151892
2.6955168 -9.0595961 0.19450192
-3.6597114 -8.9930162 -0.12476658
-0.036123801 11.733915 -0.44793531
-2.4851224 2.0157154 -0.25474259
-3.9143596 1.862028 0.49010974
-3.8578787 -11.446127 2.7362633
1.3909981 -4.9278531 -0.30423871
2.3145335 -1.6445905 -0.40344405
-2.1425169 12.066963 2.5414791
-1.8542068 8.3366432 2.467983
18.30769 -2.0193639 0.56488311
18.345098 -3.0151963 -0.076023802
20.385109 -6.6524391 -0.85823995
33.10046 1.7897816 0.73378044
-49.450142 2.2630904 11.768616
19.157583 -1.1798962 1.2492158
-5.4180489 -10.425422 1.4092497
-4.3580933 11.991728 2.6385565
16.309166 -6.8435779 -0.016815605
2.3358788 -8.9013042 0.19863483
35.187435 -2.1906412 -0.43082666
18.299652 -3.4382708 1.2433584
-3.6344483 -11.410173 1.4365636
-4.0367651 -11.438275 2.7459831
20.745623 -25.875931 2.2041194
26.64159 32.672943 -2.3478646
4.8597002 -2.4598532 -0.39824906
-4.6561432 8.9760723 0.73083305
19.263884 -10.767282 0.70718932
-2.9447379 -11.474617 0.19426635
2.4036875 -1.5076746 -0.40638685
30.014704 1.0740941 -1.4168253
2.1504972 -11.542943 3.1040304
-36.56543 3.5039933 8.770236
18.895489 -1.2145685 1.9050944
2.8202972 9.6836081 2.150404
-5.9963541 -5.4292774 1.8858685
20.731993 -11.634182 2.41802
0.93877971 -4.0368814 -0.33920798
18.252838 -4.8326721 1.2703007
-2.6385293 -11.455219 3.0972037
19.987783 -0.33759108 -0.84167349
-4.956234 1.9864384 1.6357778
-5.1808033 -2.4859188 1.3903937
18.671175 -1.2661405 -0.76118934
-0.069686219 -6.9477081 -0.25474706
19.913216 -24.987049 -0.10606533
0.12432654 -4.1548724 -0.32950577
2.2511621 -1.7638452 -0.40503544
2.3283815 -10.214923 2.420285
-4.8182664 10.915969 2.4866273
-0.67100334 -11.569331 0.5926947
-4.9389548 2.3819721 1.2914237
12.37817 -0.044568289 -0.85875952
53.357147 21.270153 -1.1047221
16.250765 -2.8414304 -0.62126535
14.912334 -26.391933 -0.047941867
12.818254 3.5575423 -0.97548497
-0.86645681 12.122524 2.5223486
-1.0624665 -3.4075246 -0.35343602
0.34009269 -11.497354 0.18956411
20.479279 -25.442039 -0.11602546
-3.0308325 0.55713493 0.37683019
21.174461 -11.839723 -0.10015826
-1.8144183 -0.23331442 0.21087733
16.24667 -2.4458904 -0.62154442
3.1583118 -1.6650053 -0.44265422
16.232239 -1.4687977 -0.62406588
-0.051111836 12.063456 2.5062611
1.4946624 -11.655931 1.4136994
-3.1037481 9.822361 -0.34048104
16.449955 -42.492371 3.0187168
-0.45875287 -11.573845 2.2238784
2.9645286 10.577183 1.1322862
20.230753 -1.1114329 -0.84924763
2.3348827 -4.4857812 -0.30960298
18.682119 -5.6477771 -0.76096237
0.95323366 -11.620016 1.8216054
3.8706968 10.270136 -0.79600453
12.245065 -0.60445642 -0.84249324
3.6419942 1.5794538 -0.55709559
2.852639 6.2939672 -0.64360404
-4.3318367 -2.5700409 0.90814465
2.753835 9.1794577 2.4046922
-2.4114289 1.7482928 0.026267285
2.9963133 -0.24197683 -0.46911898
2.4038599 -8.9517012 0.84718686
-2.6576042 -9.5028744 -0.13269022
18.239643 -6.7776351 1.3186266
2.4926829 1.791907 -0.25579008
-1.5700347 -5.0447469 -0.29623923
1.3114154 -9.3266592 1.1891725
18.317106 45.178303 -1.0726635
0.53423661 -3.382901 -0.35322651
22.788305 -42.772285 3.1548772
-5.1753087 -3.2205446 1.2554278
18.538708 -5.4056025 1.9784043
-2.8719141 -2.6149342 0.2530165
-2.3122866 -0.30623147 -0.037040371
17.468204 -29.924807 1.1077052
2.4244483 -1.6524323 0.34571138
18.542997 -7.180388 2.0447958
18.35553 -40.795746 2.9541457
-4.9035978 -2.7252679 -0.14407533
-7.4325953 7.9491534 1.5386394
19.732849 -25.003782 -0.1035881
26.943295 13.330673 -1.5257589
-4.8617287 4.9291668 1.5565934
2.4292657 -1.6112148 1.120016
-0.061462544 -2.629699 -0.38434964
17.652544 45.375999 -1.0714256
2.3422153 -9.9217911 2.7329662
19.500208 -0.20202532 -0.81562102
10.746224 -11.71139 -0.48328701
18.3491 -1.8300419 -0.084760748
2.7858911 8.9903402 2.3674464
18.569149 -7.4020329 2.0559406
4.8464975 -2.633117 -0.4045378
-0.4656536 -2.6179733 -0.38034222
-4.0599866 12.203603 0.84310752
-4.8146577 7.9435349 2.6604719
2.1806583 -1.861288 -0.40406045
-0.53346419 9.8480501 0.016699139
-4.2242475 -11.40568 2.7519579
22.708868 -40.48402 3.026849
-1.2421043 4.5569358 0.16197297
18.531267 -5.7960916 1.9912683
18.359341 -7.4097629 0.63947642
1.0168821 -2.7293742 -0.3783401
-4.7440915 8.053009 2.6753249
12.827309 -10.70926 -0.54355782
12.07212 -11.06561 -0.51978886
-0.94431174 -6.6928692 0.23249359
3.0727272 11.576121 0.78948677
-5.2321672 -10.820603 3.1473882
18.521908 -5.0196505 1.9643563
18.762102 -6.6283793 -0.7717514
2.182708 -8.1935749 2.6371186
-2.6438682 -11.462262 2.2504568
-4.9334993 4.1710348 1.4710892
-5.1332555 3.385632 0.99078476
-3.1638551 0.46707571 0.64598322
18.558754 -2.2063625 1.8942366
-5.322886 -7.956521 1.5291213
2.2301519 -4.7346344 1.7449567
4.2186036 10.151799 -0.41141176
1.3639736 -8.7887354 1.1385455
34.374081 -15.039398 0.96502912
8.0501938 -0.58938515 -0.75189781
2.5264189 -3.1625798 -0.35324523
8.026845 3.2468421 -0.85950887
-40.170479 3.4806628 11.087777
2.0261359 -1.3393811 -0.40763438
-3.8477783 -11.403721 1.8675243
18.272343 -7.4576273 1.3393477
-1.8482183 4.9611092 -0.031914297
-5.3006101 -8.6005173 2.6778402
2.5004547 1.3566025 0.87077618
6.1471763 -12.288327 -0.34685293
1.2043753 -9.2003908 1.5070292
11.449351 -2.7659717 -0.77622664
0.73882145 -11.613302 0.59026283
-5.155005 -2.3801796 0.22640266
1.0489994 7.899498 2.3342915
2.3114586 -5.1886015 -0.17694888
-5.3125324 -9.9900885 2.5701745
-4.7525144 7.5495815 1.6099703
-5.0386744 -0.22422032 0.050245926
2.2956967 -4.2405329 1.6330711
3.529083 9.1681271 -0.68334836
7.0732007 -2.5878944 -0.66116917
5.5629601 -1.4492167 -0.66292948
19.097685 45.268436 -1.0827038
19.164976 -1.2928044 1.9288685
19.50436 -20.974686 1.9259437
29.638065 -0.67758822 -1.3782903
-0.62178797 9.7309198 0.35733834
2.2891653 -5.3447351 1.2594978
20.66485 -0.86782151 -0.14084338
19.029079 -5.9494801 -0.073714249
1.5253508 -8.8028212 1.1420704
1.9180838 11.929332 -0.051053401
18.994371 -15.211029 1.6491499
-3.9318871 10.087437 -0.36751902
3.8859143 -0.6483376 -0.53232348
-3.5016916 12.206776 2.1686954
-0.26346451 -5.1675291 -0.29341319
-4.5168424 -2.9443376 -0.30396011
-2.6056724 -9.839673 0.91115665
5.6684217 -1.2111582 -0.67358828
18.781408 -10.657841 0.69953334
22.682602 -40.151073 1.384364
-2.4981601 6.075511 -0.55856043
-2.467675 -11.503231 1.4177837
-3.1791379 -0.30945337 -0.37421057
-2.3725529 -4.4148378 0.58653098
-5.3830132 -9.9505014 0.58471119
1.2436842 -2.1806617 -0.39594224
2.2173288 -8.80793 2.8038204
16.223642 -1.2682021 -0.62464255
-2.4613862 -11.483678 1.8319159
-1.1274251 0.21557385 0.054544535
13.313227 -26.742638 -0.031766161
16.986349 -22.430798 -0.053868584
-1.020643 -6.6314988 0.46337411
19.529522 -21.200754 1.937525
-2.053571 -4.0047626 0.099118777
1.3174427 10.07984 -0.7104525
2.3808365 -9.4166107 2.2646947
18.378069 -12.850139 0.73559749
-4.8071027 7.1799479 1.8756673
21.757326 -41.210445 1.4054022
-3.3631389 -5.0365491 0.44223085
18.294325 -41.027809 1.3852562
0.91719419 -2.7827516 -0.37949121
0.32772255 12.074588 2.0726233
28.161476 -5.6246881 -1.2768531
-5.3906431 -10.544096 3.1030593
-1.7941277 2.8569493 -0.13247444
18.242004 -5.5201216 1.286024
16.200699 -1.2636571 -0.044814464
-5.2551966 -7.2340593 2.3923211
-3.657558 -6.1016703 -0.25537089
2.2813618 -0.84572798 -0.42173782
1.7416685 -11.601662 2.6763108
-2.8127949 -0.68003887 -0.39923894
18.717115 -5.9259553 -0.06758213
2.5452225 11.977179 1.2282034
-1.5715209 -0.41873461 -0.066028915
18.818619 -13.222961 1.5615903
18.528538 -4.8310757 1.9589182
2.8508072 9.6911011 0.0023513322
4.7216382 -7.1358318 -0.42115495
-5.198153 -3.8114653 0.44144303
1.3332106 -6.6528883 -0.25215459
-2.5266485 2.0816438 0.32360977
18.731997 -7.2221136 -0.062984683
2.6878297 -9.4364243 0.19178909
2.75056 -9.4295015 -0.15459155
2.6416314 2.7786283 1.3130183
2.5801203 -9.0622454 0.85591108
22.325117 -40.404709 1.3886216
1.5273108 -7.4273505 0.21597002
7.3525496 -12.243776 -0.38046825
18.260487 -4.4033566 1.2611352
2.2951479 -10.204664 2.7965128
-5.3878217 -9.972084 2.9789875
2.5927613 2.566047 1.2670577
-0.61173886 10.779107 3.0534966
7.7267499 -6.4568114 -0.57449353
-5.0214763 -0.099046387 0.8802619
11.638495 -2.3616393 -0.78941751
18.911915 -1.1046455 1.2362275
-3.2879345 -4.8295474 0.63525635
-5.1333771 -6.3272552 2.4917028
3.977931 3.4155855 -0.61866784
-49.638054 1.4948695 13.637215
13.392257 -10.338062 -0.5601635
18.413052 -1.6458895 0.56214494
-5.2771149 -7.8324537 2.5161409
0.92248476 10.861403 -0.39949152
18.310753 -2.0099454 1.2194029
16.247211 -2.0199397 -0.62265748
18.35726 -6.4037971 0.62388176
-4.2181587 -4.8177171 0.6658113
-2.6567671 -1.5632113 0.03952001
1.8764492 -9.8539896 0.89614123
18.554865 -2.6262977 1.9026073
37.047024 13.056098 -2.0418859
-1.9215852 4.7790241 0.32950503
-2.3454778 1.6375123 -0.331806
-4.4346957 -11.421199 2.3272743
7.6519046 -1.5741011 -0.70856625
-4.793117 5.3732977 1.8600762
-46.579704 0.9727239 12.81111
4.2829413 -2.4992197 -0.51909757
-2.6206949 12.130595 -0.043621022
-1.5687898 -6.7537694 -0.24596734
20.703016 -11.969666 2.4334528
3.3578417 -1.4629062 -0.46489918
37.572201 11.276447 -2.0237379
-4.7690344 7.7773194 2.2879393
18.835865 -1.2808951 1.2347646
2.3393979 -10.829013 2.5428841
2.7307942 3.9083402 0.6635319
18.376301 -12.239492 0.72394824
2.5469842 1.9079782 0.14392908
11.737098 -11.257363 -0.51074213
18.317287 -1.8337574 1.2170873
18.856913 -12.313493 2.3205149
2.6312149 3.9326663 1.0046446
2.5416279 11.953781 0.79950655
-1.6906189 -0.36082917 0.41814554
2.2394083 -8.914875 0.51930368
-5.3137317 -9.2087793 2.0463469
27.850349 -6.8148155 -1.2619152
5.4175858 -1.7298353 -0.64927
-3.7995493 -1.4702716 0.20073327
19.171772 -21.397383 -0.081139483
0.27402604 12.085303 2.5111961
-5.0490394 -11.384701 1.4799478
12.69359 1.5575082 -0.9111734
10.034942 10.668854 -1.1480699
20.348087 -6.3992705 -0.85465473
2.5301421 11.642207 -0.46714744
-4.66787 8.9692345 1.4330069
18.309521 -2.6118531 0.57182944
3.9211168 -0.53344679 -0.53718382
11.168216 -3.2369814 -0.75730956
23.050844 -43.899654 3.2231362
21.143961 -11.349697 -0.1001383
-4.4343243 -3.0312853 -0.30128247
18.360285 -5.6298432 0.612472
18.357904 -2.6318099 -0.078944929
32.215271 5.3306894 -0.4477849
18.870804 -13.975779 1.5936097
5.3901434 -7.3539052 -0.47122341
18.36278 -4.4379811 0.59581453
2.6553006 9.770113 -0.71080565
2.2496309 -10.131084 1.6503687
-5.3571839 -9.9414902 0.97542739
-0.1015272 -5.1520739 -0.29241812
7.8504791 -1.1948707 -0.72900325
18.593834 -5.7506661 -0.7568056
21.958578 51.345161 0.67336583
5.2174826 -2.4611976 -0.022948997
-4.071557 10.782182 -0.41090143
-5.0386472 0.016205393 0.048204448
2.2976565 -4.3992901 1.6715308
-0.64723867 -11.475471 3.4647737
0.0007597793 9.6469288 0.3548106
-2.7948792 -6.8872738 0.22895893
1.1395713 -5.0002165 -0.30223826
28.100018 -5.8460927 -1.273666
-4.647243 9.1746302 0.73800069
-4.3768263 -2.4530101 0.90436721
1.1766199 11.283952 2.3758185
19.059563 -19.237259 -0.072325617
-2.0667195 4.7147117 -0.55157632
-2.5209336 1.629596 0.17887582
-2.3057065 -11.483957 0.19459125
-5.2933817 -9.6382961 2.1088765
18.534496 -5.2131944 1.971662
8.0844755 -0.44655484 -0.75654334
12.714458 4.3500009 -0.99437076
0.36451191 12.079375 2.5106654
-5.3590727 -10.643389 2.6948328
18.741896 -7.0556927 -0.063734829
-4.7412529 6.0113354 0.10793488
18.521856 -12.018176 -0.051569071
18.752129 -15.600537 -0.058755327
-5.8956647 -4.6979327 1.5030618
2.3607392 -0.64463878 -0.42970556
-4.3322663 -2.4709129 1.050517
-4.8687844 4.3774004 1.0322104
18.565577 -2.0275643 1.8913465
-5.316607 -8.2629633 1.9078414
-0.80896884 2.1601336 -0.032686029
5.9781699 -0.046675004 -0.71594298
2.3320549 -11.180514 2.6126459
0.67973489 -3.3562136 -0.35587612
2.1569116 11.990257 1.6571983
8.5364027 -12.144016 -0.4155401
-4.7504978 7.2481065 1.8801929
8.9451323 -12.093653 -0.42800954
2.2791817 -3.8144946 1.5301307
-5.9419818 -4.8268223 2.0624702
18.318455 -2.2176259 1.2229964
0.74686253 -9.6142797 -0.13461281
19.52639 -21.391035 1.9465077
-36.985485 4.5963922 8.8846455
16.83519 -19.429216 -0.039211657
-2.0653138 -3.8668458 0.10419963
19.990208 -0.079613425 -0.84415472
1.9924006 9.5023375 2.7852824
-2.9906847 10.094314 2.9805446
-5.0477471 0.32009688 1.5720816
10.823411 -3.7308273 -0.73535883
-3.4891992 -11.076488 3.484911
18.280073 -3.7770536 0.58594126
-3.3758469 9.69701 2.9131219
18.490847 -9.7890291 -0.052470852
-4.851572 -0.088115074 -0.10052058
18.311251 -2.2265813 0.56731832
11.923094 -1.6304945 -0.81153971
0.57970029 -11.386045 3.44243
18.707199 -1.3321583 1.2291402
-2.5731831 -6.9545255 0.22912242
4.3421741 -9.9866819 0.17238434
-1.0468469 10.943784 -0.39689466
19.353033 -18.69832 1.8148806
18.310043 -2.422812 1.2258773
-1.2647188 12.11155 0.80292153
-2.4456668 -1.7564504 0.065967463
-5.1185293 -2.8502119 1.8269399
18.382479 -0.12943451 -0.10018984
18.574091 -13.040546 -0.052779272
-4.952951 2.4951313 1.4936429
19.506113 -10.699217 0.70886332
20.186872 -1.2379045 -0.84596598
2.5065184 -2.2057924 -0.38348398
-4.4031458 -2.4274247 1.0070682
18.308617 -2.4324636 0.56968856
-5.2342677 -6.4132771 1.0643201
-4.7901692 -11.181273 3.185499
4.1346254 -9.8594761 -0.20201962
7.6106582 -6.5272398 -0.56947249
4.8947201 -2.4406834 -0.2037354
8.1185093 2.9529033 -0.85487342
6.5699363 5.7817659 -0.88610125
0.77896535 -3.3253286 -0.35621703
-5.1484838 -3.9608879 1.1050965
29.948193 13.309016 -1.6782731
18.998358 -18.22348 -0.068513997
-4.4543591 12.187569 1.7560669
-4.791048 -8.7339211 -0.13583262
1.9334133 -3.6582565 -0.35455838
1.3639463 -8.7727156 1.4540155
2.5374727 -6.3847947 -0.26972145
3.066457 11.547027 0.36750779
13.785223 -10.090737 -0.57269067
18.354958 -2.8448508 -0.07739006
-1.9972019 3.0686398 0.19871248
7.805923 -1.3031414 -0.72441983
5.561111 -4.091301 -0.56059682
19.830479 -10.676201 0.71233338
-4.5117226 11.357416 1.2403241
0.53681141 -6.8692293 -0.25423011
16.246803 -4.2769861 -0.62321281
-3.4713471 7.294096 0.083443932
34.441235 -15.786532 0.97817379
-5.3920689 -11.200233 1.0473911
11.819875 -1.907162 -0.80306643
-2.1666329 -3.9885783 -0.20770219
17.153395 -43.926601 1.4541184
7.9324932 -12.224311 -0.39817247
4.5304146 6.5693707 -0.78738838
18.725531 -6.0488067 -0.067230113
2.8834078 -0.64134705 -0.45130175
-3.0709634 12.181014 0.82577288
18.427748 -13.400858 0.74678355
2.3766825 -8.8488779 2.4857929
-5.3404317 -9.8015957 2.5382097
-4.6193528 8.4932747 1.3826611
1.9529946 -11.625006 2.2577598
-2.5260332 4.8789043 0.33576274
-2.0781317 -6.3677344 0.46310997
16.242992 -2.2301772 -0.62181807
-4.1666865 -2.7425017 0.40332121
18.537954 -5.9854412 1.9985512
32.799076 29.484337 -2.4400039
-4.5399561 11.946087 1.7341956
21.817661 -41.619991 1.4157528
18.23871 -5.8369575 1.2937512
-3.4865625 -1.7181916 -0.1324361
-5.0676656 3.378432 1.1914756
16.24588 -1.836566 -0.62322265
9.7326565 -11.995796 -0.45322815
20.921686 -25.711802 1.0321424
-2.6745448 -1.627498 -0.25214353
1.620906 3.7235832 -0.26489782
18.361971 -6.0155153 0.6181407
34.154789 28.630436 -2.4606926
0.73989028 12.011201 1.639428
4.8891211 -2.7869012 -0.010875414
14.708796 -26.44762 -0.045867741
-0.51684737 -10.327263 0.20194325
18.743778 -6.2524066 -0.06675604
-0.66599154 -3.0212133 -0.37870142
-5.393322 -9.417922 0.94729167
1.6188359 3.5919006 -0.24910532
18.359831 -6.2091351 0.62099147
4.9249039 -2.6384172 -0.010449958
4.8135638 -4.3327775 -0.50151801
-5.2496138 -11.365107 1.9275504
-41.911572 3.2071238 6.984694
0.99421811 -9.5235987 -0.13298051
-2.5689445 -0.59919655 0.66977412
17.723648 -34.437588 1.2191273
-2.7379265 -1.7455829 -0.38224629
32.689728 0.035836078 -0.39908588
12.493098 5.7562985 -1.0344137
18.538103 -6.4109397 2.0142555
16.419086 -11.898911 -0.014235536
-0.15530443 2.6294942 -0.15336297
18.243704 -6.2242117 1.303949
16.25515 -4.3930678 -0.62410676
-0.53053236 -5.841105 0.44031417
7.9107652 3.5605311 -0.86382592
-3.0030839 -2.1080852 0.6112166
18.248606 -6.4206171 1.3093706
0.4806757 -11.556067 3.4880407
-0.99866939 -11.510552 3.0543044
33.173382 1.0046852 0.74176991
16.29051 3.1686008 -0.093729094
2.5620446 2.7088249 0.4861837
5.2062354 -1.9221224 -0.62434912
19.54014 -1.38306 -0.11306301
18.739389 -6.616714 -0.065252028
-0.26855299 -11.58471 0.59178042
-4.4578447 -11.328494 3.1898561
21.108967 -10.857926 -0.10016624
-2.6588371 -11.510544 1.4223213
2.3066063 -5.332335 1.4727691
-0.040457979 -11.574802 1.8111868
-0.87376243 -9.1080589 -0.10618953
0.93043453 2.4867773 -0.47577
-2.1433058 -4.3982062 0.041218884
0.53697276 -2.8985565 -0.37362459
10.121222 -11.915457 -0.46526426
19.532585 -10.700237 1.4981005
-3.583935 -2.0785282 -0.29965505
-5.1303282 -2.6282816 1.1954405
-2.6887901 -1.7701243 -0.054360885
18.234282 -6.6114855 1.3138431
2.5272503 6.3983879 -0.63849163
-4.4989333 -11.401276 0.19142139
-1.2628429 -4.0781393 -0.33055666
-4.3394098 11.107978 0.80510736
-5.5070581 -10.309676 3.0646286
-0.72881317 12.000026 1.6386709
-1.5367553 0.54756325 0.37210608
5.106627 -1.9916927 -0.61225945
-3.493638 -6.1460147 -0.25197661
3.9652734 -0.43125641 -0.54472995
-3.7047184 -2.4986317 -0.34825489
2.8722434 3.8679495 -0.54612762
-3.2659574 12.151116 0.38906726
3.7151773 -10.422532 0.56148225
-5.0818858 -0.22613214 1.4082462
1.9652717 -1.4430035 -0.40722802
-5.187017 -3.1073599 1.2462164
2.3701642 -8.891017 2.1606576
16.276163 4.6423688 -0.71584147
-3.0742826 12.195756 1.7060825
1.5545251 -11.620289 2.2474532
3.4508131 -1.3668081 -0.47628006
2.3338072 -9.4056234 2.612273
18.345827 -7.0272293 0.63329452
-3.1798151 1.6263565 -0.24685584
19.117575 -20.417461 -0.076935016
2.1696033 11.654811 -0.46268052
-2.9524288 11.678713 2.9338286
2.2400951 -0.95574516 -0.4197301
0.94761372 10.076616 -0.70459604
-2.8377087 -0.41396886 -0.39377427
17.531334 -31.390137 1.1435788
2.3267694 -8.9075527 0.51926136
-4.0261064 -0.40486827 0.2335131
5.1310377 -4.2772408 -0.52882582
34.1912 13.160995 -1.8943136
6.9420152 -2.7728298 -0.65169287
18.263365 -4.6197357 1.2660178
-3.6741714 12.159007 -0.045588594
-3.2011483 1.5354354 0.16931051
4.8414955 -2.8193555 -0.21088406
-5.6632662 3.381391 1.5024385
16.317554 -6.4553251 -0.018130941
-3.3257859 -11.385052 3.5552392
22.54777 -40.529106 3.025681
0.88703012 -8.6677818 0.51223814
-5.3763509 -10.72391 2.2793205
23.2474 13.950371 -1.3641055
-4.0619426 4.9205556 0.13916175
-3.3195839 0.6453051 -0.42826554
-4.6327372 -8.8165169 3.0116885
-5.2589669 -9.8523741 0.19867779
-4.4395723 -8.6070557 0.21064506
26.19912 -10.457506 -1.1968282
-3.6248939 11.099308 -0.42386135
2.5678058 -1.2446133 -0.41647035
-2.2578983 -6.4118505 0.233899
18.774046 45.297005 -1.0802349
5.3484602 -2.2822251 -0.23752421
2.2820642 -9.0162163 1.8408922
-3.8579664 10.89975 2.4154882
19.209778 -21.987915 -0.083867364
-0.79070377 -5.9347143 0.44386929
10.908463 -3.6231582 -0.74080104
7.7658129 -12.213531 -0.3924278
-5.0597181 -3.0770898 1.0239439
21.837807 -41.993744 1.4250333
-4.6900692 2.5105011 -0.34722579
19.67971 -10.67208 0.71045685
1.5603724 4.6255398 -0.54894239
18.799461 -12.848622 1.5462296
26.152946 -10.620867 -1.1960493
18.257082 -5.3982587 1.2837707
16.20879 3.1774225 -0.68018329
34.288807 -16.680296 -0.33984438
-0.46366599 -3.4856014 -0.35255173
1.9406176 -4.6994963 -0.30718082
18.380365 -7.6032085 1.3484811
-3.0277789 -11.401993 3.1056628
5.3029518 -2.3449199 -0.2351833
3.2559066 3.7880692 -0.57672954
2.7352676 3.9982359 0.32198319
20.784643 -9.6960192 0.70720547
2.8672886 9.3368349 0.011604154
19.17753 -10.799423 0.70673865
1.0330182 -9.308917 2.8793564
-5.1082187 0.17847942 1.2357079
16.31283 -7.0592337 -0.016301196
-36.235962 6.0104032 8.7440948
-5.1242409 -11.280334 2.7943051
-6.3125157 3.4022956 1.8643906
1.8876265 -10.179872 3.1546478
2.3492939 -3.271636 -0.34688702
-0.27475017 10.973213 -0.39953533
19.004265 -1.23137 1.2423671
-4.7698913 2.3193519 -0.16638017
20.22134 -0.40218222 -0.85417128
4.9276619 -2.2739015 -0.20199502
3.4389038 -10.132086 0.18020423
-5.0760918 -2.6165452 1.7838598
18.569042 -12.858076 -0.052600399
-0.43768618 -11.536347 0.19180667
7.527607 -6.5829802 -0.56624061
-0.63418889 -11.529662 3.0536842
16.070244 -6.9896212 -0.63420492
1.3389753 -9.2259388 2.8682339
18.248325 -6.2258301 1.3042108
32.363983 3.787297 -0.43222436
19.000357 -10.849709 1.4806244
17.711325 -32.874485 1.1807261
-3.6270938 -11.031126 3.4838521
1.5200419 11.952653 -0.049345296
4.7672696 -2.2521112 -0.37896824
0.34557346 11.066896 3.1273761
-3.4420729 -8.5527782 2.8134694
-5.3259835 -8.3881636 1.5785027
52.766781 25.18915 -1.1587968
0.52603936 -11.582652 1.8134816
2.9866025 10.152434 1.8569466
18.880476 -8.509366 -0.062252466
2.171706 -7.4152145 2.4294825
18.875179 49.667572 0.6525774
-5.1071949 -0.28193441 1.240916
16.321583 -7.4349957 -0.015542369
0.027074199 -11.499114 1.3918692
12.334867 -0.25310043 -0.85301381
0.14246684 -11.523474 0.19009094
18.63065 -14.812984 -0.055487771
-4.672905 -11.399686 2.3378823
34.331562 -15.896996 -0.34223172
1.7337378 -4.7948313 -0.30607304
53.028355 23.490448 -1.1349173
-3.1363969 -2.5050333 0.3817265
18.379183 -4.0110703 0.59034544
34.503895 -16.212061 0.98604679
32.893501 4.7745762 0.70725316
16.632002 29.30162 -1.8356422
-4.0647173 12.221167 1.7435919
3.3423703 -2.9252467 -0.4256191
-1.4550197 12.126236 2.5333269
18.187853 -10.461249 -0.046102013
-3.5185559 -1.7201617 -0.0086772675
-4.5665836 8.2828388 2.7040429
5.2816467 -7.3072619 -0.46230546
0.53387231 12.050794 1.6426429
18.734951 -15.396099 -0.058127951
2.6594872 9.3579006 -0.67229933
-4.5245562 11.774699 2.6121664
-4.7808576 8.1760912 2.0299056
7.5614605 -12.234485 -0.3866632
19.644661 -24.27096 -0.099227153
-2.2530911 -11.4771 2.6635077
34.504028 -16.411928 0.98940212
11.398455 -2.8712103 -0.77287823
-1.5472428 -2.0890782 -0.33665073
7.9739928 -0.84404618 -0.74255472
1.9162954 9.979826 -0.71229571
-5.0852056 -4.0226068 2.0122449
34.190559 -16.492275 -0.33832881
-2.1562488 -4.2892613 -0.075774796
4.9595323 -2.0976195 -0.5950467
4.5429974 -2.4019651 -0.55025613
-0.4243643 9.5294914 2.7301722
22.021196 -44.65377 3.2438293
34.207947 -16.789837 -0.33810824
2.2790489 -10.113558 1.648896
18.547649 -3.412936 1.9204249
-2.8283191 -11.49385 1.0142459
47.880089 23.979057 -1.0449791
-2.1393156 -3.8693244 -0.19430207
4.8543901 -2.1679368 -0.58283556
19.261263 -1.4287348 -0.10689977
2.9877019 8.1765127 2.5365412
2.3575535 -1.6195045 -0.037243698
-5.2324476 -6.4530616 1.3568296
21.473818 -10.607977 3.2827234
1.7170203 -10.246009 3.1641905
5.8094168 6.4459615 -0.87871748
-1.913332 4.7558103 0.50501633
21.094234 -10.640399 -0.10023542
35.738503 13.486651 -1.9847676
4.2662549 -9.9053717 -0.20704572
1.9708606 11.243436 2.8019695
20.57098 -10.814465 0.72364604
-1.6245629 0.44681191 0.010915543
-36.93734 4.3699012 10.232108
29.597187 -0.81745857 -1.374845
8.0046825 -6.3237085 -0.58856666
2.6649907 4.0603795 -0.55174172
3.4178939 7.8670559 2.5078561
-5.2341237 -9.9845409 2.965162
-3.070785 1.5919248 0.16051574
20.350521 -10.773289 1.5357504
-4.5400734 11.599483 1.2586637
9.5389128 -11.989132 -0.44590983
12.662278 1.3481407 -0.90425944
-2.2328348 -11.390385 3.49
2.2164037 -11.462393 2.2384224
-5.8114476 -2.4292169 1.498256
15.819478 -7.3655634 -0.62575686
-0.45873818 -5.1685987 -0.29343143
-4.7994866 5.8407941 1.1454533
18.139769 -41.048042 1.3851482
19.72151 -10.681075 1.5055431
2.5556769 2.1654725 0.56165713
2.3389986 -10.03815 2.7599425
-2.0435691 -11.469773 3.074218
3.0176015 -1.7987375 -0.4283452
20.737234 -10.298426 -0.094056219
21.174273 -11.621047 -0.10038558
1.9224944 12.008647 2.5278451
-2.4730766 1.7414887 0.37004542
3.8190019 -2.7276154 -0.4712835
-2.6260202 1.933737 0.64448762
-2.4698727 -11.488116 0.59934932
4.8106518 -2.847882 -0.20938115
2.3515654 -5.2557745 1.4623517
28.046942 30.4844 -2.2927322
-2.3075924 9.558507 2.8014121
-0.85555911 -9.2586508 0.21143968
-2.4934161 1.9509466 -0.40744922
21.505367 -11.840118 2.4852724
-3.0506368 -0.61581022 0.77194589
3.1685872 -6.6283379 -0.31245464
18.352673 -6.5989556 0.62678277
11.115475 -11.581405 -0.49422196
18.754833 -7.0982637 -0.77528495
16.163958 -6.8474035 -0.63749951
19.295713 -10.691679 1.4876752
-3.8519189 -11.423515 2.2961452
18.58329 -13.215414 -0.053043395
2.2967336 -10.236559 2.0400755
0.38529307 -2.5172818 -0.37636006
-3.6448796 -11.401667 3.1446798
19.188833 -10.792495 1.4866204
18.955273 -14.794598 1.6303254
5.8983908 -0.44945848 -0.7015847
2.7858603 -0.85430372 -0.43834034
2.5983984 -2.1218927 -0.38879475
30.297676 1.6614105 -1.4396867
35.941853 26.472549 -2.4495435
14.938303 -8.5896492 -0.59923846
1.2732238 -11.478555 2.2183332
2.4823413 -1.5616884 1.1249264
2.4732223 -1.6197612 0.95686179
-2.9086642 8.7548447 2.3084357
-0.52530211 -5.8830042 0.033270817
-0.11627582 11.515663 3.2401228
2.248853 -11.495349 2.6722548
21.034056 -35.434029 1.2609909
-0.15197773 11.18829 -0.4133724
19.735937 -5.6891236 -0.81788361
21.092833 -2.0728948 3.6279678
-2.8429902 12.044661 0.81688821
18.521944 -4.2065744 1.9396642
2.4018068 -1.5335718 -0.24335164
1.3108355 12.013982 1.2154943
-4.6081257 5.1032653 -0.3373639
2.471822 -1.6447129 0.7465806
19.040819 -5.6849461 -0.075128905
1.1404265 9.0646086 2.2981968
1.3473846 12.0076 1.645201
2.4687693 -1.6490978 0.43594792
-4.8124042 6.7817984 2.1085091
-4.4961696 -9.7890263 3.2419448
-1.2972541 11.612604 3.2810495
2.3319209 -1.6151267 -0.23908731
48.354031 24.024866 -1.0547503
18.754309 -7.234447 -0.77648824
19.28993 -12.505582 2.3617887
31.982706 5.8616853 -1.5999538
34.32925 -14.187959 0.95069081
-0.45183831 2.4920678 0.21793672
18.758232 -12.221521 1.5205821
8.7729759 -5.9076247 -0.62889749
11.963631 -11.107609 -0.51628816
20.740601 -5.6904764 -0.8721348
-3.4687669 -4.6992588 -0.15588397
2.6812739 5.562304 0.11167665
14.37591 -9.696949 -0.59214443
-4.694355 8.3799791 0.049757164
-3.5720313 -1.708034 -0.012309822
2.6957107 -2.060338 -0.39817706
5.8296595 -0.7434324 -0.69206154
5.6777782 -4.0075569 -0.56773919
2.790215 1.1658028 -0.48355919
2.3293762 10.772573 2.7171876
-5.3986406 -11.218374 1.4783819
-3.111284 -2.3403997 -0.0041156709
1.3178114 -7.6222763 0.48467767
8.691885 -5.9553895 -0.62455207
18.783194 -12.621442 1.5368207
15.070164 -26.372915 -0.049706385
16.115305 0.16850588 -0.62990481
-2.8465722 -11.501348 1.4254774
19.863359 -13.322122 2.4484875
2.8681355 9.3732996 2.0988052
-3.4104953 -3.909374 0.24345914
-2.7988522 10.857365 2.7490506
4.6522994 -2.351372 -0.56311715
18.554836 -12.630685 -0.05226136
-5.3257084 -10.704315 2.2727311
18.386307 -12.626832 0.73141402
3.7281561 -2.7959473 -0.46459168
-1.8575671 -4.2905293 -0.066868983
3.8453212 -0.75487131 -0.52668869
2.7010629 5.5956182 1.2176478
-1.6526816 8.3342657 2.4572282
-36.672405 6.4368777 8.8570719
-35.751705 5.3575406 8.6151638
5.7325916 -1.0390013 -0.68046677
18.771622 -6.4646192 -0.77101552
1.3291903 3.5821695 -0.51439971
0.73915529 -2.4161282 -0.38292116
2.4387436 -0.35214508 -0.43907645
18.546217 -14.001037 -0.053053942
-1.5356134 11.458659 3.248769
-4.9214625 3.4311986 1.5934092
0.34273124 -11.607894 1.8160437
14.013211 -9.9149094 -0.5795483
-5.194571 -3.8232691 1.5453883
18.400127 -13.024453 0.73919284
-4.8756609 3.5694978 1.8164433
16.242491 -1.6527743 -0.62378579
13.928356 -9.9898033 -0.57716805
21.378578 -25.907894 2.2247686
-1.6447722 0.68643671 0.4683691
-2.1974187 -3.7629488 -0.33617643
19.001463 -5.6770806 -0.77828252
2.4488273 2.3537676 0.68979305
-2.963923 12.063026 1.2493131
-35.58593 6.2516203 9.9244051
-0.90684921 -6.8447819 0.23121317
8.371748 -6.1228805 -0.60711712
-4.6478114 8.1792898 2.6910605
1.874673 -1.6084452 -0.41058269
47.188725 24.007898 -1.0324286
18.840374 -13.591368 1.5770162
18.546345 -12.411843 -0.052050177
5.4813819 -4.1578922 -0.55647099
-0.92122078 4.7400575 0.15705183
8.2801714 -6.1796246 -0.60265434
-3.2339032 9.6162672 2.8814852
-0.05860864 -4.1765518 -0.33016723
18.451576 -13.594193 0.75080997
0.34792781 -11.593484 2.6487696
12.444854 0.22570479 -0.86760241
-5.3396873 -9.9672632 0.97640234
13.67519 -10.174772 -0.56944305
1.5255601 11.808625 2.9085841
18.848244 -7.3733501 -0.78270417
-0.549299 -5.8799319 0.64675778
-1.5217688 12.082206 2.9627938
-5.1741009 -2.8477719 0.42269126
8.1279469 -0.23804425 -0.76301414
1.1225456 12.035195 2.5123992
18.463255 -13.785682 0.75468552
34.366386 -14.842612 0.96172589
-5.1913924 -3.5179863 0.85737371
3.0544879 9.0970716 0.35150769
16.386871 -41.002056 2.9313061
-1.5044959 -0.24408571 0.48635671
13.320498 -10.41851 -0.55873799
21.10726 -2.1759238 3.6328194
2.4544537 -0.24672846 -0.4415389
18.56728 -14.152417 -0.053578608
12.182663 -0.83715594 -0.83575892
16.273251 -1.391142 -0.045276411
14.553058 -9.61479 -0.59892166
18.613985 -14.426034 -0.054698505
2.5038433 -9.0432415 1.5186948
7.9073925 -6.3702903 -0.58356446
-0.033698726 12.050679 2.0682628
1.5469503 -11.648737 1.0031711
-4.0060792 -11.401602 3.1706681
1.3181844 -9.7815571 0.5413599
-4.7657022 8.3261147 1.3749633
-2.9622102 -2.3850138 -0.3786751
1.2567669 -9.5259953 0.20117764
-1.8546472 -9.7523012 -0.13695973
-40.399014 2.6121848 11.140729
-5.1900301 -3.8219252 1.0973155
-41.66095 3.006201 8.4531851
3.7709517 -4.4230418 -0.41303024
1.1525637 -9.2793989 2.8754866
34.553406 27.958025 -2.4492188
-3.0668709 9.9805813 2.9580803
-5.0414176 0.59300166 1.5746154
1.307752 -9.8515835 1.5938985
1.2146008 -9.3801622 1.1932225
1.1727934 -9.2284555 0.85350299
1.1704041 -9.2330799 0.52697426
23.244091 14.342583 -1.3784292
-5.1209111 -1.5660744 1.4858834
-3.0966909 12.205147 1.2629654
1.4918542 -11.611274 1.8271607
17.762646 -40.848202 2.9462743
-0.43263894 -11.588754 0.99821651
-4.0500836 -11.404618 1.8758932
11.292073 -3.037411 -0.7654987
19.045658 -5.3584332 -0.07676138
-5.2555156 -6.9888124 2.3436067
1.0989248 -9.5054674 -0.13326764
-4.0925488 2.0788515 0.8073231
-3.8538611 -10.37664 0.96516383
1.3650479 -11.580235 3.0842452
-4.5064311 4.359869 -0.48799253
-4.4920769 -1.9577912 -0.089435175
1.3797759 -11.603279 2.2410903
22.058739 -40.523872 1.3901336
-1.8353544 -11.531514 1.8238188
34.430862 28.12966 -2.4511609
-7.0904655 7.9141378 1.8775251
1.3291223 -11.610862 1.8247808
2.8918865 9.3730707 0.35284901
2.1385252 11.65873 -0.46249348
-1.876891 -11.544815 1.4115446
-1.8296269 -11.524939 2.6592054
1.3614646 -11.634809 0.59015465
-2.6462035 1.5886712 0.17856567
19.044989 -19.343847 -0.072417244
-5.2468638 -5.8200884 1.563723
-2.1985743 -11.531183 1.4154752
-2.854588 -6.370172 -0.24582118
-2.9819012 -11.47098 0.194253
0.1363481 -3.4512486 -0.35118568
-5.1783051 -2.5550973 0.99981838
-3.2906957 -0.713691 -0.41080576
1.1433245 -9.8211365 1.5874021
1.1436069 -9.8461628 1.2371067
0.34214708 -5.1147466 -0.29356855
-4.2178864 -2.6055033 0.56674021
1.7944767 -10.412455 3.213378
1.2498432 -11.53795 3.0709198
34.32209 -15.146104 0.96612251
1.2390324 -11.497954 2.2209651
1.1640986 3.6334677 -0.51122308
-42.002975 2.4233885 6.9987326
1.1345854 -11.413388 0.18666252
1.1394542 -11.571512 2.6550853
-48.901215 2.2467098 13.437819
-1.4604639 -0.35608506 0.34803402
3.3267806 -6.6734095 -0.32248345
1.1375767 -11.570117 2.2313352
1.1361058 -11.587627 1.8192904
-2.8503029 -9.8851757 0.56005263
1.1338116 -11.599982 1.4052259
2.4530263 2.943305 1.0196798
17.561695 -32.859177 1.1795853
1.1694285 -11.620131 0.99983889
-2.8620849 12.138762 0.82104665
0.89415342 -9.5643473 -0.13376778
0.99542993 -10.92569 2.9181912
2.479558 0.35563901 -0.45816317
22.860699 -42.585659 3.1461132
1.0651673 -11.518601 0.99328315
-4.2564869 -6.7399292 -0.050558012
0.95156282 -11.404802 0.18764386
-4.6206255 -11.392665 0.19107774
0.95112008 -11.631371 1.4070233
-2.2413623 -11.4249 3.0716038
-2.8637059 10.259282 2.2448719
0.9232021 -11.613297 0.59000349
-3.9727874 -4.4757648 0.033717651
-2.2554302 -11.483553 2.2412493
18.415646 -13.215376 0.74305153
-5.3370748 -9.609808 2.5029373
0.33347571 -6.9159904 -0.25546661
-1.6747619 3.6196692 -0.49968919
1.0169708 -7.2121801 -0.034492426
19.059578 -15.814806 1.6771019
-0.064810857 -3.0322926 -0.3780196
-2.1884735 -3.9996061 -0.056579772
0.73565334 -11.4273 0.18847221
2.3400972 -10.614654 2.5002408
-5.4256797 -10.864294 1.4481366
-43.089828 24.566301 13.373215
0.7525214 -11.577868 2.6498036
32.622734 4.2649136 0.70723248
0.75189155 -11.59743 2.2307909
0.76763582 -11.608898 1.8185215
-2.1104484 12.120284 -0.043304257
0.74793065 -11.63607 1.4064165
1.16 -7.4220414 0.21848255
0.53638512 -9.6590319 -0.13487908
0.063344181 -11.503152 1.3922331
2.4711263 2.163775 0.67877597
2.4164252 -0.44823581 -0.43596667
0.56291193 -9.1777639 2.8303831
3.4451892 3.6672125 -0.5831812
-5.3207984 -8.5080986 1.9438027
2.2699604 -5.3592296 0.22442874
0.71209681 -11.457002 3.4644303
0.67506361 -11.493134 3.0480344
-2.1782911 -4.4857349 0.24788754
0.62918055 -11.482118 1.8008009
-4.1202393 -10.076455 3.2768643
-3.0203369 -6.3994913 0.71557814
-4.8540411 -1.3845468 -0.27205986
0.53929633 -11.46878 0.18899125
0.54796374 -11.58116 2.2261627
-4.8952694 -2.1370697 -0.30204487
1.3335208 -8.720624 0.82345951
-5.1816611 -3.4274836 1.4938296
0.5340845 -11.583815 0.58982444
0.73360938 10.022188 -0.69664103
-1.0476266 -11.472891 3.4708512
1.9192576 -8.8096457 1.1490504
-4.3490629 -4.8470988 0.23173006
17.180943 45.430805 -1.0684119
0.53322536 -11.553513 3.0605562
-1.12226 -11.421438 2.621412
2.734448 4.1455417 0.32257631
-4.9403501 9.2707624 2.5952988
0.13731834 -6.9394274 -0.25548479
-2.1718636 -4.4565187 -0.088125594
0.51781285 -11.496609 1.3921181
-2.9492807 7.5500436 2.3529832
-5.1078649 -0.96469694 1.4421437
0.34945405 -11.555847 3.0591581
-0.45470464 -9.6763763 -0.13105972
-1.6846765 -11.528161 2.2335982
-4.9262357 3.4084363 1.1753356
0.34582317 -11.600682 2.2281232
53.326084 21.063198 -1.1007758
0.34043276 -11.630735 1.4046897
0.35046354 -11.6079 0.59082168
19.552891 -21.570221 1.9559457
-3.8124411 -1.5998436 0.64687109
0.0032469067 -5.1416745 -0.2920678
18.554735 -2.4149728 1.8981264
0.13750666 -9.617878 -0.13061346
0.15431848 -11.611544 0.99818373
-0.25884083 -11.591091 1.813737
-2.8226507 1.6287662 0.11812694
6.0054555 -7.1266522 -0.4941932
-2.6588485 -11.466213 0.19458148
-4.1519403 -10.06424 3.2768414
-4.1899152 8.0708675 -0.56695008
0.14922082 -11.464046 3.4591928
-5.2027926 -3.6307766 1.3000739
18.5942 -1.6123081 1.8862683
-3.1095319 -1.2516127 -0.40541673
0.14887878 -11.550893 3.0565603
-5.1307025 -3.9834106 1.7830606
3.9376774 -9.8303175 0.17755337
0.1468419 -11.589881 2.646946
-40.498394 3.3818996 11.175003
0.14566441 -11.595959 2.2265639
-0.25558656 -11.585956 2.2250049
0.15784366 -11.614633 1.4029846
-48.435791 2.671767 11.532391
19.436802 -20.192568 1.8868003
8.1337423 -6.2556615 -0.59507233
-0.24396428 -11.599402 1.4020845
-2.7736795 1.656644 0.5358761
-2.7182472 -11.498361 0.60119373
-3.7962508 -0.73635381 -0.39487988
-0.26374143 -2.6243875 -0.38040805
-4.2853932 8.0115576 -0.56514925
-0.26063901 -3.4911788 -0.35299569
-0.05642904 -11.534431 0.19068383
-1.4463439 2.3183587 -0.2751413
-4.792048 7.4072661 1.9093485
-0.049296819 -11.471052 3.4603677
17.644726 24.109602 -1.5879893
-41.748341 2.9323132 6.9579344
-4.3395743 -2.3311501 0.23676951
16.228189 1.6161644 -0.073582061
-0.033248086 -11.536417 3.0525234
-0.031860881 -11.592099 0.591308
10.468517 10.1523 -1.1394835
-0.055268001 -11.506933 2.6295624
2.1035461 -1.2429649 -0.4147445
-0.060594894 -11.464687 1.7966006
-0.1236891 -11.526098 0.58980548
-5.2290869 -5.6346631 2.0813594
-0.25509498 -9.6516895 -0.13048062
-2.9546988 -10.746755 0.19986635
29.769983 -0.020037765 -1.3915963
-0.24719705 -11.587954 0.99754888
-2.6706085 -11.465836 1.0103455
-1.1105233 -6.8300128 -0.0085036187
-0.2113634 -6.9446797 -0.25386244
7.5371585 -1.8556757 -0.69908261
-0.25556445 -11.536388 0.19129202
0.82635248 -8.6251965 0.51116371
-1.0995185 -6.7559924 0.46705428
32.310421 4.2022796 -0.4360002
26.588673 32.806694 -2.3526902
-0.94610679 -6.6352134 0.46311182
-0.24783032 -11.504598 3.4698102
-0.2510795 -11.539229 3.0533671
1.8664565 1.9100646 -0.49916643
-4.7227392 4.1312375 0.78493339
-4.1060653 2.4416168 -0.28248969
-4.614512 -5.3710699 -0.25355828
2.5162725 11.904758 -0.054332893
-2.7276139 2.638927 0.077563137
-2.0366936 -11.442815 3.4952185
-5.2286611 -6.8400497 2.0054533
11.773753 -2.0354455 -0.79951125
-0.45699394 -11.575951 2.6449478
52.797817 24.391363 -1.1457196
-1.8841579 12.149052 1.2360924
-40.650154 4.5770926 11.235079
-0.4194341 -6.9262385 -0.25196186
-5.2189145 -7.2045503 2.065835
-0.5196135 -11.476097 0.99161094
-4.9627895 9.1716299 2.5783329
-0.55566084 -11.475206 0.99170965
-3.8017333 -8.9659586 -0.12597798
-0.46608251 -4.186048 -0.33043018
-0.61980033 -11.534745 0.19228853
-2.0754476 2.8969629 0.43924981
-4.9591389 1.813508 1.6208272
-1.7946317 -9.9995432 0.55626535
-1.2637275 -2.425833 -0.38004771
-0.56051409 -10.312768 0.55898404
-0.59191453 -9.707696 -0.13220136
-4.2584367 8.4419146 2.7028933
18.240341 -6.9762592 1.3241687
-1.9663537 -10.101765 0.20560576
-0.5157032 -5.8923159 -0.17116606
-3.0489957 -2.0403094 0.49100974
-0.72373897 -11.49842 3.0471885
1.6608608 -6.549376 -0.25272179
-0.85162568 -11.476847 3.0438027
3.364444 -10.232862 -0.19937228
-0.53071749 -5.9912248 1.5037622
-43.345898 23.822084 13.343632
-0.80268067 -11.505093 2.2151263
53.447941 20.916529 -1.1007998
-2.8389795 -9.5833778 0.20892693
-0.77276397 -11.578509 1.8150234
18.289667 -3.6264634 0.58412993
-4.4648342 -2.02951 0.55837673
-4.1727796 -1.7695909 -0.36037973
-0.82364362 -11.563023 1.4015106
18.947472 -13.332483 2.3858995
-4.2218809 -1.6659381 -0.36189029
-0.82417363 -11.511555 1.8066237
-3.7479424 -0.90565038 -0.39162022
-0.62788337 -5.9682422 1.5004205
-0.84614068 -11.527098 1.3982008
1.7340105 12.014929 1.2196846
-0.66197217 -5.8534207 -0.16847874
-0.664635 -5.8831782 0.033224426
-1.8200692 -4.6301284 0.41627723
12.564667 0.77167463 -0.88566458
0.15563929 12.081652 2.0730674
-0.63517845 -5.9928818 1.2881644
0.13705444 10.943308 -0.39926207
-0.70188934 -6.9063659 -0.25065592
-3.4004376 -4.8193994 0.43749416
-4.1065059 -3.5043731 -0.30300921
-0.66905206 -5.7796392 1.0476321
34.195347 6.0224743 -1.7249016
21.456646 -10.473164 3.2723539
-0.58791041 -5.1489496 -0.29161063
12.613082 0.95742983 -0.89294988
0.061353106 12.064742 2.0703847
-0.690382 -5.8998585 1.2732941
2.3425624 11.933647 0.36930552
5.1541762 -2.5800059 -0.021218538
-1.0900654 -11.5164 3.0574424
-2.1995084 2.8834076 0.44265473
-3.7981033 -2.4530404 0.093567938
32.62236 1.3276387 -0.41056183
2.5157118 1.5818588 1.1051114
-4.639143 10.393511 1.9761599
-0.66376215 -4.1724854 -0.33012882
-0.79363078 -6.8190851 -0.24414647
15.395473 -26.274191 -0.053045049
-1.2493687 -11.458771 3.4717898
-1.2565575 -11.508595 3.0591741
-2.716125 8.6217318 -0.57563251
-2.4259195 -3.6322329 -0.33632311
-1.2639683 -11.548576 2.6500304
-0.89176875 -6.6747622 1.4063964
-4.6794171 3.277998 -0.40519616
-0.80028796 -5.8752742 0.85279596
-1.9092594 2.1166458 -0.074707009
-0.80856544 -5.8761811 1.0621777
8.250041 2.3539577 -0.84273052
-2.0461686 2.7905235 0.17234726
-4.1622386 -2.3769615 -0.23611207
-40.966454 3.6641269 8.3201885
-5.3955574 -8.4211502 3.0161977
-0.82964164 -5.875823 0.64841878
-0.82778305 -5.9513626 0.44447783
-1.4541062 -11.485918 3.0586824
-2.3677831 -0.79322141 -0.21309474
-1.4462767 -11.383102 2.6202893
-4.7990746 7.7711272 1.9672356
11.59042 -2.4683032 -0.78597647
-5.1259918 -3.0401275 1.8568947
-0.90276456 -6.5165429 0.45977095
-1.5136424 2.0202382 -0.30043739
-1.2406102 -9.7321835 -0.13364908
-5.8336506 -2.7585235 1.9852234
-0.87930012 -6.0205736 0.86768007
-2.8430505 -11.363635 3.5167623
-1.0164599 -6.6774273 -0.2343412
0.8875007 -10.891803 2.907697
-1.0055293 -6.668931 -0.0012421379
8.2366924 0.2256975 -0.78119129
-5.151854 -3.4324048 1.7047818
1.3463557 -11.605111 2.6664424
18.291126 -3.6166525 1.2463942
-4.5229301 -2.0664718 0.39731464
-2.9906271 4.7104397 -0.22778371
-1.0076138 -6.6809864 0.23265696
-0.99156463 -6.7138352 1.4148257
-5.1196346 -3.3835745 1.9094774
-4.6914306 8.7352896 0.040748119
-4.525568 -2.1419585 0.23417325
-0.98211765 -6.5185137 1.1494817
-4.506134 -1.9228404 -0.089582704
-0.97143131 -6.5012102 0.91501635
-3.6560266 -11.431417 2.2877595
34.038761 28.86998 -2.4660807
-5.102304 -7.6605349 -0.10414481
-0.90266579 -5.9494629 0.65354478
-5.8257551 -2.7558806 1.5308225
-1.6525047 -11.448323 3.0554652
-1.0603034 -6.5629711 1.156682
-5.1177378 -3.4852092 1.9257623
-0.66236573 -2.5972302 -0.38060433
-5.3070002 -8.4220676 2.2867796
15.984904 -7.0741482 -0.63076168
-1.6891388 -11.439779 0.19475906
18.802624 -13.030528 1.5534236
-0.86156112 -4.1587472 -0.33129054
1.5346861 -3.8332615 -0.34641975
-3.8388536 -10.421586 0.20044623
-1.1260216 -6.8735027 -0.2503657
-3.1213958 -2.1622665 0.49920538
-1.2650278 -6.8427906 -0.24925499
-4.843451 5.1820421 2.0898433
-2.3301401 -0.78361255 0.18945588
-1.7309618 2.7683458 -0.22988096
-46.805016 1.0259089 9.4705992
3.6132755 -9.9219398 0.18007353
-1.5553211 -9.7707882 -0.13630724
2.5556309 2.3807833 0.52812904
-1.6774174 2.5589902 -0.19475189
-1.8046476 -11.489093 0.19444068
-1.8406534 3.0751131 0.39084661
-1.6650159 -9.8847198 0.55253541
34.407948 -15.378804 0.97101903
-5.162076 -3.6331289 1.7357916
-4.0476928 2.5502408 -0.44749969
2.2059686 -5.2669849 0.023136955
-2.2945426 -0.64609951 0.18247411
-4.1281204 6.9731431 -0.46844247
18.465004 -7.5806475 0.64353794
-1.0602241 -5.1202426 -0.29337546
20.937195 -25.871199 2.2096128
19.665426 -0.14105357 -0.82541937
18.869188 -10.949303 0.70579195
-1.8060154 -10.971562 0.19860528
2.6008751 2.4377697 1.247261
26.542036 32.960594 -2.3587849
-6.3770399 7.2042346 1.7235969
-1.9132179 -11.454643 2.6474798
-1.9567968 2.887228 0.086831175
-1.7128887 -9.6473627 0.20919491
-2.8280644 -11.481904 0.60148954
19.187675 -10.544384 -0.064568058
-1.9474691 -11.525709 1.8253137
0.15069726 -11.604546 0.59118062
-2.1181719 -9.7335091 -0.13780975
-4.183959 -2.628031 0.40142831
-1.7278856 -9.7513256 -0.13624489
-2.0453942 -11.462846 2.6533945
-2.0582333 -11.52281 1.8273191
-2.0650558 -11.532485 1.0068871
5.3388734 -1.8316061 -0.64101219
-2.0592668 -10.906977 0.58164066
2.5417554 9.3758678 0.013281175
-2.1213689 -11.536125 1.0077393
18.299339 -2.8138602 1.2319555
26.237679 -10.318037 -1.1974876
-1.4643503 -6.7797675 -0.24661207
18.540575 -6.1819324 2.0059149
-2.2779903 -11.511049 1.0080427
-3.2818201 12.142116 -0.044515308
-2.2228818 -11.536967 1.0089592
-1.8561773 11.147915 3.1813579
-1.0638361 -4.1284189 -0.33163878
-3.6554937 1.6666077 1.0089362
-5.3620086 -11.373473 1.4907346
-2.150497 -11.013752 0.1983434
0.095485397 5.1503778 -0.58028096
4.049468 -0.20178756 -0.56039298
-2.2991354 -11.502342 1.4145231
4.1461706 0.35507819 -0.58723301
-2.5088294 1.7532561 0.54427081
-2.1817338 -10.913245 0.58251655
2.5323536 -4.4078555 -0.31532601
-1.2641039 -5.1046195 -0.29540318
3.7256408 -6.7640929 -0.34693789
-2.3374569 -11.479437 0.59831345
-2.664413 1.9194552 0.21974388
-2.4419243 -11.480723 0.19457974
-4.8575201 4.9742641 2.0532882
-2.5550544 -4.4626617 0.24629469
-47.819637 2.0296366 9.6673956
33.386131 -2.2388749 -0.39305052
-3.6101305 -1.2213138 -0.38143861
-2.4506793 -11.457126 3.0885706
-2.4589748 -11.487228 2.6733849
-2.4525611 -11.452318 2.2422915
-2.5859644 1.9836022 0.86154121
-2.4694724 -11.499163 1.0096941
26.342413 13.400916 -1.4978179
4.0210948 -0.30218306 -0.55487335
-0.84955424 -2.5653663 -0.38148767
-1.67422 -6.7270799 -0.2454721
-3.6620891 -11.444111 1.8654323
-2.2620513 -9.657568 -0.13566832
-4.6696272 8.3726549 1.7088753
-2.6451111 -11.407724 3.5168116
-2.6524434 -11.49187 1.8381611
-2.843735 -11.438905 3.1040642
1.7352383 6.5350366 -0.61955744
-4.4091682 7.9450827 -0.56388831
-4.6574998 -11.276579 0.19176538
16.171015 1.6080487 -0.65101218
-3.5128012 -1.8096288 -0.011122786
-2.9762068 7.8194838 2.4207036
-2.8539655 -11.473197 2.6875398
18.25597 -5.0214314 1.2747878
-2.8396811 -11.481672 1.8422713
-3.3964067 -1.7961684 -0.38552228
2.9665356 3.8343372 -0.55147779
-5.3641257 -11.011966 2.7637963
54.060219 19.212591 -1.0859244
-2.4513032 -9.5791426 -0.13393809
-5.0696855 -0.6297251 1.5955806
-4.5434985 -11.41129 0.19120495
-0.71333253 -5.9481039 0.23823841
-2.4528739 -9.718977 0.20838895
2.7484159 4.0652843 0.14784473
2.3170452 -9.497736 0.19428116
-1.8676679 -6.6947379 -0.24617913
0.17436686 12.018771 0.79291034
-2.5243602 -9.8459711 0.91032529
32.723835 0.60869586 -0.40539312
-4.8053522 6.1815295 0.10337798
-3.0362768 -11.414123 1.8396525
-2.746659 2.8039002 0.45923376
-4.8042607 -11.42181 3.2406738
-3.051522 -11.466129 1.4268467
16.186905 1.7251912 -0.073970765
-3.0578523 -11.437549 2.69016
-2.4967206 -9.3731756 0.54422069
-2.7983925 -1.7524941 -0.39441055
23.285254 14.17377 -1.3741575
-5.1384554 -2.6518254 0.80501288
-4.530746 -9.6569633 3.2120237
9.6167126 11.036427 -1.1490381
-2.6574249 -9.2171335 0.87453634
-41.918697 3.2378988 11.556719
18.539562 -4.6154194 1.9531713
-3.2558305 -11.466187 2.7059207
18.531855 -1.4845898 0.56202233
-3.2550459 -11.46239 2.2744665
2.3434775 -9.8008137 2.7048271
-3.2582095 -11.465419 1.8535835
19.00845 -4.4473472 -0.080759473
1.1396801 -2.67712 -0.38116863
-5.222178 -5.2473655 2.0104117
-0.27301571 12.018424 -0.043476172
-2.9703901 -10.461493 0.2020285
-3.0515091 -10.490932 2.8942149
-50.119675 3.3858175 10.122473
-2.8263178 -9.4240856 -0.1311819
-1.0999548 -2.9258943 -0.37741131
-1.2382016 -3.3619947 -0.35348681
-4.8970051 -2.2358887 -0.30645454
-5.2218046 -7.5582418 1.7984443
-3.4464598 -11.454235 2.7138219
0.86473298 10.4701 -0.37462074
-5.2588167 -7.7210917 2.1589537
-3.4485309 -11.458089 2.2823455
-3.4540563 -11.461037 1.4364281
-4.4560871 -8.6451778 -0.12552194
-4.1736674 -2.333725 -0.23496926
-2.8173854 -9.2309971 0.87800455
19.310467 -6.1711078 -0.79772311
18.672468 -14.990234 -0.056449156
-3.5092037 -2.852994 -0.3560749
-5.1674671 -3.0444643 1.4468004
18.241865 -7.3591833 1.3351151
-1.464393 -4.0373721 -0.33254391
-5.0058904 0.96461821 1.4000158
-3.3865018 -11.326015 3.5438673
-3.1178389 -10.295022 0.20305143
-3.4676161 -11.179524 3.5108228
-2.6247587 1.835987 0.79681277
-3.4957566 -11.428284 3.1407449
-3.2710567 -10.354897 0.9529103
-2.9489427 -9.3399324 0.21056886
-2.9466674 1.7118179 -0.00036874518
21.164371 -36.687183 1.2920057
-4.5914984 -2.9083946 -0.30920148
-3.655149 -11.428706 2.7206914
-2.1008301 -6.1891565 0.45867151
2.4718611 2.1670387 0.92670304
2.3691084 -9.9755869 2.3746572
-2.9726393 -9.3122301 0.21072975
0.73788166 12.004096 2.9327683
-3.6812453 12.17788 0.39228067
-3.2296064 1.5704974 0.40443316
4.844234 -2.7750146 -0.41102445
-3.321909 -10.387343 0.2019625
2.5227611 2.6966741 1.1350935
-5.2423949 -5.6509018 1.5413814
-3.4001086 -10.410907 0.20162
-3.838943 -11.432099 1.4444
2.6558633 3.1539645 0.3184464
-2.6710846 12.182465 2.5820518
-37.443501 5.620542 10.399982
-5.3721933 -9.7714977 0.19859505
-2.6437714 -2.0277288 -0.40244427
-3.8619857 -11.402029 3.1601279
-2.223562 -6.1695619 0.45914495
-0.15984145 -11.531454 0.59004903
-3.0899644 -8.8197241 2.8517098
-3.4517038 -11.461335 1.8598399
1.8367718 -11.492479 2.6572187
-2.7909803 -0.7736156 -0.39950863
-2.2787118 -6.3353815 0.23441438
20.740946 -25.733875 1.0312412
-4.0362186 -11.43158 2.3069675
5.4831023 -2.2658403 -0.46269873
1.4818885 -11.622572 0.58976376
-3.9163768 -11.30904 1.8583013
52.411213 20.132336 -1.0679426
0.1360665 12.030962 1.6392092
-3.1404073 8.4751949 -0.57176191
-5.1049061 -0.83078021 1.4346039
-36.30555 4.4094596 10.06312
-4.0474024 -11.453794 1.4525923
1.1263131 10.095209 -0.70893747
-2.6814754 2.7438786 0.10888199
2.239819 -3.8536711 1.533561
-4.844934 -11.414377 2.7979429
-5.2357383 -6.9620662 2.6512535
2.9328339 2.3934529 -0.52069223
-1.7022496 -4.2827363 -0.21822168
-1.7373371 -4.4971056 -0.078819692
4.934278 -4.3240509 -0.51262492
-1.6599513 -3.9745829 -0.33271769
-0.96668249 8.5228329 2.4803596
-2.700896 -1.7693707 -0.21649836
0.74392521 -11.630869 0.99947464
-3.5144475 -9.6681128 2.7363408
-1.4648401 -3.2933245 -0.35464573
-4.2446985 -11.398722 1.8834642
0.62137496 -11.504639 3.0499904
-3.0740082 -6.304338 0.71141124
-1.8209145 -4.447556 0.41161132
19.012482 -4.2236576 -0.082115553
-1.7482743 -4.3057184 -0.065017015
-3.9818711 -0.078621291 0.172783
-1.8541492 -4.2631693 -0.22198285
-2.5862954 -6.4816861 0.23250438
-0.52747852 -5.9194489 0.23812284
-4.0471077 -10.478908 3.3748569
-2.0217836 0.18097273 0.43985409
16.305603 -4.4033527 -0.02623209
-4.0437632 -10.389054 0.96976864
-2.4395359 -6.0475779 0.011932108
7.6197538 4.2288713 -0.8732
-1.8757738 4.8113484 -0.023312662
-4.7462792 8.7820482 2.1247387
20.279844 -25.88798 2.1909332
-4.4573712 -11.420774 1.8956672
-4.5858488 -2.5897067 0.75829887
-1.8685036 -4.2175522 0.40617245
-41.326637 3.0619254 11.395086
-2.7972815 -6.9609599 0.22842656
-4.5172534 -11.41256 1.0395464
-4.637475 -11.416165 2.7828913
-3.4872847 -1.8579233 -0.19613038
-2.062299 -3.8197968 -0.33466277
-4.6456137 -11.420345 1.0427583
-3.4828258 -8.4997377 2.8036039
1.0644236 -11.184463 3.3974373
-4.6212912 -11.325068 3.2029541
-1.8663415 -3.9019608 -0.33377251
0.32839623 11.149504 3.1483915
0.55018312 -11.584794 2.6487529
-4.7165313 -11.30496 3.2066975
-2.1752422 -4.3087792 0.24908915
-1.5932904 0.11947364 0.0017503517
-2.7974737 -0.15724508 -0.013442467
-1.4637414 -5.0573277 -0.29480973
-4.867837 -11.36612 2.7905452
-2.1760006 2.8113587 0.67715442
-4.8571548 -11.392015 2.3479934
-2.5461316 5.3432579 -0.26747972
-4.840199 -11.39865 1.9109547
-2.7826769 -0.33364853 -0.37704086
-4.8507485 -11.420063 1.4759716
-0.46840045 12.112287 2.5165837
-1.6636803 -3.2253129 -0.35687542
35.615112 26.746632 -2.4459136
-3.8998692 -8.9247208 -0.12599343
-2.2629898 12.089676 2.9896541
-2.1058428 2.8122237 0.73152173
-5.4147358 -10.456268 1.0058371
-1.7672392 -9.8364115 0.90005291
-4.0947704 -2.4001415 -0.034927819
0.53367823 12.065907 2.9435356
-2.3184633 -2.1234446 -0.045980372
-2.0653033 -4.2065187 0.40773636
-4.7971315 6.9698787 2.1408284
-4.4123945 -9.9792156 3.2817121
-4.2907381 -8.6446857 0.21109727
-1.4828589 2.0153472 -0.3566539
-4.4446883 -10.008355 2.8920453
-2.168025 -4.6028852 -0.27066645
16.497478 10.63213 -0.21932743
-5.1740479 -3.4352751 1.0638494
-3.9722171 -8.8966455 -0.12613556
5.2792683 3.127167 -0.76513106
2.7185564 5.583498 0.99381411
-5.1392908 -2.4841456 1.5798825
-2.1076713 -0.6637097 0.060742844
2.5128312 2.3748915 0.95646846
-5.0678277 -11.390896 2.8107154
10.234596 10.472909 -1.1467845
-5.0603476 -11.3713 2.357645
2.1312351 6.4629979 -0.62716758
-5.0552635 -8.2636662 -0.1244909
1.2194709 -9.5824308 0.20093969
-2.3151667 -4.8341274 -0.30116126
1.1886524 -9.8019762 0.19935383
-2.1571164 -4.4375877 0.24829742
-1.9606247 2.8001769 0.091528729
-5.2525392 -11.375939 2.3709974
-2.8695855 12.174785 2.1388371
-5.2461376 -11.401649 1.488819
-5.0890088 -1.5139303 1.4746108
1.2741923 6.6816115 -0.6223948
-2.1769984 -4.38903 0.081938379
-5.2540712 -11.250026 2.7991753
-4.8701081 4.576519 1.0474191
-4.8625426 -10.491285 3.0386021
8.3159542 0.95902348 -0.80460811
2.2899916 -9.6500559 1.2348481
-4.9878783 -9.0231781 3.1074617
-5.1979237 -5.0106416 1.9647969
0.76176757 3.0320592 -0.48231399
-5.2730794 -11.373026 2.8238077
-5.1931324 -3.6362793 0.86468631
17.495283 45.394802 -1.070426
10.58674 -4.0732903 -0.72183222
-5.135777 -11.018886 3.1815977
32.799469 2.9216895 0.72009623
-2.3212621 -1.873697 0.35582364
-2.142045 -4.2063265 -0.22864035
-5.1660514 -2.4614654 0.99234247
18.640488 -1.4967564 1.8881991
6.341639 -12.281378 -0.3519913
-4.6330976 -9.5611248 3.1992598
-4.763669 -10.00863 2.9224072
12.06207 -1.1988865 -0.82392424
-4.2638307 -2.5014298 0.40042359
-5.3402014 -11.238186 2.3556383
1.7791809 3.4244215 -0.26703224
-5.3811307 -11.23076 1.918195
-3.0544069 -2.1683905 0.49648267
-5.3159456 -11.136503 2.7829916
-2.2295842 -1.7703749 -0.39058229
34.364098 -16.44186 -0.34173188
-2.1649559 -4.1868715 -0.22774318
-3.1412227 -6.2948289 -0.24962892
-5.2829137 -6.6039796 1.082033
-4.8893828 -2.0155373 -0.16042697
-1.4934287 -2.3144987 -0.37983862
-5.3672862 -11.156152 2.7909722
18.503767 -10.48083 -0.051927641
-3.0711856 -2.2392912 -0.37801418
12.254535 6.4951234 -1.0503278
-5.3880672 -11.202868 2.3534887
-3.5425448 -1.5067481 -0.38760757
22.181684 -43.640316 1.4672273
20.087881 -9.686861 0.69844002
-3.2486186 -6.2480602 -0.25007048
-5.4257779 -11.046379 1.8983043
-5.4396253 -11.072341 1.4670677
1.0703382 10.465079 2.9881732
-5.6118259 -10.016519 3.0132368
-2.3336184 -4.4222789 0.58596665
-2.4710383 6.0310812 -0.55191809
-45.57497 0.65037745 9.2298937
-1.3884915 -2.3623207 -0.3782658
20.181581 -26.136824 2.2006307
-5.359014 -10.819686 2.7275591
-7.0656476 7.9610844 1.5088334
1.3283889 -11.633279 1.4099914
-4.3446174 -8.6934004 0.54269063
8.2489109 0.36085045 -0.78465652
-5.4141765 -10.843587 1.8732015
-4.4643531 -8.6988602 0.54405856
-3.0263643 0.19910546 0.61950696
-1.8087851 -3.1694286 -0.35893008
-2.2416611 5.4225621 0.33636919
-1.6655527 -2.7056131 -0.37936899
-5.0707526 -10.005033 2.9525092
0.32940313 12.066465 1.2148781
-5.3817406 -10.606435 2.2618015
-1.6194457 2.9670949 -0.48954827
-4.3948331 -1.1881618 -0.36686128
0.62064272 5.0530658 -0.5755403
0.34627089 12.052976 1.6421151
18.21583 -40.809837 2.9523566
-5.4077897 -10.657 1.8503995
-1.8517059 -11.453629 3.4903777
-4.8412976 -9.3447437 3.1692405
-5.3755155 -10.425738 2.2338748
-41.052311 3.2844245 8.33459
-5.3871846 -10.446487 1.823979
-4.6631365 -8.7878017 -0.13516781
-5.3495922 -10.33486 2.6369362
-2.2982423 -3.7114513 -0.33672628
-5.3362913 -10.226676 2.6158049
-2.2033703 12.08215 2.9856153
0.73716491 -6.8151469 -0.25291887
-5.3693895 -10.249973 2.2067771
-5.386579 -10.238341 1.7990605
19.011299 -15.430249 1.6590004
-5.4123096 -10.364299 0.59524232
2.2973988 -9.6039562 0.19362253
-5.9572706 -5.1759434 1.2916678
2.700712 5.540792 0.32909182
-3.4451811 -6.1786318 -0.25239137
-4.9136872 -9.1928806 3.1402111
-2.5080945 -3.5325236 -0.33041435
-5.6628137 -3.0387359 0.65127188
2.31778 -9.4399481 1.5635186
13.518817 -10.26277 -0.56423539
-5.333395 -10.044786 1.372425
-5.4175811 -10.252268 0.99444437
-4.1072206 -2.2797897 0.23962097
-5.4121947 -10.238562 0.59213156
-5.4950867 -10.375692 3.07759
-3.2657671 -2.1123412 0.50371635
-5.2989788 -9.9819002 2.1610227
34.317783 -16.02239 -0.34170029
-2.1746724 -3.7851193 -0.18769188
7.4666986 -1.9965866 -0.69323862
4.541152 -7.0651579 -0.40718517
-4.1751332 -2.4302523 -0.24033612
-5.3551545 -10.008833 2.5774841
-5.3018284 -9.836566 2.1393223
-4.9835281 5.3200998 1.6253053
-5.4926429 -8.2560806 2.9910357
-4.8933468 -6.5255885 -0.059617441
2.9092474 9.3440037 1.3906462
-5.3328185 -9.9509897 0.58418566
0.72866184 6.8021536 -0.62421656
-1.9085394 -3.1217353 -0.35967156
-5.3268361 -9.8499155 1.7493166
-4.759047 -8.7392406 -0.1353482
-2.5736501 -4.4642916 0.24618763
-5.3931909 -10.980431 2.319726
-2.6013045 -1.2302711 -0.39467973
32.812119 13.232986 -1.8242962
2.7308178 6.3326106 -0.64143586
-5.4055476 -9.879715 0.58321059
-2.3848209 -0.84106535 0.1022932
-4.9304438 -8.9133778 3.0729568
-0.089088574 9.716814 0.35555887
-3.6408601 -6.3732085 0.47786316
7.0211601 5.2396417 -0.88476914
2.6677918 3.3498611 0.31913638
-5.3724279 -9.6611528 0.19927324
-1.7647427 2.5626991 0.4182471
-5.3906159 -9.7045803 0.96311682
-0.46465009 10.972171 -0.39900449
-2.6424925 5.5370398 0.13240962
-2.564672 -4.3343306 0.58711034
-2.3152332 1.8732468 -0.46605092
-5.2938347 -8.1107607 2.5753386
2.7070658 3.5575461 0.32013655
20.681765 -11.100462 2.3870597
-0.76336122 -5.939074 0.23838964
-5.3655419 -9.465394 0.20050566
-2.6582756 -1.5444726 -0.13838632
13.220187 -26.767277 -0.03089707
-5.028739 -8.7940111 3.0562716
2.5017591 2.782649 1.0050642
-5.2300739 -5.5474901 1.5268096
-5.4789386 -9.9557676 2.985471
-3.4712958 -1.9596466 -0.27607182
-5.3303547 -9.4524822 2.4737148
2.9171855 11.963896 2.1114955
-1.7341528 2.5758786 0.52028614
-2.3717413 -3.9103892 0.096164718
-5.3057041 -9.2289886 2.430913
-0.80559611 -5.8835545 0.033052661
-5.3847723 -9.434907 0.57206881
-1.8302053 4.706923 0.15693343
-1.3528991 2.156528 -0.37470278
-5.3265724 -9.2340221 2.8143723
31.973866 5.9647689 -1.6014446
-4.9202986 3.7570157 1.6358484
-5.0015244 -8.5670214 -0.13429618
-5.1950536 -8.798214 3.0793602
-5.3136821 -9.0745564 2.7790859
-5.1173105 -3.8460581 1.9874905
-3.8170674 -1.470037 0.37445664
-3.9671891 -1.4496515 0.65325534
-5.3224053 -9.0546732 2.4011199
-5.3072181 -9.0254345 2.0186543
36.667725 25.949036 -2.4617476
4.2866597 10.006506 -0.40467036
-1.6331698 -2.1291056 -0.35740665
1.0737401 8.2094898 2.4139633
-1.7130388 0.49788082 0.68714797
-5.056829 -8.4786968 -0.13233563
-5.2617006 -8.7857285 2.7120957
-6.4702287 3.4142561 1.8979019
-5.3804364 -9.0520515 0.92676121
29.871845 0.55061126 -1.4030545
-2.7953067 -4.4553847 0.42159382
34.056084 6.1216445 -1.7190951
-5.2817039 -8.7864122 2.3490076
-5.3024864 -8.7788038 0.20495652
-2.2921209 -2.4189703 -0.067904398
-5.2988024 -8.7519102 1.6186743
-5.3137078 -8.7759771 1.2621886
-4.680934 8.3884192 1.0394918
-1.7936788 -2.6406114 -0.38066235
-5.2953858 -8.6239805 3.0508029
2.2072442 -8.6155128 2.7515986
-5.2992344 -8.7488155 0.90779799
0.93068427 11.992615 0.37019736
-1.6119241 -2.247927 -0.38031906
-3.8419883 -6.0023851 -0.25632861
19.03376 51.522003 0.66462582
34.342865 -14.384311 0.95401472
-5.1968455 -3.8638771 1.3238221
-1.860411 5.0132694 -0.40127781
-5.3112931 -8.6169472 2.3217664
16.709162 27.119514 -1.7179444
-0.63853872 -11.56688 2.6445255
-5.3441772 -8.7314215 0.90815479
-5.3146338 -8.6205635 1.9597087
-5.3655958 -8.6397076 0.9037863
-4.6440597 8.949893 0.38067326
-4.5043774 -2.2180321 0.39958385
-4.8209519 7.1791301 2.4940481
-5.3582931 -8.6253319 0.55207908
-4.4712601 11.807103 -0.038173731
-3.005244 -4.5724602 -0.31161168
-0.64382094 -11.577632 1.8139215
27.897902 -6.6367493 -1.2640287
-5.3455863 -8.5479336 1.5981457
-0.71473116 -11.572324 2.2255368
-5.3495097 -8.5491571 0.5501374
-37.296021 6.674716 10.395895
-5.0796828 -7.9790392 -0.11485758
-1.8837514 12.143704 1.6705457
-4.3394394 -6.8266764 0.22202398
-5.3672833 -8.4301462 0.89246672
-5.074069 -6.2064872 -0.054298922
-1.6525186 -2.2168174 -0.23784649
-4.3671923 -6.8216619 0.22188042
-2.9269218 -2.4078209 0.0044207522
1.9482955 -9.3798885 0.86811537
-4.6370115 -11.408242 1.9024099
-1.7833616 -0.21717013 0.31731626
-5.2906055 -8.2174158 2.5969579
-1.8797274 4.6437078 -0.35532451
3.5414474 -2.8655319 -0.44585657
-5.3052926 -8.2398205 2.2544684
-1.7566895 -2.4519928 -0.3407836
-0.014058863 12.040249 1.6402156
-3.1816232 8.4795313 -0.57321227
-3.0798507 -4.4857559 -0.30799043
2.2362547 -10.649223 1.716837
-2.3904951 -0.57356983 0.25844401
-5.1150794 -7.8451076 -0.1109708
-5.8039608 -2.2310815 1.4800463
-0.45306909 -11.532173 3.0527012
-3.370568 -4.9752221 0.23850413
-1.8422812 5.0943532 -0.41094533
-5.2894926 -8.018074 2.2139378
-5.2790194 -8.0025311 2.5512154
3.596308 -9.9282808 -0.19214641
-1.595903 -2.1433392 -0.17421433
-3.0560129 -4.3972335 0.42325071
0.53504205 12.034544 0.79346251
-3.4382963 -4.9082146 0.23841904
-5.2365766 -7.5573702 2.4549363
11.871541 -11.167701 -0.5139842
-1.7626107 -4.4851985 -0.078566998
-5.2765231 -7.8291302 2.1796188
-4.9114952 -3.1787195 0.033533491
-5.3231916 -7.8208008 1.5138249
18.542976 -6.9781337 2.0366471
-3.4060249 -4.8508444 0.64005768
-5.1845479 -7.5309849 2.7748187
-1.5394073 -9.9044828 0.55239362
-1.6382233 -2.1338544 -0.085651733
-5.1946945 -7.569972 2.1258004
-4.8156371 4.9229622 1.3071805
-4.9674788 2.5006926 1.1133863
-5.1095543 -7.3843503 -0.094701827
-0.44777483 -11.610268 1.4038779
-5.214745 -7.4996181 2.7720227
-1.7582364 -0.17953266 0.11056091
-5.265389 -7.4212999 1.7830399
-3.5007541 -4.6947169 0.040307321
2.0963876 -3.6147664 -0.363291
-0.4441095 -11.581565 1.8132231
-5.2539964 -7.405097 2.4264591
-3.6131907 -4.9408627 0.65141535
-1.251808 -11.44241 2.6282058
-5.3016958 -9.4344511 2.0790131
-5.3595419 -7.4090791 1.4704313
16.59709 -40.964798 2.932663
-5.2412481 -7.0675025 2.3572445
-2.5061746 5.4226875 0.13591945
-1.6949415 0.16197987 0.36073318
-5.2339997 -7.0319915 2.0383141
-5.2478075 -6.8459482 2.3143957
-5.2242484 -6.6362228 2.575716
18.568123 -13.431602 -0.052927766
-4.4660296 -5.4753389 -0.25210932
-3.662688 -4.5064917 0.042023458
0.15622637 12.072685 1.215247
-5.1925254 -6.4031925 2.5184565
1.1037832 10.045764 -0.70380211
-4.767652 -11.227055 3.1937387
-5.2196188 -6.5221214 1.9515741
11.048841 9.3107567 -1.1223102
1.8616946 3.3329043 -0.44684342
1.3326308 -2.5927582 -0.38768116
-5.2252245 -6.4667878 2.2373538
1.847679 3.4056292 -0.24195671
1.623997 9.4979935 2.7644477
-5.2042289 -6.4171948 1.6384718
-5.2088099 -6.3603878 1.9237299
-3.3287845 -3.9202149 0.24407664
-5.2532568 -6.2743688 1.6242255
2.5522745 11.806637 -0.051941294
7.3132405 -2.2389681 -0.68019307
-5.238049 -6.2135134 1.9034684
-4.5670161 -2.959008 -0.30976391
-3.2414422 -2.4797575 -0.15288492
0.12208556 11.992388 -0.044045731
-5.2704735 -6.2549663 1.338816
-5.2830997 -6.290338 1.0575105
-1.0635821 -2.5027604 -0.38065341
-5.0332022 -5.9586663 -0.04516758
-0.27879402 12.089865 1.6463286
-4.1456628 -4.8060627 0.66262448
-5.1152296 -0.62939715 1.2522178
-4.4893184 -1.8699441 -0.24696575
-1.0002244 -2.9590831 -0.37873954
-5.0580435 -5.9322181 -0.045083009
-5.2323537 -6.0285993 1.8730297
16.423361 9.2410173 -0.19196932
2.5378172 3.2161057 0.76391459
5.0745478 -2.2303374 -0.41368303
-5.266983 -6.0509825 1.3171742
2.5366757 3.2622764 1.2268506
-5.2466173 -6.0069518 1.5881083
-4.695116 -5.2627997 -0.25156751
7.4214568 4.6162486 -0.87876266
-0.84812766 -11.468276 3.4657331
-2.9076643 -9.3621244 0.21048088
-3.6396856 -2.023617 0.51782936
-5.1249089 -2.727241 0.41965374
-5.2386508 -5.9355989 2.1384487
1.136519 2.4196789 -0.48547876
-1.8976705 -1.9619888 -0.27210566
-5.2308846 -5.8185034 2.1154978
2.4962473 1.7713217 1.1251723
-5.2265315 -5.8130584 1.8380314
-5.2618318 -5.8740802 1.298424
-4.9087472 3.47877 1.3887247
-2.1532807 -2.2118344 -0.14236329
-2.2117293 -2.1994476 -0.14695922
-1.8549689 3.5442152 -0.49842951
-5.1440616 -3.9950621 1.3313694
0.92961729 12.00541 1.2122053
-2.6104727 -2.7402174 0.6291067
2.6216764 2.7482195 1.3039342
19.005745 -4.8296099 -0.078628369
-5.231401 -5.6191964 1.8083022
-4.1400018 -4.3828716 -0.17136018
-36.78603 4.6950998 10.198812
-5.8223491 -2.6249142 1.5178847
-5.229495 -5.4064884 1.7752208
2.6041472 3.0138128 0.60606438
1.1334765 -11.597719 0.58935982
-1.6772274 -4.6711912 -0.12907353
-5.2360234 -5.448988 1.5149437
-0.64773339 -11.601817 1.4041029
-2.2845829 -2.1990526 -0.049215455
-5.1476002 -4.0230541 1.5642741
4.7287335 6.5347815 -0.7987895
1.7347162 11.595869 2.8692586
-2.9582682 -1.5422014 -0.40159273
-5.2012553 -5.0917826 2.2409487
-6.0105758 -5.5297766 1.9023925
2.3988607 2.5103462 0.76657295
17.179222 -40.910587 2.9395099
-5.9798617 -5.2287259 1.8549408
-2.9147894 -2.3674204 0.12976536
-3.3115416 11.408447 0.38433886
-3.0973253 1.8992395 -0.14013213
-2.3369668 -0.7691533 0.52274555
18.693087 -1.3742363 0.56306618
-5.1284637 -4.3950076 2.0901546
-5.9486175 -5.1670957 1.290036
-2.9961023 -2.4139073 -0.38701838
38.499252 8.5619459 -2.0118287
4.2404795 9.348299 1.8160008
-3.4730785 -1.649899 -0.38642457
-4.4828782 -4.5426822 -0.19943541
-2.723074 -2.237272 0.14010507
-1.0757979 12.133347 2.5273559
-5.9336948 -5.0548458 1.5480875
-1.8819431 1.9828498 -0.27573112
-2.4018939 -1.9416473 -0.34864745
26.912836 31.964905 -2.3223226
-5.9671121 -5.0667143 2.1055889
12.588513 5.1575084 -1.0159601
-5.0855942 -4.2196145 2.0485246
14.869618 30.760948 -1.868711
-5.9621911 -5.0309501 1.8246499
-3.1941292 -2.575614 -0.15527792
1.6969934 10.82509 -0.40539861
-4.7060423 7.390595 1.2806149
-5.9148588 -4.9451289 1.5332276
0.21511185 11.230866 3.1681969
-3.1531825 -2.503546 0.78251159
2.3635905 -4.0082474 1.4119592
-3.0874343 -2.3799145 -0.004420212
-5.8608518 3.382354 1.5358832
-1.172246 -6.5923023 0.69547486
-5.9418573 -4.9370995 1.8086491
-3.1540031 -2.5752707 0.789074
-5.8968358 -4.8212805 1.5170103
-2.902174 -2.277596 0.1794759
3.0548744 11.118112 0.77079672
-3.299763 -2.4800749 0.21891619
-5.9441175 -4.8442202 1.7963055
-5.1597567 -3.9706469 1.1070491
-2.2991869 -1.6662577 -0.38761333
16.258762 -3.1623509 -0.62164754
22.874884 -40.446968 3.0285995
18.733528 -1.4574189 1.8953426
-2.9497921 -2.3236396 0.0070567871
4.0816236 -0.042070173 -0.56757891
-5.0134768 -4.0465646 -0.20626099
-3.0422854 -2.313149 0.12636437
-2.8445573 2.8126993 0.50653499
2.1428421 -7.0968919 2.3430216
-3.2105026 -2.4645214 0.78457958
-3.2974467 -2.5276632 -0.30089843
1.1313459 6.7293181 -0.62444508
-0.77882373 -11.577076 0.99906933
-5.9425664 -4.7204866 2.0457165
-3.2487988 -2.4884317 0.38317141
2.1233308 -11.620354 2.2617011
18.896187 -14.41484 1.6124321
-2.9189944 -2.1453068 0.46019226
18.895741 -14.181946 1.6029214
-2.9137015 -2.1309798 0.41503951
-5.1431293 -3.9316723 1.3243126
-5.1410575 -3.8908422 1.3196174
-2.7310293 -1.8597983 -0.39546224
-4.4222984 -6.4727783 -0.045226164
-5.1592126 -3.853045 1.9975911
-3.0202773 0.67806607 0.43321034
-3.9127665 -0.96496844 -0.28742987
30.169569 1.3217052 -1.4283829
-2.5028751 1.9303708 0.35642463
-5.1441226 -3.8565886 0.44146109
-5.1765265 -3.7987695 1.7631619
-5.182663 -3.7612827 1.3110758
0.14252195 -11.603232 1.8149719
2.2015336 -1.0578941 -0.41936871
-5.1253347 -3.6316576 1.9520694
-3.4945812 7.2537494 0.084389538
-3.3425846 -5.0513916 0.23826124
-5.2125907 -3.7581477 0.87360209
-5.1999187 -3.6417246 0.43811691
-2.6789675 -0.69829303 -0.3660723
2.4474053 0.69528133 -0.47047046
-5.1930833 -3.5187125 0.2264861
-5.1927309 -3.5078528 0.43538323
3.6337094 -1.1426145 -0.49933961
-2.4694531 -1.4469587 -0.39175415
-5.1886115 -3.4146879 1.2762552
-4.1136775 -2.6336482 0.23955928
-5.8285403 -2.7590518 1.306511
-3.7209985 -2.4239907 0.097288914
14.163638 -26.521513 -0.039976969
-5.1571236 -3.4104011 1.7026194
17.400013 -41.116001 1.384022
-5.3963494 -9.8650026 0.97221088
-4.1062479 -2.6727998 0.72647923
-4.2418637 -2.6198308 0.73361516
-5.1170263 -3.2247727 1.8834471
-4.1323037 -2.6106975 0.56297415
-3.4332173 -2.2911417 0.11164499
-5.4245067 -9.8457804 1.359019
-4.0892005 -2.6171942 0.39960349
9.4708586 -12.018808 -0.44436553
-5.149343 -3.2271144 1.6756299
-2.3648775 5.5695868 0.54638618
11.85878 -1.7996494 -0.80618209
-5.1695895 -3.2377312 1.4692976
-4.97189 -3.1875408 0.030890366
-5.4111328 -9.8228035 1.7511328
-4.1346526 -2.5613806 0.077635169
14.061405 -26.542788 -0.038934752
29.570015 -1.4737003 -1.3683387
-5.1596885 -3.2200608 1.6766367
-1.7086923 -9.8721075 0.90160751
-4.3519688 -2.6999149 -0.27327883
-4.0915537 -2.4365377 0.2398584
-0.35524833 12.058448 2.0701215
-3.715425 -2.2679341 -0.3311196
29.526474 29.744898 -2.3162081
-5.154521 -2.8230288 1.4202871
-5.353816 -8.3975668 0.89029455
-4.9210448 -2.9942243 0.036748342
-3.4804227 -2.0592656 0.51160723
-5.1496119 -3.0291405 1.6491119
-3.5727754 -2.1149883 -0.30090472
-5.1362052 -2.6319635 1.000295
18.705929 -1.2222619 0.56161284
-5.1563601 -3.0438566 1.4448516
-0.8759166 10.943748 -0.39682132
-3.3311348 -1.8895738 -0.38309562
-4.9205713 -2.9130886 0.038281526
-4.6202774 9.3820057 0.74509495
17.754513 -41.049278 1.3836819
-4.4410777 -2.5660365 0.74580061
-4.555409 10.18526 0.77404666
-4.3497505 -2.5011942 0.90495157
-5.1527767 -2.8525121 1.6270088
1.1587354 -10.89893 0.19069166
-5.164917 -2.8568001 1.4257349
-2.5476437 -1.329331 -0.39386576
27.762987 -7.0270615 -1.2578137
-5.1356177 -2.7761493 0.031528898
-4.6857419 8.931962 0.03575936
19.348215 -18.811651 1.8198811
-4.4539671 -2.2504618 0.23523606
-4.7882037 4.9597697 1.7917726
-3.0160522 -1.4455013 -0.403579
-3.6491663 -1.8394724 -0.22396012
-3.5697546 -1.8462541 0.11429322
-5.1178651 -2.6203449 1.3927979
35.488361 13.272008 -1.9655781
3.015255 9.9528542 0.72360069
-5.1687708 -2.7504334 1.012008
19.333105 -20.813026 0.90981084
-3.7276788 -1.9105263 -0.30710319
32.293186 4.4081812 -0.43810156
-3.975606 -2.0546625 0.38724005
-5.2035604 -2.6177053 0.80848926
-5.1059046 -2.6345212 0.61016899
2.3392754 -6.3916955 -0.2628589
-0.87269622 -5.9719653 1.0757614
-3.5612993 -1.780351 0.11569766
-5.1901212 -2.6025143 0.61319727
-3.7699566 -1.8843657 -0.3111437
8.3076172 1.9554695 -0.83386791
-5.6642871 3.3948541 1.7330533
-4.0587182 -1.9847862 -0.35721961
2.6504788 1.8690408 0.55604142
0.13611729 12.077545 2.9428456
18.237591 -7.2109365 1.3306733
5.3173609 -2.2396364 -0.4423475
-3.629216 -1.6313957 0.13776761
2.1331055 9.4377041 2.7777286
6.5364428 -6.9667263 -0.51874584
-5.1047182 -2.4855318 1.772995
-5.166532 -2.5485163 1.1939151
-5.1430144 -2.5061295 1.3857005
-0.95322746 -6.6834331 -0.0017211656
-2.6941223 -0.86361605 -0.38181734
0.71869767 11.710719 -0.45077321
1.3283843 -7.2717385 -0.041146941
-5.1632638 -2.4981472 1.1893203
1.1337166 9.5050468 2.3940256
-3.8217018 -1.8167824 -0.17257118
-1.9788374 8.3439589 2.4766846
-3.8630371 -1.7933327 -0.03682382
2.4044304 1.3984113 1.0574794
-4.3091168 -2.0257196 0.55050755
-4.7393126 2.365344 -0.16641997
-4.118463 -1.8713849 -0.35860127
13.554886 -26.697378 -0.034165259
-3.6518288 -10.361293 0.96029109
-3.7974153 -1.553736 0.37544456
2.1394908 -4.6043115 -0.30906025
-1.6302744 -4.8128424 -0.24416238
-5.8248506 -2.754751 1.7541416
20.538679 7.1411605 2.8445024
-4.5533361 10.504516 1.583762
18.849585 -6.7937121 -0.77769452
-5.7535934 -2.743583 1.2944195
-5.1713867 -2.4263635 0.22627121
34.442356 5.9445324 0.72041786
19.011415 -4.6385102 -0.079765804
-5.8168569 -2.6669478 1.2975563
-5.8258996 -2.6253541 1.9665467
-5.2216344 -5.4156456 2.0404441
-5.8418865 -2.6334941 1.7444123
-5.1592164 -2.371804 0.98583359
32.34193 3.9924912 -0.43417105
2.3335862 -11.029261 2.5825422
-2.6718879 -1.0520021 -0.39284924
-1.789856 4.9731207 0.14996821
-4.7017307 -2.0921526 0.57222474
-37.820271 4.115891 9.070446
-44.283081 2.0012219 7.366641
-0.66680467 -5.8574042 0.84974384
-3.7158606 -1.5629196 0.50605285
1.5719053 11.497392 2.4244814
-5.8273554 -2.424403 1.9427093
-5.2437372 -5.3030858 1.7613796
12.025694 -1.3123596 -0.82054013
-5.8314676 -2.426918 1.7204829
-3.7464433 -1.570109 0.37477276
-44.170593 1.8578109 7.3489294
-3.6795175 -1.4924959 0.12635036
-3.7453284 -1.5240997 0.50635314
-5.1311817 -3.8821905 1.7674799
-3.8457618 -1.4765548 0.57408154
-5.8041983 -2.2329566 1.2638105
-5.8303289 -2.3122654 1.7087023
-4.7798495 5.2401986 1.836024
-2.1924901 -0.80199504 0.046597537
-5.1294727 -1.9715426 0.95866144
-2.1291242 -0.75553519 0.055307277
-3.3099084 11.554156 -0.44779402
18.568165 -1.8187588 1.8877118
-3.1243169 -1.1366253 -0.39934722
0.33223924 -4.128304 -0.33006987
-2.3385851 -0.77343166 0.35949633
-2.4619899 -0.86065799 -0.32366657
-45.665306 0.8105585 12.564375
-0.44896188 -11.482216 3.4646792
-5.8083682 -2.0302694 1.8947997
-4.8936939 -1.8995687 -0.11913492
-5.7952609 -2.0269344 1.4622105
-3.1406338 -0.32236508 -0.26183584
-2.3805547 -0.80659181 0.41547778
-2.3261807 4.41646 -0.26113212
-4.2692261 -1.4484218 -0.35840917
-3.5126333 -1.2349957 -0.36458623
-3.3221447 11.24801 2.8637531
-2.3008678 -0.69417757 -0.26159674
2.1999736 -5.2329125 -0.1754318
-2.2808545 -0.66024816 0.39367837
-1.7611083 -3.9423227 -0.33340481
-5.7871304 -1.8867245 1.450194
-4.5450888 -2.7304051 -0.29434952
-3.6844277 -1.0500933 -0.38617164
-0.12014563 10.918449 -0.39660671
0.33632156 -9.6467695 -0.1329919
-4.3193302 -1.2815298 -0.3589862
-2.4120054 -0.60199666 0.79016924
2.9277058 9.0912189 -0.32000262
-3.2462218 -0.83841038 -0.40699196
-0.0021894441 5.1401281 -0.5773415
-4.098628 2.4623947 -0.28332043
-2.2753994 -0.5818978 0.024694132
2.724416 9.1041651 -0.31672165
-2.4108903 -0.60000551 0.59108925
-2.3729935 -0.62114722 -0.20344731
-1.4700817 -0.24273019 0.36384311
-4.4020295 -1.1348624 -0.3661764
2.0281589 1.6511745 -0.48689091
-4.1852207 -1.0560637 -0.33116412
-2.3041382 -0.4605346 0.12717967
3.956054 10.205712 -0.79323411
-2.4802802 12.128016 -0.043506619
-2.306639 -0.42102683 -0.0066471961
-3.2593987 -2.6146109 0.24911463
-2.4399228 -0.50524366 0.80778939
-2.4149361 -0.49525821 0.21245
2.1933329 -10.752858 2.1211255
-2.4516783 -0.43848839 -0.29388788
-0.45369574 -11.586019 0.59239453
-2.554388 -9.5387936 -0.13318138
-1.6468751 -0.28496352 0.37685779
-5.2721758 -7.4554186 1.4692974
-1.5923302 -0.31382149 0.50317419
-2.3367512 -0.42127159 -0.21685295
-3.3297637 -2.5544312 -0.30720174
-2.4417906 -0.48905021 0.8857854
-2.6383185 -0.49540606 0.20216602
-5.0788813 -0.99022532 1.6175368
2.4723661 -1.607127 0.19120947
-5.0947571 -0.96280736 1.261892
-1.0762144 -6.5940051 0.92531496
-3.4908233 -0.56251174 0.78043842
-2.888581 -0.41232675 -0.31034431
32.697449 -0.033231575 0.74770856
32.691086 0.047515452 -0.39649239
16.26137 0.1492714 -0.056684505
33.212627 0.38696539 0.75081712
12.416235 0.12821847 -0.86222845
32.695385 0.72058266 -0.40335739
3.0428874 0.045467563 -0.48011494
29.908739 0.74871385 -1.4049308
32.65263 0.92659605 -0.40459338
29.973135 0.94048315 -1.4107093
5.9945879 0.10593455 -0.71901625
32.638569 1.133118 -0.40645278
30.025658 1.0849961 -1.4153266
30.071903 1.1821048 -1.4190621
33.138237 1.3310158 0.7408902
30.360468 1.7238504 -1.4418976
33.089146 2.1695001 0.73269069
32.533882 2.1624596 -0.41534963
6.0167489 0.31340003 -0.72584474
30.467165 2.1660843 -1.4537034
8.2610588 0.51084197 -0.78726363
33.022911 2.8486595 0.72594154
12.630968 1.1054817 -0.89558762
6.0344148 0.50333804 -0.73258168
33.004684 3.1075239 0.72352993
16.248325 1.5773578 -0.071825579
16.138132 1.6970561 -0.64894706
32.98502 3.5305152 0.71980214
32.382275 3.5476944 -0.42801481
32.967117 3.7398701 0.71787721
32.945774 3.9459431 0.7159524
32.613289 3.980443 -1.6002554
33.737129 4.2071791 -1.6663171
32.902981 4.1316843 0.71391004
3.0559242 0.31752959 -0.48970923
32.707394 4.2827234 0.71003419
32.911812 4.4153438 0.71185184
3.0482571 0.43242005 -0.49206531
32.900482 4.5729613 0.71050191
32.289391 4.5183053 -0.43779206
8.3196068 1.111158 -0.80762571
4.1290202 0.51420897 -0.5876326
37.524937 5.5434179 -1.8988832
32.887745 4.9431787 0.70756984
38.517357 5.8759904 -1.9596545
12.711844 1.9162905 -0.91923505
32.881317 5.1019869 0.70632076
32.230244 5.1360912 -0.44428205
34.402699 6.0635519 0.72044027
32.144009 5.7728448 0.69142497
32.160133 5.8808627 0.69090611
12.754891 2.3212783 -0.93286723
4.1074433 0.71452874 -0.59096628
3.0351822 0.53116202 -0.49349314
6.0601387 1.1104207 -0.75517958
38.556755 7.7510724 -1.9975344
6.0541115 1.2410159 -0.75931954
38.536106 7.940815 -2.0002677
38.521065 8.1354713 -2.0034626
6.0486608 1.3182888 -0.76169598
37.894012 8.821064 -1.9837927
12.805863 2.926898 -0.95394623
37.797985 8.9249296 -1.9808332
12.82128 3.1253254 -0.96121842
38.506336 9.7290955 -2.037354
38.517876 9.9265747 -2.0425045
2.9866331 0.71838921 -0.49255213
37.44487 10.101867 -1.9884814
38.522629 10.514341 -2.0565019
20.708178 5.7856617 4.3891358
16.357342 4.6148343 -0.11390382
32.878201 5.314857 0.704741
37.497578 11.00455 -2.0131218
12.8034 3.7090757 -0.97844505
6.0072174 1.7207206 -0.77434784
32.866314 5.52665 0.7030707
37.520168 11.140081 -2.0176947
38.475754 11.886742 -2.087723
38.440651 12.075876 -2.0906723
3.8632674 1.24816 -0.57288742
38.407181 12.198915 -2.0920501
38.378075 12.323382 -2.0937195
5.9776187 1.9150727 -0.78035164
38.350231 12.515374 -2.0972464
20.524794 7.0007358 2.8397505
48.934864 16.555439 -0.94444489
36.998234 13.047678 -2.0397089
3.7976439 1.3473165 -0.56742585
53.93996 19.374979 -1.0875956
12.687295 4.5273247 -0.99823987
36.150337 13.137257 -1.9973965
5.9297223 2.1149662 -0.7848376
12.654481 4.6949997 -1.0020411
16.365761 6.1739912 -0.1380095
52.561668 19.823353 -1.0676677
6.0292888 1.5167756 -0.76762706
2.5042562 0.94723827 1.0057712
52.386284 20.325708 -1.0723678
33.947594 13.199502 -1.8834357
53.439816 20.926756 -1.1027464
33.40361 13.111171 -1.852422
33.199589 13.15293 -1.8429832
5.8736629 2.3126016 -0.78892142
32.77087 13.284886 -1.8245218
31.714455 13.270216 -1.7692046
8.0038824 3.3152025 -0.86004138
12.559072 5.360836 -1.0218831
30.138329 13.119577 -1.6831367
53.070915 23.33437 -1.135703
52.950516 23.6812 -1.1392996
2.5154555 1.1451206 0.9277302
29.449696 13.326888 -1.6542137
29.3533 13.370683 -1.6506616
7.8677106 3.6660559 -0.86466634
52.666607 24.546946 -1.1487734
16.344667 7.6615763 -0.80398428
52.805054 25.017601 -1.1596019
7.8271298 3.7715938 -0.86648041
27.554356 13.320134 -1.5573921
27.328028 13.31845 -1.5458738
2.3140149 1.1149248 -0.47714293
48.815441 24.074972 -1.0672965
2.6498282 1.4230374 -0.47921622
3.4588938 1.8288081 -0.54585612
26.306931 13.495502 -1.5003462
46.574589 24.081198 -1.0251691
46.338882 24.145409 -1.0219046
5.5817232 2.9470439 -0.79265976
38.560818 6.132513 -1.9666702
7.6873593 4.0924311 -0.87126118
12.220962 6.5830069 -1.052034
24.403074 13.452122 -1.4040637
33.205452 0.54461563 0.74920058
16.406609 9.1634426 -0.85781306
12.155422 6.7218981 -1.0539097
24.040169 13.469618 -1.3867826
32.454632 2.7774324 -0.42059577
5.4993153 3.1010554 -0.79369539
23.724396 13.492303 -1.3720701
12.073766 6.9074206 -1.0570941
3.3748701 1.9314017 -0.54130173
23.541157 13.537224 -1.3647057
12.035262 7.0133791 -1.0596654
2.600508 1.5238479 -0.48074126
2.4638529 1.5011309 0.86178684
5.1153016 3.0931337 -0.73865265
3.2654486 2.0327072 -0.53285664
2.2014554 1.3292626 -0.47713402
2.5272117 1.5286906 0.76068598
11.952569 7.2996922 -1.0686964
4.9495325 3.1072111 -0.71676964
2.4000368 1.5433611 0.93647921
23.230202 14.400985 -1.3814188
4.8350167 3.1154239 -0.70163566
7.3907018 4.6666603 -0.8789404
2.4895513 1.7670501 1.0063238
2.5099821 1.7319217 0.71620071
37.655903 5.4410057 -1.9043384
2.4997516 1.7330835 -0.44300067
2.4013884 1.710113 0.88991183
2.0927088 1.5061278 -0.47780454
36.511253 26.111574 -2.4650979
6.0569363 0.71484512 -0.74161577
11.578756 8.3721962 -1.1021906
2.4512837 1.8603315 -0.25627598
36.306545 26.226488 -2.4603422
11.507195 8.5174608 -1.1057447
8.2064123 0.10799303 -0.77451664
16.487185 12.410076 -0.98676616
4.2683072 3.3150854 -0.64496851
2.3986509 1.9155246 0.89035976
6.9427905 5.330524 -0.88422883
35.321815 26.96389 -2.4459465
11.389447 8.7388115 -1.110817
2.4271388 1.9102254 -0.46923265
11.288659 8.8926201 -1.1131735
34.901882 27.452042 -2.4476709
4.1286001 3.3398829 -0.62943441
11.228378 8.9904289 -1.1150535
34.695583 27.725922 -2.4501588
6.6847878 5.6627893 -0.88683063
1.9900589 1.7190738 -0.49012762
34.101818 28.691748 -2.465857
2.3914649 2.1253459 0.78992677
34.02145 28.900043 -2.4715049
3.911787 3.4526334 -0.61414862
33.939137 29.097387 -2.4766431
33.858322 29.307035 -2.4824352
2.7576096 2.5025134 -0.50725549
33.786777 29.530972 -2.4893205
33.039082 29.49416 -2.4557049
2.3203354 2.1185179 -0.50902629
15.826901 14.624766 -1.0542165
2.5605462 2.5192955 0.50880706
2.5229027 2.5343342 0.97859263
30.867504 29.398033 -2.3600986
2.4486599 2.5981772 0.70906973
30.301271 29.495695 -2.3412919
6.1929617 6.1820202 -0.88760543
2.6256211 2.7947164 -0.52880293
1.8002001 1.9547782 -0.49427292
2.4636412 2.6541038 0.71455997
10.362774 10.311587 -1.1447027
29.7026 29.65453 -2.3243139
6.0897875 6.2383175 -0.88359118
29.509422 29.742579 -2.3206489
29.244585 29.850981 -2.3151238
2.6502407 3.0030897 0.31897166
28.541195 30.165039 -2.3021421
28.306398 30.298231 -2.2993283
9.9585085 10.730055 -1.1488036
28.132534 30.399755 -2.2974389
9.8564301 10.826392 -1.1494527
27.935949 30.561655 -2.297663
27.832954 30.64275 -2.2976305
27.739809 30.734564 -2.2985256
2.6040344 3.1139584 0.6126501
9.7371836 10.933883 -1.1500152
45.849964 24.260794 -1.0148398
2.4351377 2.986824 1.0247353
27.216326 31.315958 -2.3072076
9.5375175 11.092616 -1.1496503
27.143518 31.531734 -2.3151982
5.5496688 6.5945573 -0.87175137
2.3737586 3.0072367 -0.52648246
2.4278035 3.0710967 0.98569578
9.4119911 11.194995 -1.1498086
2.6190784 3.2950852 0.62342566
26.77626 32.30368 -2.3402243
2.566294 3.3402281 0.75134265
26.697222 32.525318 -2.3485186
9.0815744 11.452477 -1.1500614
26.51219 33.153538 -2.3737221
1.950668 2.5207527 -0.51561588
2.482563 3.3785832 0.9280178
26.473368 33.319248 -2.3807907
2.7226381 3.7699347 0.15589613
26.365623 34.053658 -2.4146671
4.849678 6.5270438 -0.80768561
2.4432011 3.4624009 1.0918396
2.6957948 3.7449744 0.68693292
2.5565054 3.6583819 1.4665101
26.3407 34.678696 -2.4461243
2.4647081 3.5575926 1.1080278
2.4761887 3.5297246 1.2649338
3.3658226 3.7302961 -0.58164281
2.7437088 3.9085648 0.15228792
32.517056 2.368283 -0.41728309
17.407528 23.48535 -1.5513222
17.64609 24.116848 -1.5926034
2.5164938 3.7462604 1.1413505
27.406647 38.504139 -2.6833179
2.7243354 4.1283197 0.85748619
17.610163 25.190783 -1.6480087
8.3362761 11.955537 -1.1481451
2.7512231 4.2464752 0.6858238
2.6314709 4.0999889 1.206285
17.548214 25.545315 -1.6647985
2.72874 4.3047409 0.87368661
7.9817567 12.17759 -1.1474823
34.992001 27.344481 -2.4471402
2.7375755 4.5395713 0.70333695
32.194965 5.5494523 -0.44882861
2.6139469 4.4239316 1.6345776
7.7675109 12.27414 -1.1444492
2.7187448 4.5957832 1.290433
1.7943568 3.169924 -0.27797106
2.7030849 4.6656604 1.2995789
2.6631339 4.6710863 1.6946837
16.68932 27.380812 -1.7366524
16.665833 27.535976 -1.7444551
1.4983339 2.7558966 -0.49726954
5.7719431 9.7739592 2.3974085
1.8095697 3.3573506 -0.49868944
2.2550147 4.3275995 -0.55329549
16.562243 29.401316 -1.8447243
1.8754406 3.7263258 -0.28040332
16.416203 29.576015 -1.8502449
2.1990154 4.3764114 -0.55596095
1.7415093 3.4417911 -0.46741492
1.183902 2.4000094 -0.4870685
2.7010844 5.5048857 -0.10553921
2.7531602 4.0173917 0.49811035
2.1638997 4.5726323 -0.037819732
1.3213085 2.841135 -0.49364367
27.040096 31.71353 -2.3203852
2.7203543 5.5683775 0.55029994
8.5965137 11.769838 -1.1474597
1.6361487 3.5895417 -0.10834591
5.3774147 3.1513054 -0.78071564
2.7128832 5.5785003 0.76978934
2.7056682 5.6152353 1.4501247
2.6903899 3.9260728 0.83716452
2.1075335 4.4354815 -0.5575465
2.6371262 5.6081057 1.2154087
2.6527686 5.6418004 1.4498276
2.1489239 4.6311674 -0.040731058
2.6302643 5.6231513 1.671192
2.6205802 5.5852103 1.8923855
1.582003 3.5928907 0.033802744
1.5767241 3.6384513 0.031343117
15.06111 30.913521 -1.888512
1.6286756 3.7914915 -0.42401469
14.897787 30.827168 -1.8792521
14.757031 30.784948 -1.8731366
14.679712 30.872419 -1.8761498
1.6585532 3.9457507 -0.1407689
1.9439981 4.5308533 -0.55976737
2.4306066 3.326448 1.0710397
20.386353 45.12167 -1.1014441
3.3736498 7.9423361 2.5207763
20.137558 45.149582 -1.0996083
1.6173837 4.099359 -0.15283699
19.744678 45.213039 -1.0972543
30.439034 2.0671728 -1.4507964
21.507723 49.460972 0.65007114
19.578386 45.220745 -1.0957735
4.2413673 10.346038 -0.42430514
19.337189 45.249454 -1.0941014
4.1307268 10.096037 -0.79090464
21.89501 52.565849 0.66922396
13.000599 31.575523 -1.8754988
1.1480807 2.91662 -0.49105427
1.7473475 4.5737958 -0.55272305
18.516268 45.074703 0.61386138
3.5188689 9.228899 2.4732275
18.249809 45.251713 -1.0834517
3.1509025 8.1841984 2.5544255
18.114218 45.353374 0.61407536
17.974781 45.368595 -1.083884
3.8958411 10.250039 -0.796211
3.0510871 0.14444865 -0.48383781
7.767797 3.913131 -0.8686651
17.855768 45.328079 0.61305231
17.726633 45.368011 -1.0815026
17.327173 45.398438 -1.0785367
3.7526431 10.264152 -0.79242903
18.865852 49.658096 0.64192456
17.104019 45.457424 -1.0780171
14.59228 30.925621 -1.8769455
16.868401 45.482693 -1.0765055
3.3235147 9.414073 2.4951313
2.6785505 7.9094558 2.4440429
0.94538659 2.984581 -0.48654348
3.135545 9.0607433 -0.66055334
1.5125968 4.6408348 -0.54840475
2.6510468 5.678812 1.2256103
3.0577106 9.1167345 0.69056034
3.06617 9.1455717 1.0299817
3.0618565 9.1392775 1.3742702
3.173758 9.4185591 2.4844561
2.6943662 8.1460934 2.5024121
2.8779123 8.8263512 2.6825812
1.1216041 3.6512074 -0.5113253
2.9988317 9.1443081 1.3723773
2.9492948 9.1565189 2.4135151
4.2307701 9.325078 1.0785078
2.9433455 9.0618114 -0.65431112
2.9561119 9.1661806 1.7168639
2.7957377 8.8986406 2.6930966
2.915669 9.3625164 0.69817489
35.179951 27.125328 -2.446327
2.9122174 9.3581085 1.0413363
4.2184319 9.342515 1.4467596
2.892581 9.1634731 1.3704216
2.7799456 8.8091469 2.6701138
2.9006422 9.4270935 1.3986832
2.8906674 9.3544188 1.7399448
2.906404 9.4710417 0.70233214
2.9076388 9.4806118 1.0501065
2.9026716 9.5102243 1.4075946
2.8748512 9.4640923 0.35269383
3.0123484 9.9501038 1.086761
2.9826341 9.8658133 1.4482787
2.8276691 9.4056206 2.1017151
26.855583 32.106739 -2.3332314
2.8420055 9.5561199 2.128839
3.0217497 10.145644 0.73057163
3.0200779 10.146817 1.101262
2.9397023 9.9638042 2.2057073
3.0292342 10.334742 0.73817521
3.0342278 10.356935 1.1169116
2.9839888 10.156656 1.8567848
2.728488 9.0823622 -0.64950687
2.8242278 9.7904263 0.35462245
3.0171134 10.366273 1.5028819
2.3502839 6.4358163 -0.63443714
2.9090028 9.9208746 1.82026
1.2505471 4.8225946 -0.56305069
2.7648337 9.7204475 1.0641918
2.7274075 9.4099035 2.4508412
8.4859657 11.854158 -1.1481113
2.6619766 9.4182243 0.010402895
2.6559811 9.5102367 -0.68741781
2.9741123 10.498518 0.74400264
2.9796395 10.640175 1.136375
2.9921885 10.569169 1.5237758
12.438298 0.248133 -0.86557472
2.9442146 10.367019 2.276686
3.0255666 10.900279 0.36206013
2.95804 10.696458 1.5363139
2.9797971 10.575071 1.9155744
2.608573 9.440383 2.4494665
2.6561782 9.6739807 -0.7028138
3.0512109 11.111809 0.36345643
3.0121975 10.994802 1.1631097
47.83551 23.970255 -1.0469185
3.0433362 11.10659 1.5831386
2.9673676 10.857888 1.9550183
2.620738 9.6353292 2.1306188
4.063314 0.86074978 -0.58893627
36.117695 26.351635 -2.4567912
0.73461521 3.0399232 -0.48179615
3.0448565 11.240851 1.5976329
2.5409274 9.2855682 -0.32498956
3.0569403 11.326449 0.36483833
3.0589144 11.40655 0.78134036
3.0560093 11.337902 1.1892753
3.0483377 11.384776 1.6132435
2.8757324 10.73421 2.3377297
2.5402684 9.383687 0.012317182
3.0195916 11.563775 2.057301
2.4996057 9.5076284 2.4568422
3.0652122 11.851249 1.2272944
3.0615952 11.846022 1.6634272
3.134063 11.968087 2.5689662
2.3982081 1.327433 0.98702145
3.0120902 11.788943 0.36773664
18.126675 45.334236 -1.084437
3.0206912 11.827652 0.79784095
2.6701605 10.590201 2.6960967
2.8440235 9.4703636 0.0074851937
2.3624601 9.2708359 -0.32091933
0.54848909 2.5515571 -0.45353356
2.9788544 11.793389 -0.056115255
2.501574 2.5243001 1.1078745
1.1482466 4.8664589 -0.56523025
2.4276421 0.7542429 -0.46959111
2.9434302 11.927965 2.5525732
2.2123847 9.391221 2.7707386
2.9136572 11.917979 -0.058990497
2.9268551 11.908419 0.36838469
2.9317513 11.934572 0.80120826
2.174855 9.2728376 -0.652017
2.5539105 10.751926 2.7238812
2.7483239 11.900133 0.36809358
2.7565036 11.956688 1.6667325
0.74326205 3.7761114 -0.51216483
2.3163557 10.882501 2.7392159
2.5723579 11.956578 2.5411265
2.6810772 11.631489 -0.47026676
2.1427276 9.9725962 -0.71781033
0.54620647 3.0939796 -0.4815405
2.5331063 11.959925 2.09624
0.95187497 4.9330106 -0.56747735
2.3352129 11.650334 -0.46617639
1.8425019 9.8375902 2.860487
2.3416889 11.956206 0.79659402
2.3458195 11.983728 1.2242044
2.3440731 11.982167 1.6592046
2.346103 11.99999 2.0960822
2.3111622 12.022084 2.542522
1.7628101 9.6118908 2.7996128
2.3440814 11.940811 -0.055553958
2.0724385 11.251644 2.807106
0.78304672 4.9825301 -0.56916904
2.1540926 11.994285 1.2221513
2.1518805 11.989844 1.6557992
2.15645 12.027922 2.5379531
2.0707753 11.931932 -0.053521175
2.0024791 11.804596 0.36690894
12.455003 5.8876495 -1.0371215
1.9773786 11.329241 2.8198278
2.6328003 5.646534 1.4488846
1.7290287 9.9774971 2.8899448
1.9261214 11.90659 0.36758882
1.9509987 11.946124 0.79331809
1.944116 11.92565 1.6445066
1.5898018 10.117055 2.918577
1.5730016 9.9891748 -0.70733017
1.4695342 10.025369 -0.70891404
1.6670755 11.659681 2.8795836
1.0449513 7.8990536 2.3339145
1.5735503 10.823595 -0.40504789
0.34569383 3.1416252 -0.48196059
1.7451031 11.957282 0.36793882
1.4635195 10.803814 -0.40254748
1.3460839 10.327655 2.9618092
1.5291494 11.935928 0.36785251
34.416664 5.9537888 0.72139579
26.342901 34.456676 -2.4346931
1.5349195 12.00199 1.6459305
32.558811 1.7473382 -0.41133392
1.5379933 12.033126 2.0803154
1.3963614 11.446708 2.4095445
30.41115 1.9201431 -1.4472839
1.336337 11.410541 2.4014823
1.4001257 11.690551 -0.45704117
2.6333902 4.0579014 -0.54822683
1.0917763 9.7543144 -0.67647529
0.53959811 5.0777173 -0.57732922
1.1763436 10.630873 2.2554076
0.34722367 3.8994834 -0.51993281
1.3605087 12.000651 2.0721321
1.1501091 10.820366 2.2894287
1.3720399 11.950837 2.9337807
1.0951818 10.360646 -0.37106565
38.501713 9.5411043 -2.0328455
1.3581074 11.952397 0.7904492
1.269941 12.041246 2.0764911
1.1719172 11.263762 2.3709428
1.1010751 10.715873 2.6567588
32.319599 13.282065 -1.8009661
1.1456504 10.496332 2.9977014
1.0176851 10.600856 3.0203986
0.14272085 2.6440611 -0.45275331
1.1186557 12.052709 2.5142105
1.1538088 11.982115 0.36843264
1.1558198 12.010764 0.79215831
1.1239728 11.945163 2.9261358
1.1481987 11.984862 -0.049729671
1.7287846 3.8679848 -0.44307303
0.90808886 10.717312 3.0471463
0.54076016 6.8047585 -0.62134564
0.34169474 5.1222625 -0.57990718
16.543859 12.412233 -0.2562353
0.81739718 10.872207 -0.40052983
0.1419737 3.1730411 -0.4814136
27.140223 13.328176 -1.5366957
0.96802187 12.008296 0.7915386
0.8972469 12.008534 1.2108885
0.96152222 11.991709 2.932786
0.78708547 11.038101 -0.41066486
0.95011556 12.053261 2.5113583
0.74241763 10.855644 3.0785823
0.39122385 6.8085008 -0.61941975
0.81365502 11.991355 0.36890087
1.6290381 3.9776094 -0.45247361
0.75528425 10.78034 3.0596406
0.78908134 11.945801 1.2055429
46.152573 10.739083 -0.80296254
0.77792197 12.063601 2.510648
0.14415202 3.9231234 -0.51906866
1.0917234 7.7290263 2.2928002
0.66560233 12.028435 0.79186487
8.2362728 0.29540327 -0.78071606
0.69915837 12.017161 2.0653827
0.53030372 9.8596506 0.35436568
0.62232834 12.02007 2.500711
0.60373515 11.699536 -0.45073709
0.5239324 10.943857 3.0970964
-0.019679373 2.6681266 -0.453583
2.7770302 9.5234013 0.0066255438
-0.0083616814 3.1820815 -0.47948143
0.55053085 12.054697 1.213012
0.54869622 12.061131 2.0706007
0.53095484 12.071895 2.5093026
0.00196971 3.938792 -0.51942539
-0.1427477 1.965313 -0.22556239
46.094372 24.203749 -1.0183784
0.40246764 12.016686 -0.047273465
0.16468275 6.8220701 -0.61836547
27.500597 30.957245 -2.3002803
1.5405507 3.5032949 -0.51789922
0.33984837 10.931367 -0.40089881
21.563206 51.327251 0.66089827
-0.13556938 2.6075928 -0.24427153
2.4555168 2.2832165 0.68697482
0.35992602 12.0678 2.9407728
0.24436702 11.190394 3.156882
0.30314657 11.95972 0.36959085
0.34341869 12.043675 0.79240143
0.21469739 12.030575 -0.046947591
0.075248368 9.6500511 0.019369064
7.5719948 4.3169346 -0.87366688
0.14117052 9.8983364 -0.68028891
-0.007590095 6.8022408 -0.61416441
0.15402043 12.09246 2.5106053
0.15259767 12.079254 2.9419057
-0.0011635547 9.829339 -0.67269045
0.020243581 12.025811 1.2102628
-0.0092627723 11.984853 -0.044904582
-0.031641815 12.029651 2.9303851
2.6911685 4.5603452 1.0864898
-0.075433709 9.7365751 0.69561011
-0.06820301 12.077299 1.2143474
-0.069258638 12.068177 1.6419899
-0.067419626 12.067545 2.9387338
46.863773 24.043011 -1.0299152
-0.17849301 10.745944 3.0410094
-0.19771057 1.9545909 -0.20835613
-0.24205866 12.090701 1.2157658
-0.24291885 12.086227 1.6443609
-0.24375616 12.096785 2.0739844
-0.24246472 12.102004 2.5121856
20.748077 5.6575952 4.3912344
-0.26307634 11.608096 3.2628267
-0.4132688 11.990496 2.0588865
-0.48365414 12.047883 -0.045244247
4.2627697 9.3206911 1.0793233
-0.45215887 12.103924 2.9479356
31.932743 2.7277701 -1.5432311
23.349365 13.575904 -1.3567262
-0.44719744 11.734694 3.2963715
-0.55284458 10.350143 -0.3610982
-0.45949244 9.7602978 0.6977613
-0.63998836 12.093928 1.2177047
-0.64012533 12.092106 1.6469306
-0.69744897 12.116278 2.952843
-0.6718691 12.049609 -0.044826936
7.481215 4.4916344 -0.87600964
-0.66014105 12.120754 2.5181937
-0.65113467 12.106775 2.9502718
-0.74405032 11.975273 -0.042606816
-0.4511036 12.098742 1.2171383
-0.70118499 11.744905 -0.44849527
-0.28818852 2.180661 0.076268919
-0.27686501 2.1489463 -0.03264543
-0.29586783 2.0579073 -0.24753593
-0.20334829 12.053754 0.79364872
-0.62493944 9.7286787 0.35641322
-0.6267525 9.7614241 0.69854498
3.0680509 11.580969 1.2074223
-0.76640028 11.943287 1.6311206
-0.78689665 11.967348 2.058259
-0.79918694 11.94039 -0.041522618
-0.81074351 11.713699 -0.44645631
-0.8244009 11.969707 3.3610811
-0.83554459 12.082613 2.9472115
-0.82168686 11.909121 3.3455141
-0.86560369 12.100908 1.2197067
0.41752777 2.5985863 -0.45586827
-0.86596859 12.095261 1.6490843
-0.8853839 12.10452 2.079596
-0.92013103 12.12559 2.9579015
-0.94483095 11.81054 3.3222895
-1.0383209 12.109032 2.0821366
-1.0379834 11.805832 3.322933
-1.0505031 12.06707 -0.04453326
-1.0722731 12.06685 0.37462953
-1.0558518 12.104078 0.7996437
-1.1550707 11.941617 -0.040889628
-0.94331306 8.5343246 2.4821339
-0.96927673 8.5224667 2.4797421
-1.2667735 12.110787 0.8013584
-1.2498139 12.124503 1.6566176
-1.2697624 12.127556 2.0882599
-1.2501791 12.136981 2.9666266
-0.40246573 1.9656088 -0.1119756
-1.4466392 12.015837 0.37589335
-1.4509801 12.054198 0.37618428
-1.456614 12.10322 1.2254491
-1.4560502 12.09739 1.6564562
-1.4577066 12.110345 2.0889816
-1.4585927 12.127773 2.5321209
-1.6146631 12.141672 1.6639099
-1.5326581 10.796261 3.0780971
1.0426126 12.033347 1.6431737
-0.50373495 2.3879187 0.17838477
-1.1153949 7.1585026 0.3404018
-1.6529989 12.142361 1.2308388
-1.6951917 12.007321 1.6502571
2.6438954 5.5830574 0.1117871
-1.6499705 12.124028 2.5359671
-1.6520292 12.139485 2.9774489
2.3451045 8.2075844 2.4884307
-1.6584115 11.325157 3.2174973
-0.45525604 2.1857758 0.075479843
-0.45328361 2.1411169 -0.03657873
-1.2301652 7.1817594 0.090421088
-1.8564016 12.099367 0.3784754
37.409988 12.538279 -2.0477951
-1.8418834 12.128717 0.80697876
-1.8438846 12.138789 1.6676544
-1.8455536 12.149294 2.1028643
-1.8450735 12.153492 2.5465636
-1.84469 12.148182 2.9853475
-0.92005175 4.502377 0.16392389
-2.0433345 12.160729 2.1094272
-1.9133326 10.817659 3.0983918
-2.0516648 12.092134 0.37945893
-2.0603335 12.146659 1.2369895
-2.0593944 12.141232 1.6722189
-2.0589864 12.145175 2.5514441
-2.0530322 12.103155 2.9828067
2.6903083 4.4850883 0.88769233
-2.2428787 12.077417 1.2347062
23.176273 14.469476 -1.3814063
-2.2541399 12.143518 1.6767238
35.073887 27.230536 -2.4459944
-2.2324452 12.129376 2.1099792
-2.2406511 12.079804 -0.043796606
8.2847271 2.107496 -0.83596683
-2.3289969 12.011671 0.80732739
32.275101 4.7248826 -0.44005185
32.114643 5.9028282 -0.45176193
-2.2359042 11.266973 2.3977311
-2.4355819 12.171488 1.2452406
-2.6016159 12.122821 -0.045040872
-2.6360064 12.184701 1.2500312
-2.634958 12.178909 1.6900295
35.593777 26.7437 -2.4490697
-2.6718652 12.165441 0.81794596
-1.2068436 4.6603103 0.1595614
-0.60932511 1.9616529 -0.22423911
-2.8550303 12.113358 0.81826931
-2.8442447 12.15283 1.2518668
-2.8509834 12.190827 2.5894501
-2.5946376 10.493402 3.0522115
-3.0463099 12.162757 2.5931656
12.779833 3.9268723 -0.98393393
-2.8011467 10.857311 2.747756
-0.65253186 2.0993192 -0.23624802
-3.0665727 12.152407 0.38604578
-2.6943514 10.40143 3.0354235
-1.3003566 4.4954853 0.0028092954
-0.65405536 2.1507564 -0.048402883
-3.2409947 12.217681 2.6122956
-2.8570559 10.499627 2.2862175
-3.0598991 11.554547 2.9116483
8.0756626 3.1017747 -0.85685492
-2.9841647 10.86804 2.7605519
-3.2447677 12.148994 -0.046316732
-3.2595611 12.202446 1.2648721
-3.2575076 12.196083 1.7101883
-2.8220091 10.09437 2.9673059
-3.4103181 12.162223 2.1566377
2.9464183 11.930677 1.6692199
-3.4136932 12.102471 -0.045295384
3.8067274 10.212564 -0.78960031
-3.4639492 12.209281 1.2703509
-3.4586833 12.189835 1.7161653
3.0249064 11.438085 1.6182638
-3.4066222 11.680514 -0.45806116
-0.80744815 2.199239 0.070147075
-2.9792571 10.113132 2.9830933
-3.2937415 11.121682 -0.42275715
-3.4455323 11.535447 -0.44964591
-3.6120691 12.225024 1.2752879
1.5791504 6.5854659 -0.62045193
-3.3636255 11.191669 2.8528922
-3.3220348 10.953413 -0.41282305
-2.6794686 8.6408968 -0.57742047
-3.6474113 12.202469 0.83406895
-3.7174454 12.231906 1.2785621
-3.6517119 12.220601 2.1756024
-3.6501083 12.224397 2.6348224
-3.0756042 9.8198833 2.9177632
-0.8103146 2.0693088 -0.2597377
-2.8977394 9.185915 2.3977163
-3.9050376 12.24239 2.1905088
-3.1871057 9.8956938 2.9451325
2.4887214 12.023166 2.5496292
-3.8656201 12.179417 0.39201283
-3.8548846 12.220021 0.83835292
-3.8407352 12.181017 2.6379106
-1.7833458 5.1452489 0.14561021
-2.09269 6.272069 -0.56913245
-1.914001 9.6071415 2.4345114
-1.666225 4.8313107 -0.55091232
-2.178606 6.2355857 -0.56722564
2.4346201 2.0373542 0.90870404
-4.0105186 12.243227 1.7420577
-3.2175615 9.6090736 2.8771744
-1.8397222 5.0329823 -0.035877131
-2.8571186 8.5520382 -0.57289797
-0.45076141 2.1001539 -0.2241399
-3.6629748 10.873927 2.8063228
-0.7659536 11.9484 1.2072705
-3.2566259 9.7378521 2.9119947
3.3246298 8.1345243 2.5604513
-0.81882781 1.9676032 -0.12526739
30.224499 1.4600009 -1.43097
-4.0534902 12.176154 0.39346886
26.259132 13.681676 -1.5042861
-4.1519294 12.228457 0.84408164
-4.0592232 12.24298 1.288843
-4.0842528 12.214602 2.1954114
2.6938014 5.5960679 1.6725085
-4.2412348 12.246246 2.2078674
-3.3891969 9.6833048 2.9096901
-2.2993584 6.179029 -0.56418097
-1.0387118 12.114648 2.9575148
-4.2638583 12.248821 1.7527875
-1.8460387 4.8608441 -0.20324987
-4.2683787 12.192432 0.39531121
-4.2814364 12.206894 2.2044663
-3.8383644 10.893469 2.4116571
21.331055 47.040821 0.63582903
-1.4542253 12.083687 0.80165625
-3.8015437 10.725285 2.785434
1.9540406 11.986835 2.083143
-3.4623101 9.5955305 2.8946135
-0.88078654 1.9649538 -0.2407061
-4.3859458 12.163868 0.39610729
-4.3945031 12.2515 1.2994188
-3.8692896 10.64726 2.7743189
6.7947559 5.534646 -0.88658792
-4.4136004 12.249545 1.7591026
-2.9462059 7.8870001 2.4336483
-4.1687016 11.337737 -0.44689518
-4.4761667 12.245663 2.2202835
-1.879142 4.7042451 -0.36259082
37.317364 13.027065 -2.0560377
-3.9062688 10.544172 2.7557735
47.487465 23.984335 -1.0406049
-4.088007 12.220243 1.2879963
-1.9818094 4.9079108 -0.21104445
30.111952 12.71676 -1.6694443
-1.5097206 3.6755881 -0.49929336
-0.26806173 1.9533802 -0.10894451
-4.4819984 12.135794 1.2937763
-4.4706888 12.127017 2.203465
-4.4577074 11.828028 -0.040303484
-2.2117009 5.481256 -0.27027154
-4.5689411 12.082072 2.2026336
-3.9423308 10.384089 2.7254233
-4.5245657 11.894105 0.83820188
-4.5352564 11.92539 1.2803019
-4.1926508 10.925237 2.4406517
-4.5354061 11.749459 0.83276975
-4.5381179 11.759915 1.7127705
-4.5853419 11.950015 2.1852303
-4.5399666 11.706315 1.2647128
2.8770595 9.4945135 1.7589201
-3.8107979 9.6738205 2.5679343
-2.971148 7.494524 2.3409748
-2.2305453 5.3209419 -0.25594836
-4.522984 11.514569 0.82334918
-4.5292592 11.57796 1.6932389
2.5377679 1.7836384 -0.087168917
-4.5877495 11.738511 2.1560667
-2.9802804 7.3507037 2.3071983
28.709717 13.539436 -1.6232091
-4.5884342 11.687638 2.5998299
-4.0693274 10.384723 2.7359059
-3.7275231 9.2728033 2.8410563
-4.4921412 11.141625 1.2226999
-4.4273849 10.927146 2.457557
-4.5578866 11.159173 1.2261857
-4.5713325 11.195735 1.65514
-4.6041818 11.336021 2.1014781
-3.4574001 8.3583508 -0.57016402
0.67950445 12.023148 2.5019455
-4.6875272 11.541522 2.5818245
-2.6043205 6.0339952 -0.55769229
-0.12995122 2.6343241 -0.2176173
-4.5156598 10.897597 1.6214024
2.9987099 10.572177 0.35992512
-3.4676116 11.075346 -0.42192206
-4.5451169 10.923991 2.0412922
-4.1808238 9.9977293 2.6658635
-2.2130792 4.9676495 -0.037440471
-2.6392624 6.0114975 -0.55635238
6.0606794 0.90708894 -0.7480883
-1.6322629 3.6378932 -0.49968013
2.6052592 3.5029545 0.73619634
0.13397919 12.065434 1.6416733
-2.3952291 5.4610791 0.33809015
27.381077 38.68203 -2.6918671
-4.4969831 10.797737 1.198377
0.68486315 12.047049 1.2128658
-4.5322318 10.789651 1.6109526
32.577019 1.5356944 -0.40943626
-4.5992827 10.907852 2.0423915
1.7490422 12.009646 1.6502564
-4.7568274 11.257425 2.5383525
-3.8437152 9.1840162 2.8312864
-2.4519522 5.5172911 -0.28031212
-1.4189932 3.0382485 -0.48736188
-2.4548383 5.4598851 0.7482987
-4.5700359 10.731748 1.606766
-4.2645097 10.157602 2.7058969
-2.3141503 5.1516595 -0.049990885
-3.918344 8.9953289 2.7939436
-4.5618362 10.477698 1.5800357
-4.6290121 10.737683 2.0209751
-4.6865211 10.948171 2.4803934
-3.922946 8.9306669 2.7790842
-2.3814032 5.1321449 -0.0499755
0.19225816 12.047935 0.79267365
-2.5043776 5.4913259 -0.48611674
32.981735 13.188013 -1.8326451
-4.6398683 10.528214 1.9931184
2.8406384 2.2150676 -0.48299402
2.519949 3.5479481 0.95085227
-2.4435253 5.4704795 0.13501309
-4.5520606 10.176468 0.77240717
32.620712 1.3393865 -0.40825409
2.5152192 1.5548995 1.1039466
-4.6453085 10.402615 1.9764004
-4.8186355 10.916915 2.4852276
-1.3915374 4.5026393 0.0015089747
-2.4969945 5.370748 0.74352467
-4.6049433 10.35077 1.5690902
-4.7493577 10.563818 2.4200637
-1.2570391 2.5616312 -0.46727905
-4.5568786 10.011568 0.76624715
-2.5633771 5.3635106 0.74545157
-2.5761271 5.3754377 -0.47501439
-4.6252866 10.130251 1.5474379
-4.6882563 10.285155 2.3681967
-2.4238002 4.9731913 0.14817201
-2.5307779 5.3050404 -0.062745869
-4.5361371 9.7942801 1.1291018
-4.6357894 10.156601 1.9424628
-4.4377389 9.7042675 2.6296086
-3.9595766 8.4839478 2.6776092
-2.5796237 5.320178 -0.26629123
-4.4613228 9.704483 0.75235432
-4.693594 10.122005 2.341171
2.6435099 3.1128156 0.31918037
-2.2452667 4.682127 -0.55615956
-4.6553574 9.9430389 1.9149326
0.63826054 3.8138299 -0.51431376
-2.5775895 5.2310658 -0.059271831
-0.65072942 11.803436 3.3160026
-2.3201423 4.6241779 -0.19500445
5.7409906 6.4985027 -0.87834144
-4.6621985 9.8805618 2.2980967
-3.8339231 7.9273944 -0.54249823
-4.5919194 9.6707363 0.75419688
-3.9535313 8.1246004 -0.56421614
-4.6329317 9.6885233 1.8792177
1.8201301 3.7243164 -0.27666631
-4.6173587 9.5395651 0.74988812
-3.4926913 7.0054269 -0.44822389
-2.5001113 4.8787656 0.33574685
-4.6331153 9.5360193 1.1148916
-4.6424274 9.5580559 1.4899406
-4.217648 8.7067366 2.7586329
-2.9737515 5.8194866 -0.54799384
-4.7125969 9.5944004 2.6343083
-2.3448882 4.4543376 -0.18057013
-2.6424983 5.1599712 -0.056367047
-3.4708629 6.7794704 -0.42724803
49.520073 24.22699 -1.0833257
1.6119947 4.6097288 -0.025991233
-2.5646553 4.8726397 0.33636364
-4.6503749 9.3334122 1.4676334
-4.6669569 9.3284636 0.024720469
-4.6862164 9.3350353 1.8357146
-4.7221832 9.3410482 2.2133443
-3.4542427 10.860986 2.7889774
-4.7845697 9.5118675 2.625217
-4.6538949 9.1149578 1.086755
8.7579432 11.676439 -1.1490852
-4.6605592 9.1304588 1.4477559
-4.6771932 9.1260185 0.029919393
-4.7314696 9.1381044 2.1806741
-4.661438 8.9131174 0.7277236
-4.7050242 8.935504 1.7842293
-4.8756099 9.3601656 2.6047242
-3.0861063 5.7478437 -0.54497761
24.543562 13.444607 -1.410746
-1.3904814 2.2952628 -0.41271973
-4.9346399 9.2587004 2.5910606
-4.6300721 8.5095205 0.71211064
-4.7179904 8.7536249 1.7613161
-4.6569133 8.4699612 1.7196542
-3.0262117 5.4699936 -0.081921697
-3.2288122 5.6101403 -0.53604174
-4.7141833 8.487236 2.0727582
-3.117161 5.4087343 -0.080360927
-4.7618303 8.4508972 2.0713465
-4.740931 8.413353 2.4054966
-4.6838303 8.3609619 1.372565
-4.7597394 8.3136435 1.3725239
-3.1790745 5.4030881 -0.081400901
-4.4503403 7.6941104 -0.54407728
-4.7184014 8.114871 0.055673834
-2.9405088 4.8206401 -0.043238074
-3.4479151 12.107924 0.38842127
-1.6263001 2.5277572 0.31409162
-1.9105684 2.9990141 0.43871197
-1.8962042 2.9735246 0.55468142
33.047962 1.5661821 0.73748463
-4.7546997 8.130805 2.3526838
-4.7203178 7.9696045 0.0593579
-4.737586 7.9142375 1.6542621
-2.9381874 4.7232294 -0.03772606
-1.5337926 2.2463818 -0.1366511
-4.7915969 7.9275212 1.9904047
-1.7629592 2.5822046 0.41971621
-1.4307308 2.0916402 -0.3670755
-4.9001718 7.9074159 1.3420498
-4.7452393 7.5899134 1.6137235
-4.9582415 7.8923364 1.3443974
0.29473826 6.8239923 -0.62014198
-4.7538877 7.5502763 1.6094513
12.615068 4.9146605 -1.0076184
-4.7773104 7.5422049 2.2437162
-4.9036713 7.7552977 2.6302605
-4.8065219 7.5625248 1.9343593
-4.7782178 7.4371409 2.224148
-1.8583974 2.7435791 -0.078699552
1.7604289 10.81066 -0.40652683
-4.6901879 7.2845287 1.2688674
-4.7659025 7.3645992 2.2090907
2.1292379 9.4900541 2.7900429
1.7220747 10.835394 -0.40758285
-4.7168593 7.2254906 1.2650647
-4.7276421 7.3220887 1.5786097
1.0590924 8.3088493 2.4384046
0.15766625 10.767449 3.0475647
-1.0383949 12.117634 1.6533258
-4.7497244 7.2849479 1.8851205
-4.7224884 7.242341 2.1809442
-4.7451868 7.2282696 2.1811495
33.036686 2.7445059 0.72701168
3.7519433 3.5489452 -0.60538131
-1.4945773 2.1196611 -0.26940122
-4.6838713 7.1816368 2.4738779
-4.7860379 7.2147155 1.5702673
-2.0902472 2.8750072 0.70419592
-1.8851109 2.5797668 -0.073550537
-4.6777315 9.5574503 1.864753
-4.8274169 6.9232521 2.4393628
-2.2317011 2.9540288 0.56954807
-2.1839719 2.8456762 0.20385022
-4.8280144 6.6850014 1.8018128
-4.1633892 10.284477 2.7231202
-4.8335638 6.719192 2.3970587
33.104641 1.9600822 0.73475027
-4.8382864 6.6103134 1.7917558
2.5918489 1.9212097 0.55551237
29.909866 29.579439 -2.3292053
-1.6080443 2.0931613 -0.26248145
-3.8926287 5.1702876 -0.52610242
-4.8028908 6.3688159 2.0324299
-4.8445206 6.3832278 1.7586778
2.7044251 7.7184243 2.4006119
-4.8069248 6.26968 2.0154347
-2.0501251 2.4762952 0.17196392
-4.8219252 6.3341827 2.3148673
-4.7021375 6.0379281 1.1550167
-4.7902637 6.1851635 1.9982349
-4.7439833 6.0616794 1.9700922
-4.8124747 6.1763854 2.2808506
-4.752007 6.0423493 0.10700738
-1.9924405 2.3471463 -0.18928416
-4.7262735 5.9951158 1.4176304
2.8977771 0.91538972 -0.48577526
-4.7369318 5.9939122 1.9572513
-0.090791754 12.073658 2.0702727
-4.7336788 5.9726553 2.2264032
-4.7342572 5.9827805 0.88770926
-4.7292905 5.9847422 1.1523749
-4.7987571 5.988553 0.10794166
-4.775929 5.9216928 0.88637578
-4.7811604 5.9669652 2.2330611
-4.7732282 5.9234552 1.4139162
12.821988 3.3198826 -0.96731544
-1.9986088 2.3128617 0.010575416
-1.8404446 2.0506692 -0.25394446
-4.7914877 5.8885117 1.1487186
1.9401971 6.4812713 -0.62135696
-4.7780042 5.7939792 1.3994484
-4.8034816 5.9290342 1.9554634
33.053299 2.5352626 0.72902393
-4.8117661 5.8641973 2.2173612
-6.5141454 7.9442396 1.4619452
-6.4977598 7.9254327 1.8163751
-4.819725 5.92909 1.6894408
2.584347 1.8931719 0.37422258
-2.0372436 2.3356283 0.1152857
-4.8146396 5.7341418 1.923622
-4.8146987 5.7362027 2.1922641
-4.8297744 5.7063951 0.11443932
-4.9081473 5.7119932 1.6694355
32.43866 2.93135 -0.42202041
-1.9193021 1.9931357 -0.13452482
-4.8227401 5.544817 1.8928033
-4.8246126 5.5489955 2.1569569
0.77982974 10.034306 -0.69946444
-6.8700767 7.9517527 1.4910911
-6.8419991 7.9199805 1.8510385
-4.9459381 5.5857577 1.656534
-1.9976343 2.0288846 -0.14698023
-4.9783268 5.3993812 1.6350685
-4.6294742 4.9661822 -0.32780901
-2.027787 2.1500871 0.38154504
-2.7450831 2.8086586 0.46001369
-4.8116231 6.5735235 2.0701525
-7.2554741 7.9512725 1.5228972
-3.2356036 11.350908 2.8786719
-4.7884493 5.1191673 1.8172061
8.3233604 1.3051873 -0.81337833
-2.0560412 2.1089902 -0.035728496
2.5012822 1.914691 0.68473452
-6.4535389 6.8002272 1.6870761
2.5392032 3.2690322 1.2298886
-2.8757961 2.8286002 0.46553031
-4.8085732 4.927753 1.0695112
-4.6207347 4.7417445 -0.31042674
8.3191195 1.5117484 -0.81905675
-2.0481524 2.0055022 -0.10603653
-4.8643231 4.9645815 2.0523231
-2.0313601 1.9499007 -0.23211016
-2.79544 2.7173278 0.15286955
-4.9049821 4.7365589 0.13627434
-3.6941073 3.4638383 -0.50616497
-4.8479576 4.7227159 1.2897042
-4.857285 4.7111158 2.0045156
2.9508464 9.1353273 0.68973804
-4.8942819 4.7436881 1.53666
-2.3033457 2.0880852 0.018324519
-4.869637 4.5449719 1.0449623
-4.9552069 4.5614214 1.5219758
-0.89931607 12.063527 0.3739213
-4.8710866 4.5240579 1.7370747
-3.4550028 12.174539 0.82976246
-4.8577375 4.3812418 0.80648708
-3.273917 12.178658 0.82707125
-3.0671785 2.6300399 -0.47643211
-3.022382 2.5631404 -0.46057072
-2.4558065 2.040113 -0.41425866
-2.8919029 2.5308809 0.077998206
23.267813 13.722952 -1.358111
-4.8757501 4.2848163 1.9328206
-4.891037 4.2705555 0.14678732
-2.9268689 2.4406807 -0.16953546
6.2901168 6.0821972 -0.88716149
-4.8819399 4.2137294 1.2426406
6.3817315 5.9552016 -0.88394547
2.1764669 2.3244193 -0.51758158
2.1431179 11.921557 0.36774766
-4.9228892 4.3115911 1.4864163
30.074221 29.55415 -2.3347249
-2.5620549 2.0720265 0.32508838
-2.5348179 2.0372121 -0.31709126
6.8694353 5.4293571 -0.88507384
-2.5721052 2.0184965 -0.31980029
-4.8795738 4.1072526 0.79452145
-0.075286962 9.7074423 0.35456303
-4.9565029 4.1105976 1.4672132
-1.6382428 2.3254204 0.31323647
-4.9049764 4.1126842 1.6823586
5.7957482 2.5148654 -0.79110241
-4.8930483 4.1367626 1.9111729
-2.8133156 2.1973283 -0.25665653
-2.4364126 12.174725 2.1226335
-4.882195 3.9892697 0.57723045
-2.3764331 1.8768542 0.010485784
-4.9044237 3.9843361 0.79039031
2.4247065 1.9391921 0.77798903
-2.4702771 12.145811 0.8145836
-4.8985505 3.9679778 1.0054777
1.8482914 10.900626 -0.4132216
-4.7710652 8.3417206 2.0546231
-2.4257925 1.8814077 0.14093892
4.1181726 0.11206402 -0.57563025
-2.4547069 1.8307219 0.52088076
2.4426606 1.8983039 -0.14168015
-2.4352181 12.168805 1.6838222
-1.6513978 2.135839 0.31253141
-4.9119821 3.9471214 1.6602663
12.326401 6.3132915 -1.0470619
-2.228173 1.6776592 -0.037634201
-6.6563811 7.9457283 1.4733624
-4.915235 3.8417151 1.6462811
-4.9049258 3.93047 1.8795276
3.5536432 1.7145997 -0.55228984
-3.0814462 2.306366 -0.4334293
-2.6348314 1.9664826 -0.26490492
-3.2774644 2.4268048 -0.47860429
-2.6333692 1.8797833 0.32600644
-2.3596144 1.6761843 -0.24072041
-4.9123087 3.6795061 1.8410928
-2.6045771 1.8926516 0.79307443
-3.3251591 2.3709836 -0.47844672
-4.8397303 5.3439493 2.1197236
-4.0437951 2.9226041 -0.48422313
1.858474 10.761373 -0.40474355
-3.8693264 2.6917396 -0.27811506
3.7010443 1.4968886 -0.56073153
2.4174688 3.1343405 1.0426242
-4.9300499 3.4554992 1.179929
-4.9046221 3.461776 1.3863122
-4.351891 10.060633 2.6938457
-4.9354358 3.4054286 1.3852866
-2.4564791 1.7084335 -0.46286088
-2.4835184 1.7121137 0.17630497
-4.1099672 2.7830517 -0.47772071
-7.8360329 5.3989477 2.0583959
-3.3931196 2.2616146 -0.47493356
2.8138638 9.7636356 0.7127195
-7.4518037 5.0793695 2.2799547
-2.5315409 1.6058224 0.036178753
16.799065 28.963926 -1.8273677
1.1296011 9.1162138 2.3086417
-4.8996873 3.3460393 1.7880459
-2.5799909 1.6335431 0.42353263
-4.8833971 4.1753211 1.2391164
-5.0429363 3.3710968 1.3990712
-2.9023592 1.9214596 -0.47408828
-5.1825171 3.378098 1.6366469
-2.9596939 1.8254722 -0.47083542
-4.8967657 4.1074634 0.15028305
-5.0573454 3.3592162 1.6103142
-5.3013015 3.3794775 1.6598362
-5.2572799 3.3800516 1.2170177
-3.0814061 1.9547429 -0.14174786
-2.7860963 1.6574582 0.5377121
-4.1807837 2.5552113 -0.46393988
12.469317 0.34886751 -0.86961144
-5.44591 3.394871 1.6898946
4.2645726 9.3258038 1.4473971
-0.45183563 12.095692 1.6462406
-3.469662 2.1384451 -0.47198179
-2.8479028 1.6514213 0.4362314
3.0504842 11.783422 0.36776286
-5.4407487 3.3746622 1.0225699
-5.4320602 3.3588674 1.2389256
-1.7431793 4.8119731 -0.55101776
-5.4853115 3.3729563 1.4718945
-2.7863965 1.6116012 0.38030377
-5.5492806 3.3648083 1.2553074
-3.1681826 1.8332933 0.81568235
-4.964458 2.8530049 1.7347875
-2.6067457 1.5001277 -0.46065882
-5.8583221 3.3824613 1.5354463
-3.0767243 1.7249347 0.56240654
-3.075665 4.0285678 -0.51980925
-6.0393147 3.3946512 1.8079705
-4.9805536 2.7831502 1.7296636
30.517628 29.425552 -2.3469193
-6.0523748 3.3761182 1.5679106
-4.0556579 2.1881416 -0.25752494
11.996295 7.1180644 -1.062223
-3.0996728 1.6955035 -0.24085993
-3.0680823 1.690269 0.40051946
-6.1947188 3.398627 1.839859
-43.146233 24.447374 13.364361
-3.1825502 1.7437069 -0.18675557
9.1777411 11.380969 -1.1501501
-6.2320099 3.3811772 1.5991857
-43.298225 24.17721 13.367469
-43.217422 23.954651 13.321602
-3.1061666 1.6005878 0.35714856
-0.052108649 12.06858 2.505796
-43.321686 23.835855 13.332126
-3.0802009 1.6016226 -0.0026403291
-1.6500413 12.120032 0.80483699
-43.650089 23.840014 13.410598
-4.4031949 2.2664781 -0.46703327
-3.6297996 1.8463217 -0.46552598
37.779575 9.1100397 -1.983924
-6.4212413 3.3870101 1.6323913
-2.8636727 10.892715 2.3568513
-6.569901 3.3806763 1.6577193
38.505249 11.696123 -2.0844781
-3.6480498 1.7880284 -0.46259806
-3.3189847 1.6128259 0.57765794
-4.9361582 2.4572315 1.6800104
-3.0364311 1.7108775 -0.42831707
-4.9656529 2.470504 1.3033866
-3.6746097 12.158783 -0.047264241
-3.1920407 1.5345401 0.16970651
-3.8737364 1.8905437 -0.21787982
2.9623613 9.1170435 0.35077626
2.2348971 10.841319 2.7263734
-3.1129947 1.536634 -0.46300495
3.4698005 9.2716112 2.4778216
-4.1034012 1.9589783 0.65095407
-4.0797958 1.9785825 0.80172539
-4.9096189 2.3875816 1.6657549
-4.9585404 2.3825302 1.2951602
-4.5660501 11.341361 1.67012
-2.7092931 1.3169497 -0.45711219
-4.938271 2.3772147 1.1017606
-3.9944201 1.858624 -0.22859097
0.55041879 12.035604 0.7920807
-2.7413423 1.2011305 -0.44903064
-4.9544148 2.2814689 1.664993
0.7948603 12.049746 2.0711617
-2.4932868 10.593583 3.0712836
-4.9195604 2.3402226 1.5410383
-1.6291995 0.66707289 0.36748508
-1.6035751 0.64414275 0.53436381
-3.6030383 1.5600009 1.1241133
-4.8739777 4.4398084 1.0373904
-4.9577355 2.1308646 1.6502717
-1.5470972 0.57049137 0.50222254
2.1594536 11.151243 2.7894065
-4.9604354 1.9306258 1.6317387
21.777557 51.382515 0.66200966
-4.9616737 1.8024423 1.6206187
-1.5050138 0.51969308 0.03206427
-0.65217143 2.3602302 0.15044951
-1.5285369 0.51066709 0.13442098
2.7587192 11.957286 1.2292081
-3.8339899 1.1987916 -0.4437888
-1.5959816 0.53370535 0.022519005
-4.9068766 3.7715046 1.854388
-3.3267424 0.96398014 -0.44998908
-1.6227878 0.52136189 0.56064004
-1.7947572 0.4730767 0.57432991
-1.6231836 0.48958543 0.38517427
-4.9393177 4.5688405 1.5206622
-2.4387534 0.63020897 0.64020932
-1.7945209 0.44316143 0.25918657
-1.8323374 0.41354588 0.31430909
-1.1238313 0.30340573 0.04968866
1.127496 2.4242187 -0.48501331
-1.8596044 0.43685791 0.31470981
45.85294 24.447689 -1.0182917
2.9555204 9.1540651 1.0276961
-4.8555899 4.6896801 1.0548342
-2.4689879 0.60456467 0.56379664
4.1513033 9.3216171 2.1788695
2.9286585 9.1833458 2.0689907
0.67736387 5.0268803 -0.57293236
-4.5018859 8.3701811 2.7147892
-4.8417168 4.7406025 1.7654835
-2.4828618 0.57773894 0.40537739
-4.6008897 8.9944849 -0.31629232
-5.0352764 1.2840571 1.0331873
11.00292 9.3681517 -1.1235811
-1.9659889 0.43590921 0.31676701
-2.1109664 0.47654635 0.25419828
34.81625 27.553185 -2.4481511
-0.45514473 1.9527384 -0.21468894
-1.234629 0.31803617 0.046259936
-3.0284953 0.65716672 0.43476021
5.9374604 6.3419266 -0.88001704
-2.2977896 5.5094085 -0.070941068
-2.1750007 0.45239463 0.25362071
-3.3748004 0.68771368 -0.44105577
2.5244396 0.77231753 1.0336177
-2.3319964 5.5848641 0.13237526
-2.2700193 0.52139175 0.76662588
-2.2855306 0.42429546 0.83274949
38.364212 12.721405 -2.1034138
-1.982193 0.37175146 0.33666423
17.641205 23.95252 -1.5838341
-3.666409 10.883506 2.3991699
-1.198225 0.1791319 0.041229334
-5.0303969 0.95266116 1.0554825
2.0375316 9.4454279 2.7733035
-4.996098 0.91818541 1.573207
-2.61411 0.45713302 -0.25760391
-36.798992 6.7216725 8.8926001
-36.997032 6.6388655 8.935585
-2.8470533 12.165443 1.6943755
-37.05814 6.6576009 10.329284
-1.6009469 0.32214344 0.1621418
-36.010517 6.2295814 10.034445
-44.09726 24.807648 13.632442
-36.448444 6.1888795 10.14987
-1.6346393 0.32978371 0.39149752
-35.486523 5.9102564 9.8835382
-1.8213851 0.33810413 0.18342872
-35.539753 5.8242445 9.8948803
-1.5415297 0.20622382 0.088633142
30.458944 2.3110793 -1.4552397
-35.311108 5.6535449 8.5188503
-3.0853968 1.578271 0.16176644
-36.411831 5.7083821 8.774436
-35.480587 5.6282449 9.8727274
2.7393255 11.978271 2.1059234
-3.0531149 0.47911328 0.2405262
-35.505245 5.4515429 8.5585012
-37.379517 5.7495456 10.38441
-4.8883858 4.1262841 1.0157241
-3.1598601 0.48451889 0.79244637
-3.1392422 0.45817646 0.80898911
2.6852412 4.5518823 1.4742112
-2.4951601 0.34482616 -0.29954651
2.8147669 9.695076 0.001708249
-37.297417 5.3797312 10.351621
29.701258 13.326833 -1.6671104
-36.331905 5.1161847 8.7418194
-36.845413 5.1966128 10.225434
-3.140692 0.39995161 0.85020667
-2.6476164 1.5986553 0.028555563
-36.854687 5.0219932 10.223305
2.6265507 9.1566277 -0.318773
-5.053565 0.62623948 1.401865
-36.939785 4.8576751 10.241975
-1.2497034 12.13714 2.5295687
-3.0769274 0.3878994 0.24133116
4.2027545 9.3529558 1.8138486
2.9469905 9.1091242 0.016241828
-5.1171937 3.0452859 0.96969187
-2.2004983 0.37966377 0.24484061
-1.4530387 11.518744 3.2600946
-4.8820472 3.5031528 1.5951935
-3.2107387 0.38475394 0.65211594
12.574108 5.2489576 -1.0182729
-41.242889 5.0358572 11.401875
-6.6329441 7.9187064 1.8293402
-37.461109 4.3848524 8.9894981
-41.080467 4.7628098 11.352388
-2.1533971 0.20861872 0.19150138
-35.836117 3.9169788 9.9248781
2.6716604 9.6400528 1.770201
-3.1882651 0.35476062 0.79435128
-36.059181 3.8277462 9.9832821
-2.0848763 0.19563714 -0.17733027
-37.072685 3.8120086 8.8905935
12.435684 5.9759345 -1.0396845
-5.0910115 0.48405665 1.2340336
-1.5204202 3.0018663 -0.48751137
-41.411167 4.1316156 9.9038925
-36.020775 3.4828982 9.9671793
-41.793232 3.9490206 6.9669294
-38.103912 3.5514944 7.7543817
-40.485508 3.7832334 9.6843081
-4.7455187 2.6568525 -0.36233816
-35.906303 3.3586481 9.9344616
8.2207098 2.5207098 -0.84568155
-5.0620565 0.49222487 0.90490675
-40.933823 3.6888058 8.3123512
-37.2673 3.3698962 10.301537
5.660696 2.8486481 -0.79618603
16.822239 28.590525 -1.8073708
-4.9237871 2.9502175 1.7381623
-41.61351 3.6334519 6.9366927
-41.214363 3.613992 9.8522148
-4.6276932 8.4736328 1.0420949
-40.141651 3.527009 11.078751
-2.1129484 0.18285382 0.13483226
-1.2690283 12.131346 1.2255739
-3.046247 0.23517777 0.63104737
-41.827438 3.506074 6.9706116
-40.784065 3.4256463 8.2810802
-2.6359229 12.183614 2.1303205
-41.08086 3.4585578 9.8196344
6.4913211 5.8673162 -0.88632673
-40.403488 3.4089658 11.147891
2.292788 3.0541489 -0.52345395
16.733082 29.060476 -1.8307681
-2.2385886 9.6008568 2.4480779
-41.548901 3.3373666 6.9253554
-41.203453 3.3321962 9.8470917
-40.48698 3.1388719 8.2209597
-41.218307 3.2038522 9.8495235
-41.750851 3.0913792 6.9572811
-41.460167 3.0847771 8.4124775
-41.347988 3.0922084 11.399358
-0.67765969 1.970271 -0.11964563
-5.079608 0.33614907 1.0563866
-50.202942 3.59285 11.946928
1.1947591 12.031438 1.214554
-41.803566 2.832875 6.9654522
-41.815983 2.8489373 8.4817381
3.0066135 10.111433 1.4753016
-49.518959 3.3879306 11.78621
-41.73819 2.6974728 6.9548736
27.301445 31.121222 -2.3007817
-48.672939 3.1676302 9.8347235
-3.2173684 1.642599 0.57054657
-41.879318 2.5753579 6.9775877
1.0763911 9.8547153 -0.33933187
-48.853752 3.0261438 9.8700714
-50.262745 3.1235297 11.95847
-48.184719 3.0027263 13.245305
-3.0239933 0.18436196 0.62828785
-48.867645 2.873678 9.8725691
26.411985 33.674389 -2.396795
-3.2198231 12.206225 2.1550584
-48.082718 2.8454263 13.216827
0.61012822 10.71635 3.0402765
-2.8196609 0.13359505 0.60278213
-50.242695 2.7976048 10.14379
-47.334423 2.6522911 13.013612
5.7200918 2.7175474 -0.79478443
-45.302795 2.3618603 7.5288825
-49.521042 2.6018026 10.00131
-45.309795 2.2202835 7.5302973
2.6633444 2.7098 -0.52200758
-49.499302 2.4454856 9.997057
-47.830589 2.2124515 9.6678562
-5.04743 0.21658292 1.5718676
1.2591184 2.354037 -0.48683667
1.348489 11.956027 -0.049971793
-44.435322 1.759691 7.3908396
-2.2992082 4.9151306 0.33400428
-49.402336 1.9854584 11.755847
-48.405331 1.9542955 13.301517
-48.497967 1.797763 13.326594
-5.1059036 0.16236889 1.0609103
-47.667538 1.5995634 9.637125
-50.303986 1.6982493 11.96701
-0.89755654 12.063166 -0.044712748
-4.889029 4.5239434 1.274097
-3.1798368 0.10142608 0.2430823
-5.0530519 0.13964836 1.3976647
-49.559258 1.5271858 13.614139
-1.4414895 0.12285342 0.34263656
-1.5367963 0.028309973 0.48643628
-4.6631665 8.9181623 1.0737033
-47.828556 1.3805636 9.669837
-49.874954 1.3714001 11.867813
-48.904995 1.1999032 11.64186
2.4620671 3.6868494 1.2902904
-52.21104 1.2919909 14.332524
-1.8139184 0.099578239 0.19309153
-2.3931565 5.328886 0.33729112
-1.6130252 0.12570307 0.10209533
1.7475538 9.9656773 -0.70848662
-1.7601863 0.088350326 0.3151992
-48.640469 1.0411683 11.580828
-47.082253 0.8433609 9.5253944
-3.0260358 0.042121883 0.15015623
-46.049515 0.68060333 9.3224697
-7.010273 7.3470597 2.1674497
-3.6218231 0.046037063 -0.35255367
-3.2128806 0.023691701 -0.37938595
-5.0472517 0.019113958 0.049364816
-3.4854081 -0.013134623 0.57369435
-5.0218086 -0.077504441 1.5668266
2.5184832 8.2109461 2.5031517
-3.5644953 -0.12671375 0.010775113
-3.5342467 -0.13591431 0.013402096
-3.3323886 -0.16190575 0.030676043
2.5538282 11.955229 1.6613081
-3.8605742 12.240268 1.2830589
-2.848911 -0.10320017 0.0072202403
-1.7440523 -0.017745407 0.11387624
23.893091 13.487476 -1.3801831
-5.1175199 -0.30316648 0.98241335
-5.0549469 -0.26675168 1.5795338
-3.3142071 -0.21374203 0.032461457
-4.7467113 7.7308397 1.6316781
-5.1033659 -0.41366157 0.21929769
-4.0475731 -0.36783391 0.23454052
-1.6483529 -0.089527525 0.41762719
-2.5658472 4.4503484 -0.54112327
-3.192476 1.7105424 0.76655674
-3.3756137 -0.27548632 0.13522741
-1.7716712 -0.078034788 0.31704873
-1.7695596 -0.1239716 0.13899882
-1.7759191 -0.092274368 -0.017043836
26.535192 13.347616 -1.5068285
-1.7302482 -0.066925868 -0.016851563
-5.1148653 -0.47186625 1.2480004
-5.0980258 -0.4694511 1.4190997
-5.0649562 -0.46537501 1.5882803
-1.7234557 -0.18495718 -0.092151478
8.1769638 2.711184 -0.84925729
-3.6131654 -0.41718867 0.24134599
-4.8643951 4.8562036 2.0322804
-3.1577322 -0.36453611 -0.26329952
-1.4433011 -0.077783428 0.35088575
21.190432 44.881752 0.62339568
2.9514 11.942624 1.2317827
-3.1863856 -0.41140535 -0.37517807
-1.2211972 -0.14863901 0.040871091
32.173134 4.2376299 -1.5800864
12.702156 1.7274483 -0.91417432
1.9404458 9.7788124 2.8510847
1.5545028 -11.584951 3.0959499
0.82576627 -6.7693062 -0.24734789
-5.8092241 -2.2697661 1.2685195
1.3086227 -9.4492197 0.53673649
1.6790348 -11.65449 1.0089082
1.0233475 -7.843277 -0.057716727
-5.3968143 -9.2574778 0.94222611
-1.6439643 -11.375304 2.6279964
-5.287324 -8.644187 3.0576661
0.54674685 -5.0738969 -0.29000869
-4.6615224 9.5185661 0.019805579
1.4727808 -9.2130098 2.8747385
-5.2095995 -2.8382382 0.82217371
2.2932224 -8.982254 2.5157142
2.3452504 -9.6840239 2.6820769
2.6050429 9.9561625 -0.72797644
-4.7201514 7.438623 1.2854902
-5.0934792 -0.30561554 0.21851592
-3.8928974 -1.740229 -0.035310097
1.635589 3.7139921 -0.11926892
1.3892155 -8.7597733 1.4567602
2.010046 -11.619131 2.6931934
10.899666 9.51966 -1.1264327
-2.1753137 -4.1816368 0.41077647
-4.7004333 8.1178226 1.6774113
-5.0926232 -0.032120027 0.21599747
1.9715048 -11.528646 3.0978794
1.1487621 -7.2357936 -0.033610612
0.34827247 -3.411514 -0.3478913
4.8448391 -2.1748517 -0.57986122
-2.8866107 -9.3612928 -0.12519361
1.5389366 -8.7502604 0.83063483
2.4950325 1.8652322 -0.057538286
-1.6084033 2.0260713 -0.37555179
-2.6402366 -1.5515082 0.055882901
33.072338 2.378793 0.73063618
-4.7664275 6.0506525 1.7006073
-2.9903316 -11.352547 3.5273769
12.75409 4.120801 -0.98865628
2.2785857 -11.370272 2.2299042
1.6859238 -8.7322702 1.4596235
2.2087724 -10.792417 0.96012765
8.287385 0.71489638 -0.79443276
2.2638006 -10.979279 2.1651509
2.2389925 -10.81122 1.742368
8.166028 -0.080833353 -0.76748884
-5.3590126 -10.316083 2.6380279
1.7396542 -8.85707 1.154458
1.8296207 -8.8451777 0.52096027
-1.4532872 -9.9871607 0.55827641
-5.2514529 3.3558424 1.4315863
2.4822955 -11.499611 3.1143007
2.2301936 -10.257643 2.0456266
-2.6093297 2.0511045 0.76149774
-5.8352938 -2.7741373 1.9887997
2.2167418 -10.273965 1.6723348
-43.082169 24.589321 13.366652
0.77227616 -11.593534 2.6579025
-3.22539 1.3507311 -0.46473923
2.2284999 -10.007869 0.91282928
-2.5736482 -6.4487467 0.23601781
2.1915524 -10.06843 1.645131
2.2960298 -10.200584 2.8000805
1.7853795 12.001457 2.5211124
-0.66709673 -11.589992 1.0038583
-3.1891363 5.6620622 -0.54008222
1.9425892 -8.8123608 0.52022046
-2.8644977 10.180262 2.9916589
2.0069792 -8.8730478 0.8421669
-4.7149949 11.051723 2.5001478
1.5485511 -7.2710404 -0.040844381
0.94338036 -4.9964714 -0.29219061
2.3066494 -9.8707075 1.9850731
-2.9226053 2.4472544 -0.43001267
2.7491655 -9.4334545 -0.15055667
2.2194843 -10.092864 3.154247
-2.8896267 -2.1099362 0.60499769
-3.6351445 12.159819 1.7190789
1.6893708 -7.4634337 0.21813263
36.660534 13.059755 -2.0221844
2.6507058 9.8806906 -0.72211671
2.2865877 -9.6503859 0.89185071
-4.0910678 8.7855368 2.7629132
-2.8336179 2.2822728 -0.22192061
-0.61653209 -11.435894 2.2062399
2.3954375 -9.9174728 3.1180749
-2.0446811 -3.8282533 -0.33170646
34.906727 0.18596798 0.77647305
-1.2627511 12.068574 0.37544307
-2.4830217 -1.8696033 0.46080837
2.3395636 -9.6240005 1.9460831
1.4829454 -6.5901451 -0.24765262
0.74409592 -4.0857944 -0.33479244
1.9239931 3.5150719 -0.11536152
1.0896744 10.849309 -0.40150073
-2.4875641 4.5269899 -0.54743308
-5.0835075 -0.87008172 1.6122055
2.6216769 4.4957604 1.6510803
-49.27457 2.1346135 11.725904
2.2886491 -9.3731031 0.53539282
2.203522 -9.0309944 2.8669212
-2.0329363 -11.51613 2.2446337
2.2251172 -9.0277386 0.52625215
10.575417 9.9413967 -1.1328938
-4.9913487 1.0398895 1.3998556
2.2352777 -9.051712 0.85530031
2.2437491 -9.0695353 1.1836605
-4.6754518 8.3466682 1.7050356
-2.6436512 -11.410215 3.5216272
-1.5864025 12.071626 0.37693956
-2.8622468 -1.6863924 -0.39610192
-5.799788 -1.89386 1.8799498
2.2553761 -8.9909782 0.2026317
-3.2988722 -2.5896153 0.38815361
2.3522458 -9.2027464 2.2252886
-2.1724126 -4.3206887 0.25172523
2.209172 -8.6744051 2.7716262
-2.1399746 -4.6421289 -0.270473
2.3148327 -8.9637861 2.1762521
-4.2516174 -2.360841 -0.081585497
2.1902635 -8.4567785 2.712023
-3.4434397 -8.0143003 2.6767187
35.493511 26.844238 -2.4487083
1.7662122 -7.3336477 -0.04700505
5.0408535 -2.277617 -0.40951881
1.5881444 -6.5694752 -0.24885805
-2.0569437 12.125923 0.80904192
1.8728606 -7.2728848 -0.046360448
-5.0567441 -0.07133463 1.400359
1.914428 -11.502754 2.6665444
-3.8359132 -2.3733885 -0.35219392
2.4043341 -8.9873829 1.1793472
2.3849208 -8.9133329 -0.12262844
-2.0139978 2.8913586 0.14537972
-4.5647264 -11.288308 2.3179624
-1.9106312 -10.107591 0.20975964
2.3375018 -8.9034691 1.4996587
2.5925436 -9.4706669 0.88450241
2.5871375 -9.4656105 0.5383262
0.95483148 -6.7419872 -0.24755867
3.2270017 2.0842328 -0.53190947
-4.2659159 -6.9345345 -0.054387067
26.305113 13.917544 -1.5146737
2.6459303 10.632308 2.7036211
2.6580548 -9.432272 0.53759903
1.5478638 -4.8640404 -0.30148098
3.7729788 -0.88139683 -0.5149343
-4.8759432 4.3075547 1.251075
-1.839252 -11.480057 3.0735295
2.4349363 -1.553931 1.1158175
2.1426451 -7.6535058 2.4942229
3.3274212 -11.419534 -0.24211618
1.3985099 -7.5934157 0.48760611
-5.8068151 -2.4548151 1.2814499
53.921074 19.56044 -1.0901681
2.6853793 -9.2746315 0.19713038
-2.8927743 5.8616605 -0.54925656
-5.8013935 -2.0748169 1.2541528
1.7500837 -6.5134206 -0.24921513
3.7695577 -12.284755 -0.28563991
2.7480831 -9.0291929 -0.13418373
29.781349 0.03742066 -1.3902818
2.6155362 -9.0461149 0.52746576
3.9250736 -12.30117 -0.28937119
-1.3322681 3.0688488 -0.48767638
22.114557 -43.956909 3.2205749
32.337849 3.5376453 -1.5779045
-3.0121939 1.6713088 0.16605431
2.3002059 -11.458511 2.6716597
3.3417203 -10.268794 0.18449955
1.7864659 3.4617515 -0.2439692
-4.5890079 9.7068443 1.1250283
1.9547009 -6.4807172 -0.25297272
10.163872 10.540811 -1.1481555
2.6615212 4.4333029 1.4495976
-3.2015355 -2.0826488 -0.3784745
2.4526591 1.8805331 -0.4297573
2.2918887 -10.673917 2.1159608
1.347582 -7.4344559 0.22076519
-2.636523 -11.45435 3.1011703
19.953459 -55.256649 1.7673763
2.1870658 -6.6418066 2.2309864
1.5384009 -3.0166726 -0.36490899
-3.1621292 -2.610287 0.79480994
2.3321917 -9.7178688 1.9610937
-5.3066187 -9.2394056 2.4362781
16.498674 -43.195477 3.0738647
1.8120967 -10.477386 3.2364573
3.5927317 3.6074674 -0.59304512
2.2438884 -6.4791059 2.1937044
2.2923269 -10.868886 2.1479621
19.420242 -4.6861582 2.7506096
-2.4369845 -11.409466 3.5099404
2.1502759 -6.4493942 -0.25706452
3.3908546 -10.05329 -0.18836161
39.016327 21.941912 -0.84525657
16.395552 -42.142517 3.010766
-0.048320573 9.7956495 -0.66915727
-41.174229 2.9497869 11.351135
2.2752414 -6.4065628 2.1778188
16.995209 -43.289505 1.4509704
-2.7791462 10.324669 3.0217807
0.95089114 -3.2773151 -0.35675922
16.863319 -42.292107 1.4250269
2.3032026 -9.6847897 1.5987324
-5.3184891 -9.2593746 2.0577123
20.908701 44.970146 -1.102955
1.7595042 -11.607521 2.2547064
-0.25274426 -3.0392191 -0.37489033
0.82873929 -2.3632021 -0.37798959
11.060431 -3.4013114 -0.74769682
-5.261343 -6.4961176 1.0752056
-3.7190347 10.817719 2.7986114
-4.8509984 6.8100452 1.8232492
-0.017600935 -11.568381 2.6467652
38.556026 6.3194284 -1.9698188
1.5538146 11.983772 0.79261953
3.7401955 -9.8859615 -0.18940632
1.5545446 11.998849 1.2152257
3.754195 -9.8743753 0.18336679
17.035286 -41.139782 1.3962414
29.600904 -1.5853187 -1.366367
12.591429 0.89892548 -0.88853639
-0.6432395 -5.9313555 1.2808913
-2.0827844 11.22022 2.3837996
17.187923 -40.905567 2.9523222
-2.4979708 -4.7764921 -0.30080101
17.561369 -41.099922 1.3971812
17.560202 -40.87566 2.9571729
10.716437 -3.8892937 -0.72641969
29.098114 29.890131 -2.3111145
3.9419923 -9.8424911 -0.19240972
-4.632206 9.3317518 0.74249053
17.777822 -41.087368 1.3976912
20.176155 -46.63393 5.1131682
7.3982725 -2.0965652 -0.68504953
1.3519289 -3.9191961 -0.34318858
2.5494273 11.911695 0.36795744
2.2314672 -8.9284697 0.84785879
-5.221662 -6.8159442 2.6183326
26.108154 -10.797318 -1.1903024
7.883913 -1.0961968 -0.73069471
-4.2650084 -3.1907556 -0.29274431
4.8368187 -2.6917744 -0.40404764
0.23190163 -2.9791381 -0.37233949
37.575764 11.285859 -2.0243158
12.635967 4.7836938 -1.0040271
-4.7683277 7.718648 2.2758582
18.765436 -1.3064448 1.234485
-2.4663227 12.125129 0.38204527
-1.5765203 2.2114017 -0.13474536
-2.3500416 -0.5704267 0.48357767
18.368793 -40.791004 2.9670906
-4.8988686 -2.7454858 -0.1419636
2.3218188 9.4194136 2.7850029
-3.3378949 -5.1049566 0.44635388
2.247421 -5.3261032 0.43085197
2.2537198 1.2272888 -0.47595897
-5.1570926 -2.7565386 1.4151204
2.4267526 -1.6684438 0.37381217
-3.8729422 -0.87523222 -0.27658761
3.9229426 1.1166261 -0.5759241
-6.4349823 6.9346704 1.6995271
13.257582 -26.730879 -0.022039823
-1.1233917 0.19833863 0.059309471
16.992075 -22.434135 -0.045917127
-1.0009232 -6.6457253 0.46693829
22.253469 -44.276104 1.4972134
0.97831303 -2.7526622 -0.37696245
2.3501635 -5.2587442 1.4660542
28.048899 30.491194 -2.2986224
-2.3094094 9.5634966 2.8017144
-0.82708174 -9.2501612 0.21546976
2.331871 -5.2108827 1.8787832
1.277068 -9.7530527 0.54481626
-5.1554346 -2.8673079 1.630797
13.355192 -26.703716 -0.022950193
33.189957 0.70202625 0.74748403
-2.6516128 1.5975369 0.36659592
18.739622 -6.888392 -0.060231388
2.6602874 -9.1387529 0.86556691
4.1571069 -9.8708458 -0.19870059
-0.65187865 -4.1737175 -0.32725695
13.795335 -26.630121 -0.027416173
2.2326806 -4.7088308 1.7421352
26.436882 33.488941 -2.3881695
18.621002 45.276886 -1.0877278
23.289263 -43.832928 3.238518
1.8572934 -10.193079 3.1611454
19.599972 -22.231804 1.9975628
32.336414 3.6411595 -1.5794483
22.004959 -40.56356 1.4038135
34.169769 -16.846691 0.9999516
-5.3646393 -8.7409639 1.6250479
-3.3226068 12.217825 2.1609111
22.974905 -42.444901 3.154413
34.311443 -16.218847 -0.33413482
22.153873 -40.515762 1.4034131
18.361624 45.371357 0.61503357
-0.64105475 -5.841188 0.64798802
14.38496 -26.513283 -0.03345935
1.3494229 -3.1192319 -0.36281642
-3.8591609 -1.6372346 0.79366267
22.511276 -40.816605 3.0538225
1.3537042 -9.2265949 2.8731914
-2.8598287 -6.3760366 -0.24301803
10.744413 9.7198067 -1.1292022
0.10862837 11.340912 3.1945727
-5.0811558 0.070026927 0.21515049
2.3368847 -4.7055793 1.7543063
-5.2121716 -2.4793792 0.80410564
6.5597386 -12.262264 -0.35247153
2.3069105 -5.2907791 0.83918166
4.1166453 -6.8994827 -0.3713913
2.1356332 -7.0095248 2.3231094
-3.7720752 -0.84484839 -0.39144751
2.4887362 -1.6166918 0.93099958
-2.910423 8.7562075 2.3079479
-0.47227541 -5.9432807 0.033824224
5.8513784 -0.65027398 -0.693371
2.493438 0.11347311 -0.45302117
1.7620288 -11.579895 3.1019218
16.257851 4.6927114 -0.71528071
14.989114 -8.5245209 -0.59642792
14.618756 -9.5608721 -0.59649682
28.667988 13.686476 -1.6258564
-4.3733268 -11.384383 3.1996224
1.743589 -3.720942 -0.34457919
-5.2521777 -6.6555648 2.2803383
-3.1181233 1.6136875 -0.23591667
-2.3497367 0.28830233 -0.26613638
18.311745 -2.8810904 0.57820308
-4.9478636 2.4142842 1.295771
12.37315 -0.074710451 -0.85625267
12.815147 3.5164602 -0.97303826
-0.83460486 12.121469 2.5202272
-1.0529958 -3.4087691 -0.35040337
1.7486949 11.98845 0.7938422
6.7624726 -12.266736 -0.35850754
2.3079476 -5.2876291 1.0471966
20.64744 -25.924006 2.2128189
18.295908 -3.2653925 0.5828321
3.5423362 -6.7186651 -0.33189791
2.7080588 1.3155686 -0.48007238
8.0064917 -0.73078018 -0.74473947
0.53530288 9.9550591 -0.68906879
-5.8111372 -2.2523336 1.9200959
2.7711165 11.948984 2.5483842
21.153734 -36.790363 1.3064234
22.835478 -43.977711 3.2368584
21.108686 -36.434605 1.2974647
11.130217 -3.2864118 -0.75209635
15.15876 -26.328842 -0.041510642
-5.023387 -0.10425895 0.88157666
17.4165 -29.924992 1.1174734
-2.2766147 -1.7020106 -0.38592482
2.2564025 -4.1205249 1.6021761
-1.6066571 0.65658897 0.21657473
15.584445 -26.10693 -0.045436826
18.548191 -3.0486116 1.9150034
-0.86451852 12.093597 0.79805827
7.1720896 -12.254032 -0.37027636
-3.9092686 -1.5499791 0.79426885
21.22315 -37.177689 1.3162986
-5.1928573 -6.3855963 1.9284478
17.325455 -28.429319 1.0805341
2.2712193 -9.6674623 0.54308379
17.126213 -44.865265 1.4917555
28.719631 30.056278 -2.3039742
26.376925 33.84824 -2.4044836
13.98593 -26.585342 -0.029307341
1.3096746 -9.5888224 0.20453423
-0.04994854 -3.4760652 -0.34933326
29.369993 29.78997 -2.3172703
0.95276982 -2.3357701 -0.38692304
32.491467 2.5733957 -0.41905028
0.9485898 -11.637132 1.0049045
-4.9103384 8.0987692 1.3610872
-36.598934 3.7701042 10.127607
-2.238663 -11.508723 1.8339961
1.6652913 -2.9900451 -0.37412158
-2.2660854 12.101058 0.38071209
4.3835912 -7.0003176 -0.39138213
-2.6516032 -2.7119603 0.60443038
-5.1395392 -3.9694374 1.1070064
2.2794547 -9.9086609 1.6268691
-2.6275115 -11.489759 2.6851089
19.483376 -20.751114 1.9224919
-4.7144051 9.5567751 2.2484396
1.7160143 -2.9754963 -0.37749442
11.152953 9.134182 -1.118917
1.2102662 -2.1730118 -0.3872081
18.257217 -4.7427669 1.2721658
9.3041849 11.283734 -1.1501472
2.7180221 -4.402204 -0.3250944
1.7777941 -11.561641 1.0038042
1.1446286 -2.2452173 -0.39303684
8.247323 -12.182972 -0.40208611
2.3208575 -11.217846 2.6243458
4.9631052 -7.2148747 -0.43549117
-1.8464004 4.7480011 -0.53344679
-4.4585748 -11.430258 1.4677217
-0.4529691 -3.0334246 -0.37441283
2.2142339 3.1267245 -0.52527398
19.944515 -26.468817 2.2199907
16.448687 -42.668629 3.0423071
-1.711779 -9.6546364 0.21322921
0.98725104 12.039559 1.213784
18.602406 -14.650549 -0.048719935
4.2798953 10.525106 -0.43569732
19.944927 -26.067921 1.0420017
19.582502 -25.051428 -0.092859812
-35.621845 5.1287227 8.5777597
-5.4280539 -10.661371 1.4343625
19.946533 -0.11522058 -0.83919513
2.0081332 9.5197268 2.7901063
-5.0610285 0.27783164 1.575828
10.820599 -3.7505081 -0.73275983
1.305648 -9.5691586 0.20470843
-40.377312 2.6387498 11.13343
-5.1757588 -3.8751152 1.1024457
-4.6787605 8.4530878 2.4063275
20.365433 -25.980095 2.2073114
-2.7947876 -2.7034116 0.77038348
-44.35474 2.0341353 7.3769608
20.412598 -25.814014 1.0396503
-7.4559622 7.9540281 1.5400716
19.750244 -25.020058 -0.095085844
5.6301641 -7.2598038 -0.47584027
0.74523586 -2.8455508 -0.37516358
-1.7633384 11.250206 3.2022588
-5.15622 3.0484121 0.97403532
19.429195 -20.053913 1.8877091
2.4674101 0.51236451 -0.46268076
19.660017 -24.224138 -0.090644002
-1.416025 -2.8128712 -0.37417474
-1.9780623 8.3419619 2.4754367
-3.8701348 -1.8136569 -0.035678808
26.339214 14.310549 -1.5300103
2.322973 -8.9303989 0.84901267
21.783735 -26.125759 2.2572191
2.3307188 -9.2797623 2.5870965
2.6645353 1.8637599 0.39865589
2.4593413 6.4165497 -0.63747931
1.7504895 12.028035 2.0841949
21.55871 -25.806206 1.0484377
0.55079406 -2.4815762 -0.3782891
3.0149329 11.343876 2.0258827
-4.596282 11.534766 2.128407
-4.2373137 -11.394133 2.3160112
-2.6653593 12.133114 0.38331324
16.822037 -40.946102 2.9483376
-2.3751552 -0.79025799 0.57284832
5.7482023 -7.2176404 -0.48035276
1.3503696 4.7452326 -0.55586988
5.8783259 -7.1889892 -0.48645529
0.93113738 12.038759 1.6427177
19.417667 -22.614697 0.95866239
-3.8339443 1.2364465 -0.44655576
17.407881 -40.876438 2.9545085
1.3388214 -11.43518 0.19005701
-3.787709 -2.4378507 -0.35109156
0.53390312 12.012617 -0.047690779
20.626568 -25.757149 1.0399852
3.4249668 -10.143954 0.18462007
19.394068 -22.303144 0.95143044
2.3385761 -8.9098368 0.20256715
0.59043407 -8.7156019 2.7069945
17.99065 -40.827618 2.9621935
19.205536 -21.909372 -0.075525455
-0.18431468 2.6078029 -0.14874403
1.2530286 -4.9886193 -0.30221689
2.5627394 1.4069908 0.75772476
-2.6242793 -6.9173017 0.23260762
19.376188 -21.864098 0.94140226
1.4226635 2.8006172 -0.49707744
19.589628 -22.080244 1.9898616
2.3631146 -9.9513578 2.3739636
18.522785 -1.4084914 1.2239854
-0.38776112 11.936833 -0.042429384
-4.6900616 -11.05909 0.19752389
-5.1310215 -9.8383894 0.20344074
1.9088875 -11.55158 3.1007619
0.54911387 12.05041 1.6412914
-2.166172 -4.3175263 -0.047762409
19.193222 -21.689045 -0.074588545
23.141985 -43.889046 3.2384636
10.357043 -11.843167 -0.46707049
19.152788 -21.297552 -0.072673768
18.384026 -12.670244 0.73784477
-5.3272443 -10.667664 2.2711151
19.358547 -21.434769 0.93163836
-0.85518306 -2.565357 -0.37905779
-3.4203515 -2.5158176 0.24977277
0.067780569 6.807003 -0.61540776
0.77911186 -10.848395 2.8996181
18.975897 -20.978275 -0.06897907
-3.1021597 12.142149 -0.045956202
2.3535872 -8.8946543 1.8282408
1.6284782 4.0065074 -0.14495437
6.134973 -7.0935383 -0.49675453
0.95906675 -11.60662 2.6635306
1.5191413 -8.8822079 0.52172935
19.128212 -20.683485 -0.07032758
-0.64695382 -5.9008956 0.44546801
-1.8206025 -4.6462545 0.080314592
19.113785 -20.473852 -0.069457166
-3.2379143 -11.424134 3.5637064
-4.1408195 -4.3398638 -0.16611461
53.349205 23.044767 -1.1361604
0.74889863 2.5190666 -0.46366194
19.2925 -20.463131 0.90947974
19.496962 -20.896433 1.9298625
6.3566637 -7.0461626 -0.50801933
2.8917675 9.7373734 0.35443869
-5.1881557 -3.8194058 0.22871922
19.094019 -20.070866 -0.067938827
-2.1081111 0.2983667 0.17770223
-5.415113 -10.343332 1.4058499
19.302011 -20.259857 0.90507936
-2.9486825 -10.806915 0.20376486
2.3910768 2.3418055 0.77135152
10.940542 -11.65871 -0.48447797
-4.6327457 9.1043358 0.3804968
-4.3841529 -2.4730167 0.4040339
19.268223 -20.035004 0.89983177
-3.9350159 10.089069 -0.36880884
3.8806255 -0.65569752 -0.53012997
-3.4565749 12.208753 2.1653008
-0.34592286 -5.1886249 -0.29250196
32.00531 13.272277 -1.7843522
-4.5392666 -2.9532466 -0.30402809
1.6099914 3.9684391 -0.2933833
8.8603458 -5.8661304 -0.63075852
-2.1430631 -4.5066342 -0.087865256
-2.0766592 2.9335585 0.56053579
19.369957 -21.64747 0.93649334
4.3615313 -2.4607413 -0.52580196
19.08185 -19.866747 -0.067154303
3.9096372 -4.4218912 -0.42224598
-5.1159358 -2.642873 1.5949761
3.39465 -11.898135 -0.2628409
-0.55633479 -10.763972 0.57531285
19.064888 -19.666519 -0.06631735
19.063244 -19.541737 -0.065939419
20.195595 -25.874674 1.039404
0.36936414 -11.470694 3.4676166
-3.1884348 1.6696502 -0.37301433
-1.61281 0.66206402 0.021371821
19.405491 -19.655823 1.8682606
0.53652269 3.8377936 -0.51461023
19.461727 -20.620022 1.9155456
18.743601 -15.441593 -0.052068871
20.520456 -25.791491 1.039958
-2.2644496 1.5602161 -0.030675445
19.39303 -19.452459 1.8583655
48.892017 16.713131 -0.94605035
19.029423 -19.076921 -0.064143181
-4.6656084 8.4491253 0.047419652
19.375845 -19.253056 1.8485234
11.339813 -11.478665 -0.49548593
-5.1961293 -3.678942 0.22875358
19.030771 -18.840088 -0.063542597
-5.1190052 -0.87791061 1.263692
19.366016 -19.063007 1.8394016
-5.2697158 -8.8370352 1.9911615
2.3182967 -5.2823353 1.255151
53.185295 23.184612 -1.1353651
27.994471 -6.2429042 -1.2643615
6.7407522 -6.8895116 -0.52446294
-0.24329586 12.095049 2.9449739
2.2681425 -5.3803325 0.84574729
9.4897385 -12.008201 -0.43970355
16.710564 -16.316751 -0.020651937
-1.4644283 0.22350445 0.35004991
1.0865531 -11.569714 0.59332061
2.5070195 1.3160646 0.87426466
6.1495543 -12.290562 -0.34200114
1.2483414 -9.2286396 1.5154938
2.0163293 -8.7683353 1.472801
-2.977412 1.6763827 0.00071656774
-2.3155799 -0.68623376 0.56545925
35.061539 13.375131 -1.9468507
-5.2444625 3.3814785 1.0023522
-3.1708264 1.4409572 -0.46341905
19.421499 -19.858168 1.8782651
6.9371853 -6.8208199 -0.53395706
-5.3008895 -8.7548285 1.981588
-2.0372138 -6.6610384 -0.24333873
-2.0535228 9.6041937 2.4400082
7.0475402 -6.7747197 -0.53903788
20.488213 14.977859 -0.3767671
20.930756 -10.271542 -0.092775226
4.9496188 6.5289302 -0.81579781
-0.66020703 12.105826 2.0776193
-5.3047137 -8.4595442 2.6520298
0.12347417 -2.6005061 -0.38035005
19.385868 -22.083353 0.94641155
-2.4081025 5.1910281 -0.2491882
7.1570826 -6.7260833 -0.5440684
2.0285456 -2.0123606 -0.39503866
38.533287 8.7125149 -2.0163188
-0.72822213 11.944957 1.2067604
0.95695972 -11.609425 2.2399194
0.14811529 -4.1513042 -0.32659805
-5.2275496 -3.6883905 1.5351442
-5.0620613 -1.5087569 1.6538985
2.2954085 -5.2859325 0.2276932
21.122643 -12.121698 -0.093451284
16.368299 7.7697234 -0.16477247
-5.152184 -2.7898922 0.032938268
18.534878 -6.0504746 2.0048251
0.19082439 5.1541042 -0.58233184
-2.5456786 1.6138446 0.32447445
2.0763574 -2.0031097 -0.40226522
-0.8289873 -5.9974251 1.0814575
2.3052144 -6.4012609 -0.25896618
7.5835485 -6.5489049 -0.56515157
-1.0576046 12.121259 1.2228138
-5.8531861 3.392781 1.7703513
2.297889 -3.7497694 1.5208535
19.034439 -15.841615 1.6838686
0.48638242 11.072514 -0.41064891
16.345978 -8.8721256 -0.0090171648
-4.2023449 2.1750691 -0.27184418
-5.2096944 -2.3511474 0.79773802
-4.2494712 -11.41748 1.4597905
-5.3680558 -9.2658129 0.20557368
19.041037 -15.695472 1.6778606
-0.043604601 -9.6212769 -0.12574384
-4.6448169 9.3198862 1.1004492
1.5441549 -8.7441244 1.4579546
5.3241105 6.5636811 -0.84978133
14.575657 -26.464336 -0.035391897
-0.65405792 2.1902933 0.073316082
1.1055495 -10.965582 2.9349372
-4.9636717 2.2806189 1.5233063
-0.053672083 -4.1760006 -0.32727909
16.513439 -13.456439 -0.011974699
21.235613 -37.470432 1.3235474
2.2630715 -11.136223 2.1909208
12.938079 -10.627447 -0.54175913
13.054036 -10.583709 -0.54587847
1.9318092 11.916965 -0.05224444
18.996132 -15.26112 1.6577271
7.8615537 -6.3993464 -0.57816136
18.344492 -5.2808676 0.61097157
18.301064 -2.6583052 1.2325284
2.7530475 11.926863 0.79907978
-3.0133955 0.54113495 0.62926155
-2.458828 -1.6791079 0.07076291
18.596769 -5.7818813 -0.75351012
-3.9907219 1.8125424 -0.2252229
0.22429171 -2.5784516 -0.37945306
16.554468 -43.746346 3.1069415
3.5262582 -1.2827703 -0.48441723
10.623269 -11.764369 -0.47503835
4.8397732 -2.5297737 -0.19953777
19.0107 -18.411013 -0.062146764
-2.1070042 -6.6290359 0.47332501
-1.7692506 2.680321 0.52955872
-4.3106704 -3.1484332 -0.29424578
2.3279045 -5.2502608 1.6731101
2.6500704 11.949773 2.5431933
-3.2269557 -2.3337367 0.12111111
19.016987 -5.8753424 -0.070016138
18.333796 -2.2738163 -0.078234397
19.625645 -5.7005005 -0.80834621
-2.3699183 -1.6066468 -0.39004785
29.638437 -0.72488213 -1.3752168
38.52124 8.326539 -2.0074596
-3.2977476 -10.375728 0.20632902
19.354647 -21.295837 0.92850369
-4.8295984 6.9718738 1.845466
-5.3463769 -9.6709785 2.5184746
-4.2113132 -1.6944278 -0.35937753
18.931501 -13.367992 2.3929436
-4.6791906 -11.37792 0.19542527
18.832022 -13.447507 1.5769173
20.6917 -11.872734 2.4332573
27.536955 -7.7136149 -1.2437731
19.116936 -20.933207 -0.070950069
2.1535389 12.006847 2.0914235
-0.26939324 9.7607718 0.69711143
7.3547664 -6.6458869 -0.55375242
-4.8026338 -9.4196472 3.186795
1.7808816 -8.7963305 0.83540344
32.358803 3.9056282 -0.43178305
2.3249288 -11.07612 2.596199
-2.666461 -1.0886149 -0.39230826
-2.3392942 4.7771606 0.33359462
2.4908731 -6.3634114 -0.26309311
19.200861 -1.4522333 -0.10281979
4.0087147 0.96245152 -0.5835557
-3.9890187 12.242867 2.1946578
2.287756 -9.4872551 0.53838211
-2.8780673 10.311819 2.2537508
-4.6447883 -11.424918 1.4734795
34.344364 -14.637723 0.96485579
-3.1689568 -10.047313 3.1886945
32.895805 4.7847891 0.70885235
16.673187 29.274164 -1.8408904
-4.104351 12.211413 1.7423426
3.3541286 -2.92839 -0.4252128
5.4690366 -1.6302606 -0.65205473
2.6390619 3.9356287 1.0068477
2.5553441 11.944985 0.79796576
2.238565 -8.9124508 0.52325714
-5.082727 -1.5820435 1.6659441
-3.1113648 -0.7030012 0.65751815
2.518687 1.9467379 1.1387578
-36.294498 4.9953961 8.7305355
-0.92884547 -6.4749389 0.68922418
-3.0734651 12.182443 0.82420951
21.296206 -25.736423 1.0447547
18.422163 -13.43873 0.75328755
2.3760138 -8.8481359 2.4897439
5.7236266 -3.9720726 -0.56789798
-3.6156464 -2.6343772 -0.34609392
-2.6049297 -9.8441305 0.91540968
5.6641135 -1.2227296 -0.67152053
-1.6536416 12.14104 2.0973811
2.234462 -4.0137267 1.5737234
-2.434437 -5.8869843 0.021628242
2.9292822 -0.48715094 -0.45620131
-4.2487903 -11.374434 3.1873569
-4.9622378 2.4890029 1.4950827
3.1111991 -4.4730783 -0.36074314
0.9843564 -11.262061 3.4213612
3.184792 9.4068937 0.0061893645
5.5387654 -7.3075819 -0.47335094
-0.65130538 -11.571137 0.59725565
-1.6729422 -4.641777 0.082453296
-4.5775976 -11.398159 0.19563767
3.3972321 -12.043609 -0.2688162
-5.1273007 -3.9193454 1.5491978
27.814602 -6.8954315 -1.2559519
2.3384137 11.932747 0.36792704
5.1150651 -2.5959525 -0.017111706
2.2937875 -1.6798953 -0.40180051
-4.6056747 11.181712 2.080343
9.1574631 -12.051739 -0.4291358
2.1501043 11.965685 0.79550385
-0.27477694 9.7254028 0.35524735
2.4390604 -1.535741 1.0010149
-2.8557112 12.116325 0.38441035
18.528923 -4.4539342 1.951212
8.5310364 -6.0322747 -0.61211127
21.148567 -25.882238 2.2257524
1.935889 11.977593 1.2179607
-3.2662101 -2.7298248 0.67215323
-0.85450065 -3.454879 -0.35167292
1.1002564 -7.8302794 -0.058070738
12.798288 2.7084398 -0.94704676
-1.5949059 2.006892 -0.36904871
2.3281431 -9.9798841 3.1305196
2.4230785 -1.6510944 0.18291296
18.263676 -4.2504425 1.2615784
3.0264032 -0.08515428 -0.47511315
-3.377315 -8.8069515 2.8772342
2.17873 -7.2848582 2.3993661
-5.3245416 -8.7119064 0.20895034
26.932343 13.332858 -1.5263516
-4.8531327 4.9029288 1.5517353
-0.051787291 -2.6282547 -0.3816632
2.4236009 -1.6213466 1.123085
18.531998 -3.8755271 1.9348563
2.4663007 -8.8524199 2.1622958
5.6212344 -1.3190753 -0.66697764
28.914173 29.968626 -2.3075149
18.291838 -3.0471559 1.2389853
19.98472 -10.700963 1.5228213
0.94068831 6.7834902 -0.6268816
18.544575 -3.2582846 1.9197868
36.525227 13.142088 -2.0173113
-1.7734588 -9.6485596 0.21329124
-4.1103568 -6.8587317 0.22650188
21.033531 -35.846317 1.2826642
21.134033 -11.298564 -0.094738729
12.732989 2.1076834 -0.92562348
2.720124 4.3090854 1.0584069
2.3429444 -9.4595289 1.9194499
16.291712 -4.3453808 -0.022959923
3.346467 -10.440159 -0.20292206
1.3510469 -4.94519 -0.30151075
32.786858 29.477339 -2.4442258
-4.5437508 11.950675 1.7331189
18.241877 -5.8710337 1.2987481
-3.4858911 -1.7331268 -0.13069084
18.243284 -5.2414379 1.2831842
8.3513489 -6.1304832 -0.60259432
2.537957 2.3215287 1.1441807
1.8144779 -4.7620811 -0.30390412
-1.2261546 -9.7451754 -0.12999134
-1.6181149 0.5037306 0.21486071
-35.643761 4.5654373 8.5710077
18.539507 -3.6564682 1.929572
-2.8734558 11.747192 2.9426408
18.528442 -4.0528307 1.9395013
18.358894 -5.4714236 0.61393487
1.7385381 3.5233088 -0.10723593
18.320972 -3.4654937 -0.069455355
12.777098 2.5141263 -0.93986368
18.369043 -12.445008 0.73332822
-3.0978115 9.8187332 -0.34125
-2.6229939 1.7068141 0.58393282
2.2321618 -3.4142766 -0.34932902
11.68594 -2.2551632 -0.79057699
-2.6734955 -4.6904421 -0.3012006
-2.8700793 9.297039 2.4193945
-1.8522009 -9.7578821 -0.13301085
-1.7041991 0.39381233 0.67818308
-40.553772 3.2871418 11.187015
19.704672 -11.189852 2.3254645
2.3232231 -5.1977062 0.025742821
-2.1404028 -4.1844511 -0.22338578
11.094327 -11.598218 -0.4888956
18.346241 -6.6968813 0.63227868
18.320251 -3.2823033 -0.070664264
0.35135183 -2.9457307 -0.37066057
-5.816731 -2.0682755 1.6838776
53.331879 21.07889 -1.1031268
14.966002 -26.388895 -0.039551683
16.248127 -2.8668549 -0.61832374
16.742426 28.661234 -1.8088901
-4.4133778 9.975317 2.6821287
-4.9089327 3.1386428 1.7604607
20.852331 -9.6752815 -0.092632234
7.7215195 -1.4631214 -0.71385717
2.6203671 -1.1376301 -0.41800919
32.252083 4.9303441 -0.44214159
32.171665 5.7554402 -0.45101169
2.7379749 11.558583 -0.46672031
16.306129 -6.6620946 -0.013385909
-5.1632409 -2.7893174 1.2155601
21.823004 -41.774303 1.4328651
-4.672864 8.7294359 1.0612954
19.327606 -10.728557 0.71241963
18.353373 -4.6524053 0.60215914
18.760588 -12.451339 1.5350809
3.0736566 11.802446 0.79741365
-5.2918162 -10.689561 3.1284137
2.1525421 -6.8821921 2.2910016
-4.4976273 -11.330013 3.1975787
19.043852 -19.271751 -0.064892307
19.652735 -25.467028 -0.095559381
1.1555806 12.028502 1.6438631
18.384846 -0.86260283 -0.091098122
18.541651 -13.860564 -0.046976633
12.510855 0.52951986 -0.87573516
21.325094 -25.91091 2.2325349
-4.6840591 8.7531805 1.4113793
18.321733 -3.6482863 -0.068280153
-0.19169882 -6.9431181 -0.25030333
16.242151 -2.6822758 -0.61820799
1.13035 -9.5005808 -0.12923658
-4.0827789 2.057538 0.80579561
-3.8525279 -10.380928 0.96946424
16.335443 -41.586464 2.9773908
12.278562 -0.47015262 -0.84446639
37.286469 12.694055 -2.0453982
12.390549 6.1000595 -1.0419122
-2.1923394 -3.7778296 -0.038675282
14.135403 -9.8359585 -0.57906353
18.301914 -3.0589449 0.58029419
19.551762 -0.17538878 -0.81656229
2.3589871 -9.8105545 2.34585
11.809458 -1.9273736 -0.79996604
1.2900467 10.388382 2.975162
8.0396137 -0.64180976 -0.74888194
2.6213431 3.6870129 0.81132489
0.057755578 12.014914 1.2093934
-5.1811185 -6.3301568 2.5027063
-44.447556 2.4561229 7.3910484
-3.1638193 -2.4465804 -0.0099927252
-35.774403 5.2648983 8.6162043
5.7808042 -0.88373744 -0.68431461
-0.47154644 12.08709 2.0735381
21.458364 -10.507655 3.2802541
-4.7804108 7.1345582 2.1682391
18.247854 -4.6475945 1.2695662
38.471554 8.8265867 -2.0154107
19.864553 45.121525 -1.096082
8.7555904 -12.119267 -0.41722411
-5.3294044 -9.1066113 2.4145055
-3.9793038 -1.4562867 0.65607244
1.4726468 11.673337 -0.4567323
-0.23654069 -11.582359 2.6497746
2.9844561 10.894649 0.75995654
1.2381979 -8.7126637 1.4477643
18.712706 -1.1366647 0.56345397
2.3364091 -11.430499 3.0908949
16.241827 -2.9024062 -0.61795503
21.09543 -11.064707 -0.094391987
-3.5777781 -1.4383494 -0.38645989
12.223221 -0.68516105 -0.83817512
11.455882 8.6214819 -1.1083689
-1.4768447 -11.501779 2.2292111
28.050848 -6.017406 -1.2671448
18.296928 -3.2553909 1.2431011
0.36113948 -11.493758 0.19414452
-4.5944562 9.7219582 1.5040572
18.282709 -3.4761386 0.58536297
20.551668 -25.962542 2.2119203
-4.297545 9.7557573 2.6270034
3.961112 -6.8664284 -0.36156106
-3.0353751 -11.439955 2.2658937
1.1570309 10.084679 -0.70949888
-2.683182 2.7114697 0.091665804
2.2386019 -3.8832912 1.5434535
-4.8589306 -11.407103 2.8016891
4.7520275 -2.2770307 -0.57164621
19.086142 -20.203285 -0.068213567
-2.2940083 -3.8966286 0.10105642
2.0097151 -10.275515 3.1916671
-1.0968525 -6.5811095 0.69726235
37.490196 9.8530931 -1.9851067
-2.5065002 5.4172497 0.54370695
-4.8258228 -11.411939 1.0505345
35.9366 26.481585 -2.4538386
14.913634 -8.6078796 -0.59406352
19.870964 -13.278402 2.4525471
4.2188554 10.121588 -0.41066292
1.363592 -8.7902489 1.1426309
34.354939 -15.031843 0.97150028
-5.1547284 -4.0187416 1.7946587
8.0474167 -0.60304213 -0.74989605
19.357409 0.083071321 -0.80822903
5.9342003 -0.28783256 -0.70611143
-0.86817431 4.4571362 0.0080403574
-1.6475366 -11.449937 3.4860044
-3.4940979 -0.50732201 0.80058879
27.458242 -7.837842 -1.2400717
-3.8480642 -10.368583 0.96863633
-4.7403069 8.9416733 2.1492114
-2.3403671 1.6758385 -0.31571811
-4.5222344 -11.283345 2.3146632
5.8378325 2.4098492 -0.79003501
2.2282636 -9.0581617 0.2023495
8.5656652 -12.141858 -0.41144374
18.936321 -1.3685834 1.9138843
-4.6217284 9.7128134 2.6489849
18.475887 -13.974559 0.76450235
11.632532 -2.3619616 -0.78652412
-4.5868783 -10.003621 2.9079061
-41.144165 4.6246014 9.8487978
22.114418 -43.3083 1.4724289
17.505533 24.16474 -1.5902835
27.949144 -6.4638934 -1.2622718
19.89889 -10.669252 0.71819854
2.3845079 0.91091079 -0.47284868
0.77160817 11.946495 0.78856528
-4.169138 2.0829725 -0.41938564
0.57878017 -3.372463 -0.35090685
19.436359 -0.23630831 -0.80954403
3.6871352 -1.0530884 -0.50440311
37.428268 9.9705734 -1.9844961
0.34358951 12.06873 1.2136551
18.355637 -4.8721757 0.60527658
16.44586 10.604117 -0.91282254
-2.3190672 5.4701762 0.33745936
-2.1609182 0.56899971 0.66594088
19.862942 -26.131254 1.0428665
19.332064 -20.67729 0.91456264
35.215202 -2.0866563 -0.42890599
2.3232141 9.3040676 -0.65881318
0.34392157 9.9203396 -0.68393499
1.2609845 -8.951745 1.1567971
-4.953702 9.1887331 2.5794425
-0.57313913 -11.485666 0.99696571
-48.744797 2.5791481 13.394587
0.61759526 -11.604741 1.4074811
-3.240927 -11.472808 1.4364055
1.8317306 2.6085217 -0.51387453
18.544333 -2.835109 1.909699
0.14706397 -5.1325483 -0.28957698
26.356216 34.250748 -2.4245105
-3.4486618 -10.356722 0.9602927
18.617928 -5.6947746 -0.75416601
11.489471 -2.6610339 -0.77628851
19.332113 -21.071451 0.92331231
2.494698 3.4075971 1.2466378
-2.5903611 -9.7072105 0.55759007
-0.91259915 -2.9767773 -0.3753463
2.4723804 -1.6457269 0.5945136
20.171329 -10.731323 0.72258055
0.74035287 11.969717 -0.047388203
-0.4529812 9.7213669 0.35577545
19.327059 -0.28980201 -0.11597579
18.906569 -14.616037 1.6273309
-5.1407533 -10.992036 3.1800292
2.9893999 10.555364 1.1303949
20.23044 -1.1443607 -0.84654361
0.93594295 -11.623044 1.8264844
19.030247 -5.6502876 -0.071352102
1.1558274 12.042093 2.0747864
18.332632 -1.8749912 0.56642574
2.13674 3.7081182 0.01105615
-2.5695081 -10.035599 0.56609631
-3.0558445 12.194188 2.1468818
1.5543274 -11.609201 2.6772454
2.5264456 11.640997 -0.46844357
-4.6626735 8.7077665 0.72021842
2.8324547 -0.75497496 -0.44288033
2.4769399 -1.5665296 1.1272351
-4.2231488 8.0400896 -0.56600434
0.16854961 -11.45668 3.4618647
-5.19452 -3.665252 1.3044119
-3.3506315 11.617988 -0.45364514
-4.9525323 2.3454626 1.1018549
18.586344 -1.6415795 1.8891553
-3.0989122 -1.2867568 -0.40342852
2.1716127 11.950037 -0.054663379
-4.8918109 4.3303456 1.711647
2.3774552 -1.5431007 -0.075598128
-1.1465092 12.015368 2.0697815
20.303833 -6.8065138 -0.85098463
18.342859 -2.8682504 -0.074008033
18.327333 -3.7741432 -0.067591012
3.1336575 9.0951862 -0.32531396
19.976738 -0.33439323 -0.83884299
52.997276 23.501801 -1.1371359
1.7490501 11.961271 -0.052357521
-0.68042111 -5.9596133 0.2412499
18.293968 -3.4680188 1.2470238
4.2704353 -9.9529924 0.17770331
2.7219057 3.6552529 0.48591229
-3.6067924 -11.460376 1.4447874
26.636675 32.672348 -2.3537536
4.8551073 -2.4793274 -0.39647442
-36.568707 3.2989082 8.7671595
18.933308 -1.1900914 1.9108355
2.813206 9.6738148 2.1478183
-6.0045838 -5.4589272 1.8935339
20.740908 -11.683662 2.4269185
29.561367 -1.0564579 -1.3681562
12.662935 1.3330548 -0.90262669
2.2243304 -11.466269 2.2440317
-2.2309682 -11.40502 3.4981976
18.361319 -4.2832437 0.59717339
-3.639714 -4.9129448 0.6534254
2.0478926 2.4171007 -0.51206005
-5.9807673 -5.2503662 2.1402247
18.533867 -7.2437816 2.0511293
0.87374341 -2.7978189 -0.37617251
-1.4568219 12.10549 2.9646218
8.3851032 -12.136542 -0.4051508
28.130676 -5.6693311 -1.2712485
-5.3528299 -10.631945 3.1220312
16.170879 -1.2793909 -0.041589629
-5.2567768 -7.262589 2.4009752
-1.7931391 2.8385885 -0.12935595
18.245798 -5.6797714 1.2940798
18.770575 -1.2367501 1.897911
2.5573957 3.6898785 0.97070116
2.2387245 -9.4227438 0.53662097
-0.37075493 -5.1881537 -0.29243362
4.2896862 10.686454 -0.44537672
10.993943 -3.4963882 -0.74341464
-36.304092 2.7044437 8.700304
18.540579 -0.18018554 0.55106771
-2.3726215 -0.84157503 0.10532306
-3.1459239 1.741695 0.68721008
18.857786 -10.96684 1.4840397
-3.8468733 12.233669 2.1865172
-5.0303473 1.1399604 1.2370396
18.250404 -5.0798321 1.2796651
-3.1477582 -0.32157764 -0.26087686
-2.3825295 -0.80494708 0.41707745
16.261492 -1.3386253 -0.04296359
0.94279867 -4.0357981 -0.33653104
2.2566521 -11.262482 2.6307037
3.8345726 -0.75406224 -0.52327549
18.96125 -10.879578 0.71080756
35.188564 -2.1968634 -0.42738613
0.54632092 -4.1064434 -0.33040577
7.2167892 -2.3665745 -0.66975617
18.438406 -13.62941 0.75723428
2.4848685 -0.086399183 -0.44815198
1.3432403 6.6584868 -0.62189704
-2.1616468 -4.3929548 0.084874257
19.40626 -22.458773 0.95504385
17.985487 -41.033829 1.3971463
11.446118 -2.7657704 -0.77346689
18.338055 -3.0783126 -0.07242918
20.363428 -6.6827455 -0.85334802
33.099148 1.7436886 0.73660159
-49.413864 2.2955248 11.758446
19.116974 -1.2115735 1.2504542
1.1850965 -8.7379274 0.8275671
4.2931795 -6.9585052 -0.38409016
16.305195 -6.8716917 -0.012713141
-5.1612291 -2.49997 1.3896863
18.674541 -1.2372379 -0.75912189
1.293467 -9.3197479 1.1923827
18.365503 45.106918 -1.0807632
0.47919387 -3.3891354 -0.34913534
18.528961 -5.4390893 1.9827559
-2.8670015 -2.6103973 0.25532719
-2.3174791 -0.32616869 -0.034991648
-5.1768489 -3.2697825 1.2621349
15.770361 -7.4061804 -0.61978275
-5.8146052 -2.4564199 1.5025485
1.3424346 11.965429 0.36816132
2.4646337 -1.5932167 0.02106953
28.02212 -6.1042237 -1.2656766
19.978163 -24.990585 -0.09818209
11.482306 -11.402801 -0.49922889
18.612434 -1.4119529 -0.75457525
-2.5460606 5.3990049 -0.47655359
18.248487 -5.459918 1.2887436
4.6110506 -2.3720701 -0.55634969
3.7081232 -2.8096194 -0.46089929
-1.7664391 2.569896 0.52219087
-0.87892622 -6.1969557 0.8877297
16.262579 1.6864822 -0.073387377
-1.8510869 -4.2916169 -0.063901052
10.641425 9.8451509 -1.1307176
-1.8148866 -0.24053286 0.20873776
2.5222843 -3.1595681 -0.3501845
-6.3082056 3.4010131 1.8632102
1.9043952 -10.178302 3.159569
2.3549237 -3.2752466 -0.34553641
2.6836598 5.5796242 1.8987176
-4.2610836 12.237771 0.84652019
19.567774 -21.84437 1.9777242
-0.14154574 -11.544298 0.99913454
-5.1140895 -0.62383753 1.0068625
18.285574 -3.8092077 1.2533987
3.1411343 3.7966104 -0.56504887
2.6768215 -6.457099 -0.27686375
2.446209 -1.6436037 0.60382849
8.3165026 1.7188365 -0.82552862
-4.0914764 -2.2832489 0.08682353
2.7542369 9.133913 2.3949225
-2.4350846 1.7023259 0.036577143
2.978507 -0.28813291 -0.46434221
-2.6544452 -9.5034571 -0.12859109
-2.3925481 -4.8049207 -0.29864714
-0.10421042 12.037254 -0.046046712
-40.869846 3.5757833 8.2989521
-1.6462779 -9.7437944 -0.13136959
2.8647192 6.3015366 -0.64545941
-4.3312993 -2.5907145 0.91133714
0.94280422 10.072219 -0.70523393
-2.8610129 -0.43212652 -0.39779678
18.353106 -4.4641423 0.59954369
32.209568 5.3421617 -0.44647369
18.869106 -14.020239 1.6014261
4.8829198 -2.4224482 -0.20005082
-5.1864948 -3.671798 1.0863376
20.040861 -0.13009678 0.57156098
-5.8117404 -1.89872 1.6678864
16.243511 -2.1031177 -0.61962175
19.03088 -5.4548531 -0.072329551
2.2946208 -10.489689 2.8677475
-0.86839229 -6.6887622 -0.23091243
-0.65164238 -3.4721172 -0.34984049
18.529993 -4.8647885 1.9639558
2.5627053 -9.0595751 0.85961479
22.285913 -40.453892 1.4025849
-4.90201 4.5835791 1.9901627
-1.506186 -6.7725029 -0.24309003
20.742149 -25.734011 1.0403488
-5.3244119 -8.3379869 1.5759305
-4.3568144 12.198233 0.84680098
18.229601 -6.8484974 1.3243558
9.9574986 -11.956071 -0.45533541
2.5039442 1.7764577 -0.25514776
-1.5681077 -5.0345306 -0.29195225
8.9488773 11.547036 -1.1497716
-2.2563722 5.2731309 -0.056246847
15.79093 -7.3613811 -0.62028444
-36.806156 4.723115 10.202841
5.1136069 -2.2865658 -0.21571828
2.413353 -2.284662 -0.37619951
19.016134 -4.0961728 -0.079616524
21.616667 -14.358 2.6365278
26.999643 16.950022 -1.6583868
-3.8130157 -11.426735 1.8733108
18.319521 -7.5457501 1.3484629
-1.8583417 4.9316983 -0.030014364
-5.2940841 -8.6855955 2.6980596
22.626993 -40.187187 1.3978553
2.3185899 -10.2384 2.4289665
5.5437894 -1.4846622 -0.65925533
19.090231 45.263264 -1.0919987
19.124466 -1.3207363 1.9288884
2.2534499 -8.9817152 1.5070658
20.668726 -0.86836672 -0.13838564
1.522796 -8.7966709 1.1454033
2.3458476 -4.4768114 -0.30667219
-5.1451144 -1.9106575 0.95865178
32.287498 4.3097711 -0.43519837
-3.9806359 -2.0643008 0.38944757
17.427088 23.358093 -1.5453686
19.428062 -4.2024174 2.7336512
18.631725 -1.3569536 1.2286167
2.3822322 -8.8817883 2.1635959
11.216766 -3.1533206 -0.75781828
2.3114307 -8.9029455 0.5231328
16.298534 4.7065892 -0.11407106
-2.5421224 1.5996809 -0.46229443
-3.6972423 -11.349136 1.436918
-5.1511269 -1.9118193 0.95939082
1.6390318 -3.7809806 -0.34436581
-4.0255165 -0.43116948 0.23537403
5.1426544 -4.2752318 -0.52718377
18.329395 -1.8583508 -0.081423722
2.7817962 8.9899769 2.3668489
18.592211 -7.4388404 2.0637813
-0.092781417 -11.544008 2.2221744
1.1452434 -6.7041974 -0.24844174
20.20322 -26.111135 2.2092087
2.5599167 1.8834113 0.14133868
11.765967 -11.245803 -0.50676274
-2.341387 4.5590634 -0.54285359
21.460867 -10.593191 3.2859573
4.8484745 -2.5859859 -0.40043172
-0.45153508 -2.6200626 -0.37797385
-4.0412645 12.204231 0.84107065
-4.825007 7.9317331 2.6582875
2.1598086 -1.884973 -0.40164328
-4.2422442 -11.407325 2.757607
18.321169 -2.0641091 -0.079610176
2.5905511 2.5271113 1.2620076
1.6421521 3.3434658 -0.35777822
-0.61593342 10.77878 3.0523112
7.7277193 -6.4579554 -0.5712111
4.005178 3.3857086 -0.61854053
0.94980949 12.051655 2.0732923
13.403718 -10.344177 -0.55613738
18.413002 -1.6759298 0.56526577
-5.2813606 -7.8729548 2.5278859
0.96867573 10.845031 -0.40013397
18.315588 -2.0699234 1.2235708
0.95152247 11.99178 -0.0489618
18.345592 -6.9027009 0.63549304
-3.6476793 -6.10921 -0.25216982
18.528666 -5.6278348 1.9892367
-3.240865 -8.8161478 2.8673227
18.340485 -7.294919 0.64165694
-2.5767362 0.36613682 -0.24452426
2.2929077 -5.3085856 0.63603562
18.529663 -6.843955 2.0346408
-0.79918611 -5.8244367 -0.1634974
-5.0197134 -11.337278 1.9164412
-3.5190222 -11.124265 3.5040634
18.280874 -3.8185606 0.58982754
1.2525797 -2.1908457 -0.39753029
2.2122638 -8.8436937 2.817229
16.183926 -1.2833377 -0.6199888
-2.4397526 -11.476029 1.8347112
18.97669 -1.7398134 -0.095767975
26.341413 13.355563 -1.4973509
4.0216446 -0.29650217 -0.55386609
-0.77176988 -2.58708 -0.37989932
34.422077 -15.639949 0.98249882
-4.3616781 -8.5808907 0.21491879
2.4074969 1.1303457 1.0326427
-3.9982686 -5.8831096 -0.25203961
19.522581 -21.255537 1.9478816
-2.041256 -3.9929366 0.10251791
-4.8120904 7.1091714 1.8645937
21.76376 -41.347412 1.4219778
-3.359479 -5.0498476 0.44526783
-0.17528066 -11.555875 1.813388
2.2746255 -0.85445762 -0.41945982
1.7626573 -11.606754 2.6827209
-2.8053281 -0.70535767 -0.39619708
1.126915 -7.6958218 0.22019017
4.8382063 -2.6913531 -0.20427136
18.34119 -40.945286 1.3963295
11.598436 -11.336054 -0.50220984
8.1394262 12.083546 -1.1480401
18.616276 -1.3227991 -0.75533259
-4.7559333 7.2422862 1.5710794
-0.051439863 -11.511548 3.051053
19.12676 -5.6823812 -0.78142101
18.247057 -4.802156 1.2730407
2.4076486 -6.3641453 -0.26003382
-0.84976685 -6.6848788 1.4105183
-3.327492 -5.0667839 0.24113199
18.323051 -1.6579978 1.2177367
20.530661 45.082897 -1.1019312
12.094349 -1.0856953 -0.82499832
0.59679896 -11.362901 3.4408987
18.745697 -5.9580975 -0.064220347
2.5584042 11.966237 1.2263513
-3.872916 12.236925 1.7361375
-1.5847235 -0.42164448 -0.066887237
18.813633 -13.256135 1.5685875
7.742918 -12.221423 -0.38694382
10.894662 -3.640094 -0.73720074
18.683023 -10.544019 -0.050196722
-0.54380494 -5.8242559 1.0551819
1.9050634 -9.819706 0.89853877
18.550714 -2.6539421 1.9061629
37.228489 12.871708 -2.0471101
-1.9245944 4.7782273 0.32982621
-4.4495683 -11.416559 2.3315454
18.359089 -5.854805 0.61960113
-4.6976676 9.1356907 1.810104
18.350534 -2.4851911 -0.076972954
-1.7374164 2.7740555 -0.23026003
-46.834259 0.99343008 9.475441
3.599798 -9.9375257 0.18441704
30.081785 13.268348 -1.6848323
2.4657509 -1.4181395 -0.40878448
16.812717 -41.335388 1.4004304
1.1215115 -3.2168484 -0.35926852
2.6841378 -9.0806885 0.19851711
-3.6527162 -9.004488 -0.12117107
18.255362 -6.0035343 1.3027864
-0.036110081 11.734291 -0.44946373
-2.4500387 1.973912 -0.20117193
-3.8525999 -11.440579 2.7390275
-1.857527 8.3355598 2.467206
18.30756 -2.0494442 0.56810486
2.8452439 9.6853666 0.0017143408
4.7276764 -7.1257768 -0.4173004
-5.2017384 -3.831032 0.44425502
1.3420192 -6.6500359 -0.24872692
18.718588 -7.2489309 -0.058502328
2.6908884 -9.4458838 0.19586365
-5.2962871 -9.141571 0.56767195
33.111637 1.4874854 0.73908854
19.139168 -1.0906594 1.2499779
-1.960876 -4.2768359 -0.06594301
4.9504819 -2.1049776 -0.59217888
4.5193787 -2.4109452 -0.54538691
-2.0106204 3.0533667 0.19978192
7.8035884 -1.304733 -0.7223326
18.799801 -13.069727 1.560683
5.5726027 -4.0818706 -0.55862492
22.973251 -40.457836 3.0445123
18.735855 -1.4442782 1.8983244
20.708981 -12.01335 2.4419558
3.3343136 -1.4816676 -0.46026215
8.0429001 3.195183 -0.85798347
2.0123026 -1.3526087 -0.40471849
2.3281937 -10.871528 2.5554988
2.7291393 3.8597713 0.66154015
18.36116 -12.280617 0.7300815
18.315752 -1.8634374 1.22041
19.183182 -21.465876 -0.073686436
0.36161643 12.080445 2.5094769
-5.0155554 -11.40633 1.4848908
27.73196 -7.1139221 -1.2521032
3.4342365 -1.3785137 -0.47234213
12.680503 1.5184466 -0.90785164
10.071624 10.635452 -1.1490792
20.332745 -6.4216099 -0.85010332
-4.6716852 8.9370813 1.429004
18.306244 -2.6691065 0.57551038
3.9133492 -0.5411287 -0.53454924
21.154301 -11.568564 -0.09472011
-4.4315681 -3.0464535 -0.29928261
18.356314 -5.6605759 0.61668032
18.35277 -2.6882503 -0.075513467
-46.496372 1.0034708 12.78699
2.2924769 -5.2707109 0.42965761
0.36088499 12.070205 2.0707507
-5.0370455 -11.378247 1.9223722
19.179993 -10.67864 1.487533
2.9158473 11.974224 2.1117735
-1.7308977 2.5645332 0.52018988
-2.3643351 -3.9117615 0.098967269
52.779854 24.397263 -1.1483438
-1.8444786 12.145967 1.2337052
-40.644794 4.5761261 11.231455
-0.52782536 -6.9059725 -0.24683759
14.22721 -9.7658253 -0.58196235
3.2892394 -10.486582 0.18343878
-36.370171 3.6316276 10.063676
18.706974 -1.2537487 0.56465232
21.952772 51.345161 0.66245532
5.1802239 -2.4943445 -0.019149784
-0.24070306 -5.1653657 -0.29014567
7.8523936 -1.2070593 -0.72752953
-4.0706673 10.77727 -0.41192797
-4.9923043 -0.16790073 0.053820714
2.2874157 -4.4180479 1.6779113
1.2209389 -3.1695752 -0.35954711
-0.646339 -11.471768 3.4682419
1.1472393 -5.0038133 -0.29992825
28.086485 -5.8958325 -1.2689756
-4.6508994 9.1072216 0.73461902
-4.3992381 -2.5176148 0.81887394
-5.3415532 -9.5156126 2.4897141
20.640985 -11.117598 2.3904467
21.078398 -12.229776 -0.092523754
-5.1797261 -3.8349729 1.3204519
18.931252 -1.1395423 1.2404122
16.494343 29.497429 -1.8481146
20.234932 -10.750896 1.5353155
19.492733 -21.023848 1.9358089
2.2413914 -8.9513893 1.1725403
-5.2062464 -3.6874142 0.44144633
-2.6764965 -0.73664582 -0.36529934
18.527885 -5.2427301 1.9760598
8.0737534 -0.48780203 -0.75346994
12.726306 4.3150883 -0.9934637
-5.3654189 -10.663335 2.7029023
-4.7400312 5.9889503 0.1083883
18.527105 -12.107244 -0.046268318
18.76405 -15.657557 -0.052716572
-5.910789 -4.7311149 1.510747
16.543364 -13.350817 -0.012346413
17.185917 -41.135876 1.3966914
2.3391788 -0.6846962 -0.42520595
-4.3392916 -2.486093 1.0490178
-4.8746819 4.3143616 1.0281312
18.565346 -2.0576577 1.8950481
-5.3208776 -8.2458725 1.9089162
3.6810422 -12.150771 -0.2785061
-4.5541649 11.478604 1.6839459
-4.2099299 -11.425111 1.8894709
-0.80228525 2.153167 -0.033647701
5.9702082 -0.09259437 -0.71299541
33.160954 1.1216698 0.74313951
11.97016 -1.4841669 -0.81344527
16.236361 -1.6792601 -0.62086838
22.803953 -40.456886 3.0405812
-1.2473617 4.5438094 0.16270834
18.532156 -5.8211775 1.9963292
12.81045 -10.72923 -0.53853136
12.086228 -11.050782 -0.51517522
-0.91428721 -6.7022815 0.23573148
30.704075 29.418083 -2.3542655
-5.2124853 -10.876123 3.1614895
18.528437 -5.0525799 1.9698533
18.755426 -6.6612649 -0.76778054
-0.75686109 2.3686225 0.13836962
2.2003314 -8.2957211 2.6696937
-2.6638875 -11.481537 2.2586486
-4.9336534 4.1698494 1.4708596
-5.1318092 3.383446 0.99074441
-3.1797476 0.45590883 0.64881384
18.561541 -2.236897 1.8982688
2.9045467 9.3240595 0.35189793
2.1470368 11.654982 -0.46381912
-0.8565861 -4.1628509 -0.32886052
-4.8592348 -0.086305186 -0.099404283
18.302736 -2.2573779 0.57049173
18.312963 -2.2787809 1.2267623
0.761756 -9.6127424 -0.13049112
19.537329 -21.473217 1.9588207
16.818436 -19.468491 -0.03184858
-2.0592759 -3.8851035 0.10629927
-4.7822595 5.3081803 1.8472468
4.2811627 -2.5022645 -0.51703238
4.3528852 -10.008677 0.17649634
-1.0490766 10.943675 -0.39820787
19.344282 -18.686125 1.8213259
18.303595 -2.457583 1.2292442
-5.1229501 -2.868659 1.8318942
18.568295 -13.075501 -0.047043789
-5.149343 0.034974471 1.245313
19.563683 -10.691973 0.71458226
20.227167 -1.2446616 -0.84567821
-4.5280032 -2.0883636 0.39971116
1.3495777 -11.606595 2.6715188
18.289854 -3.6484675 1.250373
19.777056 -10.685506 0.71702367
-4.5186582 11.382027 1.2407697
18.245808 -6.0969419 1.3047744
0.54639769 -6.8658457 -0.25060785
20.529829 7.1096296 2.8435309
-4.5476222 10.537192 1.585493
18.888636 -6.809267 -0.7759648
-3.482533 7.254158 0.084042117
34.444221 -15.869142 0.98663825
-5.3852882 -11.194906 1.0511323
8.1247396 2.9131072 -0.85293186
6.5892167 5.7653909 -0.88658541
0.75147229 -3.337904 -0.35431549
29.912012 13.307191 -1.6773156
18.992247 -18.278111 -0.061532408
-4.5004025 12.128528 1.7500021
-4.789752 -8.737607 -0.13208865
1.9417045 -3.6513667 -0.35188282
1.3136895 -8.8152084 1.4625484
2.5946929 -6.4107265 -0.27040675
3.0664725 11.560572 0.36635572
13.763902 -10.108083 -0.56745046
4.5389819 6.563416 -0.78770703
18.731693 -6.0850377 -0.063373886
0.37219056 11.107191 3.136905
-4.6585217 -11.318851 3.2088065
0.55179113 -11.590042 2.6544573
22.181231 -43.77422 1.4843558
-4.2533498 8.4296627 2.6983941
-2.0330954 -10.063796 0.21008863
18.239462 -7.0399547 1.3301986
-3.6465185 1.6691673 1.0080266
-5.3654137 -11.390697 1.4965945
1.8728968 11.459994 2.8438549
2.8774004 -0.65750039 -0.44931275
-4.477354 -5.4768634 -0.24962266
18.574038 -13.522657 -0.047329273
-4.6326141 8.4847879 1.3817221
1.9508392 -11.616904 2.2611125
-2.15555 -4.1830521 -0.22396448
17.101212 -43.97876 1.4689604
7.9110303 -12.225458 -0.39248595
34.31892 28.323851 -2.4593029
7.1409597 -2.4837399 -0.66397822
18.837679 -10.968649 0.71097571
-5.0367441 3.3815453 1.1878077
16.248901 -1.8903997 -0.62067562
9.7380772 -11.999833 -0.448533
20.932104 -25.736588 1.04189
-2.6741352 -1.6768966 -0.23264517
1.6171696 3.6924539 -0.2605826
18.35227 -6.045959 0.62237871
34.208031 28.505627 -2.4623532
0.73687255 12.009473 1.637857
4.8848834 -2.8084838 -0.0086152731
18.341846 -5.085351 0.60812235
2.1545513 8.2259445 2.4786544
-5.1197562 -0.47393531 0.98636937
2.6759214 -1.033744 -0.42298272
-1.4458174 -11.442141 3.4771922
14.765377 -26.423199 -0.03737817
-0.53292549 -10.337997 0.20620102
18.735329 -6.2841401 -0.062580548
-0.65365845 -3.0236025 -0.37612265
-5.4041181 -9.4811869 0.95484918
1.8151964 2.6216269 -0.51395506
5.413331 -1.7304294 -0.64687711
-3.8004303 -1.4724454 0.20506863
1.6231048 3.5655453 -0.24582177
-42.100422 3.249748 7.0137873
18.354559 -6.2412009 0.6253674
4.9144769 -2.6661537 -0.0079897251
4.8115311 -4.3334112 -0.49868974
-5.2270417 -11.373971 1.9315901
0.95239222 -9.5434494 -0.1292606
-2.5648887 -0.60038334 0.67028171
17.76659 -34.363209 1.2287271
18.781057 -12.661908 1.544027
-2.7389834 -1.7419308 -0.37918186
19.605686 -22.450377 2.0084074
18.734493 -6.4805732 -0.061741032
4.8344636 -2.8048828 -0.4092032
12.498386 5.713479 -1.0326457
18.536034 -6.4759269 2.0208168
18.353573 -6.4684267 0.62883586
-4.202703 -4.8162122 0.66773945
-2.716372 -1.7502751 -0.053411312
20.946568 -25.890009 2.2200537
-4.2507825 8.4700794 2.7074666
18.23823 -6.4507556 1.3138274
-5.3668914 -11.072162 2.7791917
33.179863 0.91202623 0.74536055
16.276375 3.1691651 -0.09212701
2.5586202 2.6806724 0.49100295
5.1727991 -1.9413018 -0.6182518
18.750519 -6.6891336 -0.061217315
-0.28586313 -11.592711 0.5966484
18.542568 -12.449465 -0.04650332
-1.4586724 -2.3344977 -0.37734348
1.0787455 7.8565612 2.3245401
2.3085518 -5.1899619 -0.1739192
-5.3109217 -10.019827 2.5791037
-5.0508528 -0.24542537 0.051485553
2.2933991 -4.2726593 1.6436327
7.0633421 -2.5995858 -0.65817416
12.535728 5.5160131 -1.0268068
29.315434 13.478127 -1.652137
18.536299 -6.6760244 2.028563
2.2847085 -9.2045555 1.536552
2.1712337 -11.541109 3.1093292
0.54854095 -2.8969796 -0.37160781
-3.5682735 -2.0639026 -0.29390475
-5.1333337 -2.6441271 1.1987498
18.23613 -6.6461382 1.3190508
2.5543177 6.3875241 -0.63884354
-4.4972677 -11.40162 0.19588079
1.8377806 -8.8038616 1.1510465
18.503969 -0.10439791 -0.10069674
18.853676 -13.825214 1.5929217
2.9374976 3.8393576 -0.54892534
-3.267617 12.152668 0.38742962
3.7070277 -10.437692 0.56631625
1.2239698 3.6082165 -0.51065499
-41.995441 2.4509299 6.9963446
1.1437817 -11.422345 0.19118014
-0.74111593 10.967552 -0.39966506
-4.7434306 8.3233643 2.3884068
1.4736629 -7.593719 0.48767045
-3.5695057 -1.8284615 0.11674411
-5.0886207 -0.26939246 1.4113952
1.9386361 -1.4884261 -0.40596619
-5.1947975 -3.1269855 1.2508188
2.5118465 -9.0875463 1.1910644
26.316111 14.136966 -1.5228143
-4.754065 8.7619419 2.1211004
-4.9600596 5.4980283 1.6462189
-0.84843594 -5.1301951 -0.28850725
16.894417 -41.166218 1.3964078
2.2412238 -0.95401943 -0.41873088
-0.73064578 11.989515 1.6360368
-1.5330808 0.54908496 0.37975103
19.467796 -20.482777 1.9092367
5.0768518 -2.012358 -0.60681033
-3.4841142 -6.1536164 -0.24880014
2.727437 11.370522 -0.45505756
-36.521622 5.9790831 8.8069353
3.0398324 -1.7737668 -0.42847574
2.3485508 -9.5169344 2.6433306
1.2316957 -8.7272034 0.51757652
38.535889 6.4413557 -1.9709606
2.4589334 -1.5778773 0.13026267
2.7290561 3.733551 0.32172707
18.969769 -15.04451 1.6476126
18.347305 -7.0923386 0.63851279
1.157366 -8.8667307 1.4665577
-5.6638279 3.3810551 1.5024998
16.315674 -6.4840755 -0.014158648
2.3499384 -9.5948315 2.3026888
-4.9475036 -11.406862 1.0529736
-5.5616126 3.3596666 1.0345331
-4.4367809 -8.6075516 0.21439327
26.187847 -10.491982 -1.1914296
18.766619 45.291805 -1.0895487
5.337667 -2.2996795 -0.2348742
2.3076761 -9.1622744 1.8697443
26.135435 -10.663591 -1.1903782
-3.6266787 11.102121 -0.42546278
2.541244 -1.2882444 -0.41307944
-2.261971 -6.4634047 0.23675965
2.2332585 10.991957 2.7586131
-3.0595238 2.0180485 -0.1446701
-2.3299451 -0.36356658 -0.18056668
-3.025039 -11.408085 3.1111476
13.174938 -10.508663 -0.54955
5.1415358 -7.2661281 -0.44841805
1.6658633 -10.073851 3.1191738
-2.7395802 8.6057949 -0.57536674
-2.414665 -3.6464345 -0.33430278
-4.8663001 3.5154822 1.8060147
13.893673 -10.033737 -0.57186788
1.4271942 -8.7831593 0.51907694
-5.1583118 -4.0351634 1.5693697
3.1466808 -1.6750214 -0.43973401
16.237289 -1.4701622 -0.6219396
-0.05160268 12.035527 2.4996741
1.4916235 -11.616323 1.4145573
1.3886062 -2.561799 -0.38680625
-0.43755406 -11.583006 2.2298224
-5.1020355 0.17880858 1.2351627
16.309532 -7.0893035 -0.012154926
-36.232246 6.0281076 8.7415352
-5.0393643 -11.336887 2.8023233
-1.2997764 11.615705 3.2804458
2.317569 -1.6430115 -0.23754345
-0.25967345 10.969903 -0.40067989
18.923927 -1.25673 1.2415881
-4.7639403 2.3525274 -0.16654216
20.22711 -0.4350293 -0.85193485
4.9152079 -2.2902551 -0.19923821
-5.0724459 -2.6384346 1.7871494
18.565437 -12.899036 -0.046948839
-0.42975515 -11.53689 0.19640358
7.5032563 -6.6057992 -0.56216758
16.064646 -6.9892526 -0.63004035
16.231874 -3.0799828 -0.61732197
-5.3289738 -8.4683647 1.591224
1.5554253 11.96185 -0.051260255
4.7618151 -2.2619898 -0.37670812
6.0421276 1.377665 -0.76324052
1.4618552 -8.7981691 0.83297956
-4.747674 8.1820726 2.361712
16.322563 -7.2815804 -0.011871837
0.5109852 -11.602733 1.8206568
2.1571977 -7.457974 2.4434631
19.021769 49.597778 0.64206064
-5.1126242 -0.30200446 1.2432191
6.5692215 -6.9588623 -0.51691693
16.325727 -7.4370384 -0.01152184
-0.027466021 -11.518956 1.3984234
12.326913 -0.27314839 -0.85031176
0.16174613 -11.521708 0.19467041
3.2654152 3.7780151 -0.57630074
2.7333443 3.9114509 0.32238066
20.752531 -9.7228012 0.71220863
2.8724504 9.3107967 0.011510253
19.164009 -10.802623 0.71180987
0.96410245 -9.3275938 2.886409
1.1478888 12.035619 1.2145422
1.5562489 -7.4337478 0.21932176
-4.8468599 -1.3565247 -0.26827365
7.3786726 -12.244092 -0.3762674
-38.228333 4.6571193 9.1722765
18.258753 -4.4618869 1.2659502
1.7161911 -4.8029618 -0.30312127
-3.143374 -2.5047398 0.38392621
18.372908 -4.0710869 0.59445703
34.470867 -16.263927 0.99366528
-0.49547485 -10.123868 0.20780928
52.815063 24.200491 -1.145619
4.8427029 -2.4733086 -0.39482147
7.9522476 -0.89530832 -0.73828244
1.9456998 9.9823341 -0.71426457
-5.0861225 -4.0658846 2.0219407
2.656966 9.3614941 -0.67348564
-4.5390544 11.772194 2.6109481
-4.7802768 8.1469431 2.0242596
7.5694313 -12.248088 -0.38236099
-2.2306118 -11.480388 2.6676798
34.529449 -16.491583 0.9982751
3.1830781 -2.9494622 -0.40572196
11.385891 -2.8876894 -0.76946366
-1.5420432 -2.0786536 -0.33077654
34.240543 -16.450796 -0.33226487
2.7531693 11.908599 -0.057548314
34.321999 -14.058873 0.95511436
21.473438 -10.430822 3.2770193
23.247232 13.957817 -1.3657384
-1.5662572 2.226007 -0.13609399
-4.0627923 4.8887205 0.14012964
-4.636158 -8.790103 3.0087221
-5.2303061 -9.8436556 0.20290902
2.5342867 1.9235379 1.0332747
20.115685 -26.228207 -0.105177
-4.6643839 9.6863317 2.2657971
-2.2147934 2.6102061 -0.48225805
1.09794 -3.9984529 -0.3391656
18.413864 -1.4888592 1.2197682
-5.4059749 -10.287504 1.8098737
34.215096 -16.74229 0.99870545
19.531534 -10.701389 1.5033609
10.146266 -11.906564 -0.46093702
1.8290639 -10.218534 3.1666489
-4.5821114 8.2707911 2.7022173
5.3549042 -7.3336878 -0.46441534
6.9915767 -2.6906092 -0.65258342
-2.6060736 2.0302386 0.87058461
16.702385 -16.41169 -0.020760866
-1.9130701 4.7456212 0.50490725
21.106859 -10.687342 -0.095279463
18.540527 -3.4414735 1.924058
-2.8251669 -11.47233 1.0173151
19.404743 -1.4052532 -0.10744208
2.9982369 8.1755905 2.5374179
3.6905105 -6.7549906 -0.34122634
2.3581429 -1.6343163 -0.022625906
-5.2273149 -6.4313622 1.356867
18.629908 -14.863054 -0.049422424
-1.7607769 -0.18261072 0.059696134
-4.6962233 -11.404918 2.3442402
34.326321 -15.961525 -0.33502197
-2.6373098 -11.511439 1.4263488
21.10433 -10.899639 -0.094842426
18.932278 45.287029 -1.0910566
-5.2104683 -4.9648423 1.9609345
16.232435 -4.3885384 -0.61967599
-5.3688917 -8.6832924 0.90980011
-4.6462097 8.9514732 0.37981296
-4.5035639 -2.2301583 0.40174922
0.0060647191 11.408302 3.2114432
2.1633792 -11.614782 2.6977932
20.485653 -10.799362 1.5477939
35.743679 13.504365 -1.9863383
4.2924523 -9.9203329 -0.20394984
16.970003 -40.938271 2.9504254
21.151291 -25.727175 1.0433964
1.7925586 3.3728878 -0.26825631
-5.3831067 -11.244633 1.9240811
1.9579407 11.229939 2.7975407
20.479824 -10.810262 0.72769994
-3.6958048 -2.5335963 -0.34734058
3.9519002 -0.4448809 -0.54098809
18.224787 -41.030849 1.3980222
19.724894 -10.684388 1.5110738
2.5570312 2.1205006 0.56127268
2.331888 -10.074541 2.7725079
10.742574 -11.707573 -0.47806278
2.4461989 -1.68538 0.68129134
-2.0403204 -11.469639 3.0784011
2.45906 -8.9528131 1.5098281
-5.4266119 -11.062026 1.9042765
3.5212989 -4.4181552 -0.38884473
3.0152578 -1.8012322 -0.42645586
-5.9538584 -4.8477979 2.0698664
1.9595492 12.018746 2.5296457
-2.4864249 1.7229561 0.36845076
3.7937281 -2.7507229 -0.46760404
-2.6238563 1.923912 0.64435846
2.2279427 -3.3641193 -0.34302399
-2.4483864 -11.481669 0.60353369
-4.5359721 11.551107 1.2534508
9.5757408 -12.002412 -0.44265634
-1.5651965 0.28523475 0.030093966
29.589712 -0.86970419 -1.3712684
18.237083 -6.2543221 1.3085165
-0.50421596 -5.8634391 0.44391206
7.927639 3.5103045 -0.86231583
-3.0698473 -2.1393237 0.53713208
2.6884003 4.6773171 1.4976935
19.154741 -10.568055 -0.058911931
-2.4755216 1.9135723 -0.41804224
21.502148 -11.839718 2.4907649
-3.0779712 -0.62988925 0.78332984
3.1685081 -6.6299033 -0.30915931
-45.153336 0.54950011 9.1463709
18.761602 -7.1050143 -0.77170932
16.148783 -6.8699398 -0.6331147
19.427647 -10.725308 1.4997426
-3.8469129 -11.419743 2.2994895
18.575811 -13.25682 -0.047238134
18.723543 -7.0868921 -0.059178356
-3.0668316 -6.317327 0.71500939
0.60459846 -11.514013 3.0566428
2.6516428 3.1118128 0.319251
-2.633647 12.183137 2.5789559
-37.429131 5.581224 10.392675
20.683296 -11.489452 2.4126122
4.8126493 -2.8657908 -0.20781602
16.222145 3.2124717 -0.091593154
-2.1862147 -4.1766829 0.41075969
20.756447 -10.264212 -0.089486927
21.153759 -11.747466 -0.094469562
-3.0549889 0.50880826 0.34982541
21.15642 -11.846325 -0.0943937
2.2927866 -10.216841 2.0411341
0.34850577 -2.5336661 -0.37573737
-3.644851 -11.40701 3.1500487
19.186199 -10.801561 1.4921049
-0.45020664 -11.584368 0.59693617
-1.6170082 -0.28883079 0.38225421
-2.5099766 -9.5616179 -0.12961318
18.940195 -14.838643 1.6378731
2.4683981 -1.5348822 -0.3088733
17.652861 25.429445 -1.6621146
-0.099950053 11.505442 3.2362165
21.004429 -35.514484 1.2744021
-0.15410885 11.187062 -0.41465291
21.091587 -2.0724099 3.6312926
0.36122006 12.055532 1.6410627
18.526352 -4.239181 1.944664
2.3727703 -1.5468447 -0.23818029
18.847101 -10.722731 1.474908
0.62194568 -11.352304 0.19419536
2.7694831 -0.88257837 -0.43495971
2.5812004 -2.1331673 -0.38545832
32.382469 3.7034476 -0.4298611
18.957035 -10.903695 1.4859856
-3.6149437 -11.058329 3.4941313
1.358713 11.967581 1.211019
-4.6157823 5.077199 -0.33553505
2.4752777 -1.6345507 0.76308858
1.3013043 -11.544482 2.2344916
2.4832201 -1.570165 1.1291912
-0.53489995 -6.0658069 1.3022125
3.6328161 1.5917461 -0.55585212
2.1496108 -10.148133 3.1650136
18.898872 -14.227895 1.6110526
-2.8948023 -2.1331043 0.40209198
1.3432332 12.003979 1.6434317
2.4735146 -1.6345184 0.42905834
-4.8035607 6.7425847 2.09956
-4.4751887 -9.8772564 3.265821
-4.4032798 8.5037174 2.7333252
2.4440274 -1.6413262 1.015403
1.9453152 -4.6946597 -0.30409953
22.427576 -40.409023 1.4022346
0.36215368 -11.622668 1.4085525
48.286987 24.005194 -1.0560663
18.761898 -7.2695289 -0.77317333
-49.674213 2.4634144 11.819376
19.350702 -5.681098 -0.79345679
3.5491383 -2.8651381 -0.44467464
-5.3042006 -8.2480268 2.2589118
19.334118 -12.578956 2.3748915
-2.3618755 -0.76716685 0.41495496
34.323597 -14.246268 0.95818299
-0.45704302 2.4658244 0.21960808
18.758907 -12.266159 1.5279329
2.4094894 12.023354 2.5465178
18.739973 -12.225693 0.73329479
-5.3548012 -9.989357 2.5775001
8.7362881 -5.9273872 -0.62359214
0.94559264 3.7241638 -0.51365697
18.601837 -6.8765702 -0.76137608
-1.6451057 -9.8783331 0.90538794
-5.211297 -3.5793319 1.5188793
5.1346622 6.5449739 -0.8323434
18.536449 -12.290378 -0.046405647
11.949565 -11.131367 -0.51146895
20.66667 -5.7032018 -0.86450422
-3.4827449 -4.7053943 -0.15394667
2.7030265 5.5480785 0.11201725
14.355006 -9.7152691 -0.58697665
-4.7204933 8.3321314 0.05012041
-3.5652475 -1.7076 -0.0095291585
2.7043998 -2.0556664 -0.39730382
5.8235641 -0.74440771 -0.68962127
5.6768117 -4.0094671 -0.56515771
2.8055434 1.1233335 -0.48247555
2.3412783 10.711656 2.7039592
-5.3986821 -11.228024 1.4833937
-3.0208464 -2.3475776 0.0037800975
32.55191 1.9566647 -0.41346455
7.632134 -25.978024 0.037008524
18.556126 -12.675266 -0.046751972
1.6162626 4.6049695 -0.54906082
18.786434 -12.885438 1.5529283
1.3421767 3.5738118 -0.51365834
0.73321444 -2.4201074 -0.38095593
18.545641 -14.044076 -0.047183502
-4.9263487 3.4000561 1.5903448
0.36486089 -11.607168 1.8206227
13.999882 -9.9417257 -0.5748924
-5.2141914 -3.8448098 1.5530162
18.407257 -13.07537 0.74598533
-3.370487 1.6085038 0.58164233
-1.5329818 0.33080634 0.10346203
10.523318 -11.802095 -0.47225857
1.7979256 -1.7119213 -0.4087317
-4.4192877 11.90674 2.6260781
-36.571976 3.5294831 8.7705173
-1.6388701 -11.475839 2.2282596
18.850348 -5.6667223 -0.76649052
47.157635 24.005497 -1.0347706
18.846697 -13.638208 1.5851213
5.4216399 -4.1576171 -0.54771423
-0.92354423 4.7341299 0.15755682
8.2651691 -6.191031 -0.59868193
0.74525076 -5.0343003 -0.2905249
5.345356 -4.2244754 -0.54419088
11.193252 -11.553226 -0.49161172
4.1456666 -9.8857737 0.17941055
-2.8576007 -4.6372418 -0.30616289
18.541353 -13.678943 -0.046850972
2.2981284 -9.4983587 1.2249794
-5.3324094 -10.022139 1.7738798
13.688148 -10.187242 -0.56565523
1.6198975 11.716804 2.890399
18.867256 -7.4131479 -0.77999753
-0.52293009 -5.9047737 0.65122128
-4.6778436 8.1439447 2.6859765
1.8643059 -1.6197679 -0.40845388
29.848074 0.41594446 -1.3979067
16.240088 -2.4673293 -0.61846906
2.3140037 -9.484333 1.5732985
13.546089 -10.249645 -0.56052637
34.34042 -14.83215 0.96800995
-5.1961217 -3.524147 0.86013806
3.0503409 9.0909204 0.3508597
16.323481 -41.05616 2.9463372
-1.5082207 -0.24467005 0.48799938
13.310232 -10.417543 -0.55355418
1.1416121 12.030176 2.5105453
18.465038 -13.829746 0.76149952
-5.1710558 -2.8482816 0.4247531
8.1188612 -0.27895492 -0.7600776
21.098698 -2.1746871 3.6350138
2.4534631 -0.20098792 -0.43978509
18.564444 -14.194062 -0.04763063
7.9741912 -6.3443546 -0.58389068
2.6595378 4.0300622 -0.54685479
3.4107728 7.8281012 2.4982693
1.4699895 -2.5537748 -0.39596209
-5.2138696 -9.9859495 2.9668965
5.8864312 -0.48850372 -0.69834208
12.164207 -0.89537472 -0.83189118
16.272188 -1.3917731 -0.042738583
14.51718 -9.6321039 -0.59302986
18.583778 -14.45776 -0.048205409
15.485074 -26.231226 -0.044899631
16.27169 4.5886784 -0.71350366
-3.0561948 12.195576 1.7038209
1.5525799 -11.61917 2.2519391
26.382729 34.960587 -2.46224
-5.0301509 0.94622552 1.230865
1.274559 -9.4086084 1.2006779
0.0047262893 12.025844 2.0631704
1.5725105 -11.650112 1.0080732
-5.2568092 -7.4888277 2.4465327
2.0970657 -3.6203558 -0.36155689
-0.44070509 -11.581763 1.8177698
-3.998879 -11.403751 3.1747351
3.7428236 -4.4306035 -0.40852487
1.1518869 -9.2796059 2.8796608
1.2302047 -9.4157152 1.2008781
2.8544595 1.021135 -0.48432037
2.0964789 -10.209941 3.1787031
0.13076589 -3.0031416 -0.37393701
-3.1806388 -1.0462914 -0.40237749
1.2287688 -9.5485907 0.20531029
-5.1958036 -2.6680727 0.81222636
34.578056 27.90132 -2.4524662
-3.0657492 9.9745789 2.9552433
-5.0399313 0.59484339 1.574582
1.2907108 -9.8543777 1.5982053
-3.0508165 12.171062 1.257709
1.5096962 -11.593608 1.8298028
17.769775 -40.84914 2.9594152
-0.39197159 -11.598968 1.0032682
-4.0692596 -11.423579 1.8833125
11.277719 -3.0555542 -0.76191372
-5.2571154 -6.9997978 2.3486524
-5.1655455 -2.7432492 1.0128556
-3.2861538 -0.73578268 -0.40820295
1.181308 -9.846529 0.20326628
34.465374 28.080885 -2.4552257
-7.0955849 7.9210124 1.8778183
1.3627689 -11.612354 1.8301148
12.639959 1.2265728 -0.89855695
-7.0622845 7.9549723 1.5071108
1.3582416 -11.633397 1.4149442
1.3578521 -11.631801 1.0059457
1.3739108 -11.639773 0.59496522
-2.6339369 1.5894022 0.18007427
19.050428 -19.406527 -0.065364346
-5.2563491 -5.8915305 1.5765116
1.3496571 -11.579206 3.0882902
-4.5190749 4.3706079 -0.48957232
1.386109 -11.620693 2.2487969
1.130396 -9.8633728 1.2428356
0.34881309 -5.1150889 -0.29067373
9.3625231 -12.040128 -0.43610793
1.1349971 -10.332729 0.19973531
-2.1491237 -3.7850742 -0.33280379
34.34557 -15.221931 0.97454298
1.1974487 -11.526801 2.229739
-4.4186611 -11.342031 3.1937187
-4.2057114 -2.6393478 0.5694387
1.2237263 -11.47252 3.0592854
1.1595256 -11.57741 2.6613805
-1.449214 -0.38139942 0.35700336
1.1567922 -11.599296 1.8257233
-2.8492038 -9.885952 0.56411791
1.1548963 -11.61478 1.4114596
2.4612458 2.8920002 1.0154914
17.639189 -32.85569 1.19072
1.1893578 -11.624765 1.0048552
-1.5462989 0.34548032 0.034000535
1.3487997 -9.0644875 0.52652246
1.1556344 -11.545951 2.654875
3.3415604 -6.6788268 -0.32009521
1.1199173 -11.56988 2.2356653
0.86422074 -9.3644505 2.893528
-5.2438512 -6.6880774 1.9845768
-0.99522293 -6.6715894 0.0020671498
0.96006805 -10.914788 2.9193161
-4.1759629 -2.6655571 0.40410194
2.4769261 0.31190157 -0.45492718
22.828054 -42.652679 3.16274
1.0849618 -11.524273 0.99832308
-2.0559387 0.19283499 -0.11932057
0.95253474 -11.4081 0.19224264
53.416801 22.874271 -1.1345906
1.0325853 -11.547847 0.99961901
1.5372726 -3.8289444 -0.34341165
-3.8660314 -10.403914 0.20471588
0.6996811 -8.6004887 0.51450551
-4.639483 -11.393273 0.19545983
0.93361062 -11.636532 1.4120641
-2.2380383 -11.430757 3.0771379
-5.3739209 -8.941988 0.92414743
-4.5583949 9.014843 -0.3166177
-4.3720565 -2.4721875 -0.26010123
0.94321626 -11.620608 0.59483564
-3.9756787 -4.4683828 0.03665825
-2.2335601 -11.494333 2.2467277
18.406317 -13.250226 0.74940342
-5.3363466 -9.651412 2.5139551
-1.7286866 3.597841 -0.49852315
18.325563 -40.23774 1.3784018
-0.052925918 -3.0317674 -0.3754971
0.34298286 -6.9160256 -0.25206825
2.3358786 -10.675731 2.5167818
-5.434411 -10.837802 1.4501978
0.75749099 -11.619003 0.59504098
-1.5088381 -9.923234 0.55685061
1.1964363 -7.4381094 0.22172593
0.55188447 -9.6643057 -0.13102795
0.75169367 -11.605124 2.2367036
0.76744801 -11.621448 1.8248035
-2.1117845 12.122047 -0.044974089
0.74778813 -11.63905 1.4113352
2.4763873 2.1220324 0.67808038
2.3992674 -0.4857547 -0.43179619
0.5529809 -9.2318716 2.8491924
3.4859009 3.6419225 -0.58461338
-5.3264155 -8.5534372 1.9541551
0.71011043 -11.484554 3.051172
-0.56816912 9.8005276 -0.32656553
0.69139695 -11.441692 3.4644461
0.6764828 -11.545163 2.6467254
-5.3135395 -7.8654799 1.5213463
0.67283404 -11.563577 1.8164487
0.63902116 -11.533375 2.6438544
2.9396307 9.0919571 -0.32105708
-3.2297654 -0.88738757 -0.40343297
-2.1749032 -4.5180006 0.25043604
0.59538972 -11.506536 1.8084065
20.68911 45.053608 -1.1028204
-4.1220527 -10.036173 3.2702265
0.51874375 -11.27352 3.4148288
-3.0157974 -6.4213843 0.71978366
-4.88834 -1.4260665 -0.27477938
1.3781929 -8.7315674 0.82834518
-5.1888862 -3.4707479 1.501919
0.54298919 -11.599889 0.59487635
0.68287843 9.9955759 -0.69456857
-1.030651 -11.477417 3.4761906
1.9333143 -8.8098974 1.1533161
-4.3382859 -4.8537669 0.23457113
0.54001427 -11.46231 0.19367266
0.5746755 -11.56734 0.99998665
26.941914 31.902615 -2.3261881
-5.9756103 -5.0819707 2.1115756
2.7287555 4.074862 0.32295519
2.2938337 -9.4961109 0.8826412
0.14849727 -6.9419589 -0.25226226
0.5322355 -11.59412 2.2328124
-5.3829575 -9.2991982 0.57252657
-4.8984637 -2.1598923 -0.30088484
-46.762512 1.1381266 9.4604349
-2.1733975 -4.480247 -0.086942166
0.5203526 -11.521848 1.3991528
-2.9489939 7.6195159 2.3690825
-5.1348801 -0.99146414 1.4506334
0.51660162 -11.558397 3.066143
-1.0869849 -11.42348 2.6256406
0.37405732 -11.554626 3.0637145
-0.42217934 -9.6735611 -0.12682126
30.259012 1.568476 -1.4342543
-5.3440752 -9.9592838 0.58847952
0.36908579 -11.594225 2.6536825
-4.9237585 3.4056408 1.1749321
0.36793318 -11.599845 2.2327003
0.35873938 -11.621522 1.0032778
0.35479102 -11.612208 0.59556472
0.18808287 11.910851 0.36950031
-2.3346062 1.9034084 0.029606108
-36.353539 6.647162 10.1412
-1.5184833 -2.7734687 -0.37528667
19.550697 -21.623608 1.9665017
-3.8195431 -1.6195583 0.64991921
-0.046338037 -5.1480517 -0.28931305
18.55522 -2.451185 1.9021671
0.15351833 -9.6138983 -0.12635164
26.729185 13.338583 -1.516296
0.35196748 -11.551127 3.0626211
-2.7390647 -2.5695169 -0.2388947
52.53178 20.001604 -1.0699589
-3.3071084 8.3947668 -0.56935996
-0.048707142 -6.947494 -0.25133666
0.1684472 -11.545511 3.059958
3.956109 -9.8306255 0.18167628
0.16665649 -11.588487 2.651324
0.16467579 -11.5947 2.2309811
-0.23821478 -11.583523 2.2290857
0.15899059 -11.624121 1.4084995
-48.473724 2.6312699 11.539386
19.430128 -20.241362 1.8965714
8.1497679 -6.2485828 -0.59259844
-0.26126093 -11.610194 1.4077344
-2.6401203 -11.500996 0.60524392
-3.8005078 -0.75846672 -0.39393994
0.15522046 -11.613278 1.0028933
-0.25801525 -11.589539 1.8180702
-2.7657349 1.5950681 0.15726475
5.9639125 -7.1491313 -0.48937455
-2.6550264 -11.460716 0.19915909
-4.1571321 -10.022601 3.2701957
2.4430668 1.4314777 1.0726007
-0.24981746 -2.6281967 -0.37881273
-3.1604292 -0.5187934 0.7606926
-4.3230419 7.9876742 -0.56499034
-0.25194183 -3.491307 -0.35031024
-0.037789661 -11.535075 0.19524887
0.058752425 -11.552985 3.0612531
0.018592848 -11.589595 2.2298493
0.033733811 -11.599623 1.8189857
0.95002407 2.4747877 -0.47485983
-2.1428878 -4.4254928 0.083950274
-0.25049943 -4.1940513 -0.32855898
-0.027522003 -11.600373 1.0023674
0.0055434252 -11.599717 0.59603047
0.54733586 -11.611647 1.002713
-0.41310143 -6.000783 -0.17637099
10.492357 10.116454 -1.1395152
-0.054093223 -11.528476 2.6385214
2.095171 -1.2556385 -0.41276667
-0.078510717 -11.490278 1.804547
-0.060596976 -11.607742 1.4070485
-0.10582881 -11.541738 0.59477079
-5.2265148 -5.6524105 2.0864449
-0.24077269 -9.6506729 -0.12630349
7.5275812 -1.8835722 -0.69645047
-0.25571319 -11.537231 0.19591041
32.327862 4.0953445 -0.43342733
-0.92658752 -6.6410675 0.46646237
-0.23018439 -11.504789 3.4743669
-0.2333684 -11.540505 3.058167
-0.1784506 -11.567699 1.4033904
0.55774343 -8.9460993 2.7701073
18.25799 -4.898222 1.2757744
-0.18173417 -11.559607 1.0001832
-0.70601684 -9.2326736 -0.10749387
-3.0885596 -8.8230333 2.8558648
-0.19907796 -11.562627 0.59558916
29.776407 -0.056959726 -1.3890734
-0.26447096 -11.594717 1.0025918
-2.6528966 -11.48476 1.0156749
-0.2962485 -6.0774364 -0.1825224
-2.9758332 7.8127484 2.4183109
-2.8352995 -11.47782 2.6918728
-45.712486 0.83541769 12.575668
-5.8156605 -2.0475729 1.8993514
-0.42807338 -11.498887 3.4736838
11.751772 -2.091413 -0.79553372
-0.43562877 -11.577608 2.6496761
-5.2214131 -7.2338638 2.0739229
-0.50081271 -11.51567 0.99852175
-0.44348916 -4.1880651 -0.32772344
-0.46136248 -4.1837983 -0.32717907
-0.46790338 -5.1646028 -0.28988171
-0.42616642 -5.9791484 -0.17466427
-0.6334424 -11.531296 3.0585773
-2.0765114 2.9023085 0.44019294
-1.2545528 -2.4323335 -0.37781072
-0.65101069 -11.567805 2.2287371
-5.8280463 -2.2447076 1.7028133
16.211836 3.1811464 -0.67924392
-0.23739067 12.039885 -0.045710996
34.25634 -16.591578 -0.33225974
-0.45473507 -3.4856567 -0.3497
-0.60097796 -11.541527 0.19680396
-0.57694137 -10.333344 0.56385189
-4.0586734 -10.467767 3.3768277
-0.50121558 -5.9542632 0.24094662
-3.0326338 -2.1006801 0.49462318
3.3632386 -10.331143 -0.19889118
-0.51245391 -5.9994411 1.508221
0.15163973 10.942137 -0.40055764
-0.64890373 -6.9154158 -0.2477452
-3.4056156 -4.8293557 0.44049454
21.948605 -42.942661 3.1601217
-4.1002431 -3.5023029 -0.29950348
-0.83151823 -11.485684 3.0500929
-0.74776655 -11.559316 2.2281563
-0.75150281 -11.575276 1.8189232
18.278608 -3.6565268 0.58765972
-4.4278278 -2.0228522 0.55810487
-3.5526249 -0.21850803 0.12607779
-0.6039536 -5.9970574 1.508912
12.548285 0.71342146 -0.88174754
0.15234064 12.07602 2.0708373
-0.57093853 -6.0113654 1.2934477
-0.73163891 -9.1663761 -0.1046356
-0.64494693 -5.8080993 1.0541029
-44.148643 1.8863825 7.3442121
-0.65091515 -5.8707266 0.85391271
-0.64598 -5.1415062 -0.28802192
0.50418562 -11.593141 3.5033233
-1.0359156 -11.510971 3.0595596
-2.4479239 5.5151238 0.54616284
-0.64336962 -5.7650743 1.04835
-0.77890384 -6.9066739 -0.24740559
-0.96272737 -9.1465626 -0.10388752
15.36671 -26.319368 -0.043950718
-1.2285552 -11.473186 3.47966
-1.2346691 -11.511126 3.0637045
-0.74032503 -5.8919582 0.03599418
-1.8268409 -4.6722674 0.42014396
1.7323455 12.013794 1.2182598
-0.74548101 -5.8492255 -0.16516118
2.6986403 3.5327356 0.3208358
-5.3710122 -9.4484091 0.20450293
-0.76493275 -5.9553399 0.24142051
22.577272 -40.493473 3.0374484
-5.0289779 -11.355027 1.4807427
-1.8972653 2.076998 -0.10458802
-0.77507019 -5.9309945 1.0719228
8.2601366 2.272368 -0.83966005
-2.0146608 2.7680075 0.1406821
-4.1189723 -2.4631584 -0.23391795
-4.6660981 3.2663083 -0.40209055
-0.78548408 -5.9233303 0.86028445
-5.3868084 -8.4459763 3.0239096
-0.80587554 -5.9219689 0.65412831
-0.78173023 -5.9569025 0.44753149
-0.82257956 -5.9833193 0.4484196
-1.4362351 -11.497269 3.0653217
-2.3725367 -0.80317187 -0.19622149
-1.4464574 -11.393531 2.6267998
-4.8012891 7.7453213 1.9625447
11.578101 -2.4871414 -0.78263718
-5.1317267 -3.0850854 1.8663636
-0.8441152 -6.0403657 0.87222278
10.471048 -4.2255025 -0.7124694
-0.91689944 -6.4892979 1.1477163
-1.1554074 -3.3868468 -0.35090408
0.3152425 2.6261437 -0.45671636
-2.8431582 -11.365429 3.5214708
2.5329452 2.1290152 1.1158817
22.579361 -40.398106 1.4027816
-0.93209499 -6.5216947 0.91967535
-2.2526069 -3.7390294 -0.33407894
-1.0050553 -6.6712594 -0.23033328
-2.9919777 4.7086735 -0.22733465
-0.98633188 -6.6806183 0.23598197
-0.97421902 -6.5422087 1.1556066
-4.5099978 -1.9371072 -0.087975405
-0.98766208 -6.5557623 0.92363977
-3.6375487 -11.439351 2.2923739
-5.1020141 -7.6936893 -0.10171954
-3.9617615 12.162291 2.6416974
-1.6361738 -11.452346 3.0602963
-0.64019847 -2.6024559 -0.37834379
-5.3141723 -8.4737797 2.2998405
27.511724 38.268234 -2.6744311
-1.3752489 -9.6875973 0.2127728
-1.0340487 -6.6085901 1.1653612
-5.1212821 -3.4905369 1.9288759
-1.4731481 -9.7395658 -0.13048382
-37.798794 4.1260242 9.0638494
-1.2543286 -6.8445487 -0.24578935
-4.8451071 5.1359921 2.0809515
-2.3367178 -0.80434489 0.19499677
33.035191 2.6391046 0.72788495
-1.448507 2.2899249 -0.27397576
-4.789681 7.2860785 1.889524
-0.030950796 -11.465232 3.4633536
-1.6055342 -11.372204 0.19977888
-1.1123731 -6.8517184 -0.24507114
15.983859 -7.0756888 -0.62683713
-1.6854782 -11.43128 0.19937919
-1.7021099 -11.521883 1.8244358
-2.7718937 -11.469554 0.19900204
2.3924224 -1.5205141 -0.40398088
-1.8401076 -11.553536 1.4162915
2.5399373 2.3361137 0.54815155
-1.6909477 2.578661 -0.19767095
-1.7860862 -11.503207 0.1988849
2.5951307 2.4133079 1.244076
26.564133 32.899345 -2.3626485
-6.3922119 7.1501446 1.7184796
-1.861704 -11.492453 2.6579611
0.15160963 -11.606389 0.59585327
-2.055582 -9.7461271 -0.13375624
-1.8495129 3.0552108 0.38477448
-1.6491134 -9.8901281 0.55669683
-2.1952863 2.6260777 -0.48275372
34.401276 -15.441787 0.97891504
-5.1673598 -3.6676118 1.7434685
-1.8518085 -11.454619 3.4949872
-1.2522333 -4.0852714 -0.32827297
-4.3433194 11.112313 0.80390787
-5.4561248 -10.19056 3.0370612
-4.1277552 6.9741216 -0.46880171
-1.0527232 -5.1223264 -0.29036736
-2.0490797 2.1558945 0.16949481
-5.4379845 -11.170633 1.051048
-1.8234518 -10.963078 0.20310964
-2.0367005 -11.523353 1.8313156
-2.042695 -11.545014 1.4186078
-5.4245548 -10.485826 1.4187609
-1.7709318 -9.9642353 0.55932248
-2.0996065 -11.536001 1.0119545
5.3251271 -1.8484732 -0.63773638
-2.0546305 -10.908006 0.58599263
18.295061 -2.8684084 1.2359154
26.222967 -10.361772 -1.1920224
-1.4115591 -6.7973113 -0.24382377
0.09188398 5.1498771 -0.58009779
4.0462904 -0.19614103 -0.55862367
-2.2445843 -11.527916 1.4204043
-3.3295698 -11.369116 1.4288869
18.534525 -6.2791443 2.0132515
-2.2466424 -11.524911 1.0129706
-2.6700773 -9.9024363 0.56328136
-0.8144291 -2.9999058 -0.37617713
-1.8591546 11.152639 3.1812706
-1.0526068 -4.133677 -0.32914621
-2.0530438 4.7165213 -0.55079854
-2.5416789 1.6132307 0.17028889
-2.2788336 -11.454861 0.1993669
-5.2972503 -9.6526518 2.1149163
2.1262019 -11.634666 2.2688985
18.908079 -14.419808 1.6192846
-2.2152958 -11.31378 3.4723725
4.1427898 0.31387454 -0.58456796
-2.4990966 1.7446914 0.52527457
-2.1612227 -10.913364 0.586748
2.5377786 -4.4081221 -0.31298929
-1.2487556 -5.1070695 -0.29222685
3.7842999 -6.796 -0.34839028
-2.3096573 -11.445429 0.60173637
-0.73719758 -2.5838354 -0.37743953
-2.426801 -11.440926 3.0879083
-2.4389296 -11.492177 2.6778939
-2.4496026 -11.444191 2.2451754
-5.3671141 -10.16701 1.3883772
-2.4809966 6.0502925 -0.55476201
-2.4454551 -11.49271 1.4207488
-3.1783948 -0.33575055 -0.37199801
-2.3747303 -4.4164886 0.58923244
-5.3941445 -10.135697 0.59341168
21.021473 44.890179 0.62270862
-2.6046894 1.9991606 0.86674851
-2.4477654 -11.491654 1.0133985
-5.3872819 -10.124928 0.99042839
-2.6455321 1.8958656 0.22150497
-2.4706836 -11.477353 0.19913739
-47.812531 2.0618479 9.6645107
33.254383 -2.2830553 -0.38658464
-3.6033392 -1.2833115 -0.38127172
-1.6431248 -6.7366114 -0.24226336
-3.62186 -11.449334 1.8688339
-2.2470853 -9.6691151 -0.13189429
-2.6307578 -11.491697 1.841877
18.254009 -4.990602 1.2777358
-2.8396823 -11.48206 1.8466555
-3.381145 -1.8220048 -0.38253984
16.111656 0.17078012 -0.62775612
-2.8464355 -11.501357 1.429853
-1.8530616 -11.530201 1.8284094
-2.8120985 -11.493629 0.60616338
-0.77371377 -11.596249 1.4088861
-4.1608739 -1.8050532 -0.35814244
54.066597 19.227964 -1.0877658
-2.4081447 -9.5965195 -0.1301633
-2.8439088 -11.440566 3.1086872
1.7416432 6.5308843 -0.61956954
-4.4108009 7.913662 -0.56175745
-4.6560521 -11.231305 0.19649446
16.166199 1.6189313 -0.64931715
-3.5173633 -1.828601 -0.0097906059
-3.4713113 12.1708 2.6156623
7.596056 -1.6808789 -0.70139039
-2.8555183 -11.476089 2.2647836
0.13292278 11.972549 0.78956127
-2.5236323 -9.8453035 0.91427261
-1.0521789 -2.9442055 -0.37573138
-2.8509855 -6.3904581 -0.24377708
0.15019865 -3.4480448 -0.34828621
-2.9810412 -11.473088 0.19876124
16.210436 1.6795911 -0.072231688
-3.0364547 -11.445103 2.6948471
32.716854 0.51380742 -0.40169525
-4.8166571 6.1903262 0.10293588
-3.0213375 -11.451257 1.8482549
-3.0463929 -11.466345 1.4310919
8.2418623 2.3799911 -0.8420071
-2.4895759 -9.4178143 0.54927981
-2.765713 -1.8138686 -0.39306155
2.6371841 4.6957564 1.6964557
-0.80834228 12.043258 2.9381526
18.369795 -12.116813 0.72704589
-2.7072048 -9.9704494 0.21030419
2.4633341 2.1422684 0.9244889
2.3614411 -10.073318 2.3980887
-2.9522262 -9.3046532 0.21479133
-5.1676092 -1.8823833 0.77357548
-3.0611529 -11.332775 3.5267441
-3.1090293 -11.344211 1.8372656
0.76282001 -11.638933 1.0046449
-3.5211267 -9.6897602 2.7454522
-1.3992308 2.508903 -0.46785963
-4.7648721 7.5149016 1.6059253
-5.3684649 -8.7457399 1.26565
-2.9649794 -10.658447 0.20484266
2.4845362 -2.2197101 -0.37969729
18.303837 -2.4676311 0.57302505
-4.3759465 -2.4594719 0.99092436
1.4785316 6.623559 -0.62180835
-41.911068 3.2664025 11.553102
18.531834 -4.675653 1.9581887
2.4374046 -0.30248603 -0.43692276
-3.233722 -11.466238 2.7090042
18.538708 -1.4788569 0.56479633
-3.2337246 -11.462296 2.2777917
-2.6569788 -9.2196388 0.87850326
1.3437918 10.065423 -0.71061635
2.3765306 -9.4579773 2.2769115
18.394411 -12.89249 0.74227476
-5.2909012 -10.098356 2.5917554
6.9620876 -12.254629 -0.36397085
-3.1998672 -11.280057 3.5221086
-3.0290043 -10.480653 2.8943527
2.3361096 -9.8976679 2.7314146
-3.2578321 -11.470995 1.8585761
19.006908 -4.4764485 -0.077149168
1.1514149 -2.6750059 -0.37985188
-5.2216053 -5.2820153 2.0186036
-0.33180174 11.999788 -0.044326544
-2.9926372 -10.418908 0.20656997
-2.8150532 -9.4457531 -0.12787579
-1.2565387 -3.3607738 -0.3513962
2.8750513 2.4463806 -0.51795846
-1.5921257 -4.9038725 -0.27844205
-3.4254131 -11.460502 2.7181056
0.86120611 10.473907 -0.37598705
-3.4272261 -11.460437 2.2859993
-2.8007669 -9.2336035 0.88170177
33.964725 -2.2232695 -0.40181136
19.273634 -6.1947961 -0.79213518
-3.5184402 -2.8638923 -0.35539511
-5.1698089 -3.0671933 1.4512829
18.238958 -7.4117756 1.3408813
-1.4528275 -4.0417461 -0.32971108
-5.0078411 0.95065647 1.4003334
-3.3577771 -11.36511 3.5563686
-3.4497635 -11.457326 1.4402889
32.268425 4.3541107 -1.5873286
-4.7243676 2.4213829 -0.16711791
-4.4683924 -8.6420898 -0.12181552
1.1998867 -3.9681132 -0.34064496
-3.4196765 -11.24918 3.5298822
-2.6561947 1.8222135 0.78974468
-3.4893999 -11.418781 3.1422899
-2.9340186 -9.3515186 0.21448736
-2.9057667 1.7017257 0.0043931594
-4.5869026 -2.9255087 -0.30708632
-3.6352987 -11.434382 2.7248313
-2.0925281 -6.1945562 0.46186411
0.75304604 12.004901 2.9318824
-3.6793327 12.176371 0.39057282
-3.2171497 1.5700438 0.40050745
-3.3388236 -10.394897 0.20610444
2.5185134 2.6704197 1.1322162
-5.2402959 -5.705606 1.5506456
-3.415143 -10.403287 0.20587726
-3.8351288 -11.391578 3.1598971
-3.8315451 -11.420963 1.4474421
-2.6315536 -2.0442648 -0.39972848
38.95821 22.560896 -0.85572249
-5.1040015 -0.67088681 1.4279317
-2.184834 -6.1866126 0.46238157
0.35862097 9.8665066 0.35471228
-1.250927 -2.8754618 -0.37413222
-3.4301193 -11.462813 1.8635352
1.8485088 -11.450236 2.6538062
19.055027 -5.2933936 -0.073634818
-2.2694387 -6.3440113 0.23759349
27.643013 30.822395 -2.2991064
-3.6895988 -10.936603 3.4678192
16.244068 -2.283936 -0.61911982
-4.8995519 -2.2674792 -0.30561104
-1.7085129 -4.5831122 -0.24754061
0.15392004 12.064307 1.2131729
-5.0543132 1.2522255 1.2457765
-5.1910996 -6.4471769 2.5303838
5.4628725 -2.2584083 -0.45802248
1.4870176 -11.637384 0.59484214
-3.9151978 -11.316434 1.8633969
52.351906 20.1227 -1.0683979
0.13069639 11.975034 1.6315188
-3.1397531 8.4675055 -0.57173496
-5.1066046 -0.87506914 1.4379913
-4.0417738 -11.454745 1.4568037
-5.0215945 1.1454109 0.98746175
-2.2604644 -6.1537809 0.46213931
-0.4443309 -11.610239 1.4084171
-5.2064481 -7.5425048 2.7835577
4.951376 -4.3275218 -0.51185405
-1.5996933 -4.0013146 -0.33052614
2.9489872 2.3769779 -0.52075052
-1.6989443 -4.2947497 -0.21643628
-1.730839 -4.5033073 -0.076201744
20.769714 -25.908592 2.2156875
-4.0527334 -11.439769 2.7514489
-4.0506063 -11.433741 2.3122587
-1.4517285 -3.3022778 -0.35248056
-5.2906461 -7.8588486 2.189306
-1.7620822 -4.4798269 -0.075247385
-1.8253006 -4.4811378 0.41518685
2.2137651 -4.5568151 -0.30604294
19.015085 -4.2896967 -0.078419305
-1.7443515 -4.3147283 -0.062705629
-2.4178159 -0.56285572 0.56738693
18.730911 -6.820508 -0.76772583
-4.2350955 -11.335585 3.1773801
-3.9810288 -0.084002048 0.16484854
-1.8485423 -4.2665601 -0.21916892
-2.0286856 0.17889866 0.44166341
16.292513 -4.4012046 -0.02267945
-4.0386829 -10.384818 0.97348088
-41.01012 3.3086898 8.324914
-3.4198382 -2.3214912 0.11380417
-5.4149127 -9.8459425 1.3623958
-4.7506618 11.450257 2.5708132
-1.3168496 2.0631895 -0.28805596
-4.4519992 -11.424804 2.7753932
7.63516 4.1920667 -0.87208921
-1.8829113 4.798543 -0.022340041
-49.359642 1.8205702 11.746105
-4.4511356 -11.415483 1.8989285
-4.5769191 -2.5874097 0.75929081
-1.8668582 -4.2367544 0.40925878
-2.4475343 -6.0417867 0.015262301
-3.4601865 -8.5216007 2.8103664
-4.6564927 -11.414866 2.7881198
-3.4955199 -1.8819997 -0.21194544
-4.2638855 12.247581 1.295175
-1.8497348 -3.9124656 -0.33130291
2.6645586 1.8681496 0.55853719
18.233019 -7.2414246 1.3356681
-3.5949707 -1.6811185 0.11777574
-3.8368938 12.230459 1.734067
-5.359334 -11.194179 2.8013802
-3.7450602 -8.9800739 -0.12166885
-3.8555756 -8.9430704 -0.12204845
-2.2238152 12.088147 2.9860785
-2.1185448 2.8040695 0.73662788
-5.4234791 -10.480603 1.0114548
-1.7664633 -9.8455257 0.90464151
-4.1283536 -2.5036795 0.028801663
-2.7814796 -0.34058928 -0.37429497
-4.8264112 -11.418084 1.4791659
-1.6056272 0.095658034 -2.068912e-06
-1.4492776 -5.0645823 -0.2921226
-4.7768388 -11.410061 2.7960656
-2.1832204 2.8170171 0.67884022
-4.8578515 -11.400882 2.3535306
-2.5145087 5.3065896 -0.26299423
-4.8591785 -11.399511 1.9161565
-0.45153433 12.112463 2.5150523
-1.6540334 -3.2291079 -0.35391584
-2.0479734 -4.2427053 -0.2252164
-3.9646955 5.033267 -0.51600975
-5.1706495 -2.4773934 0.9955259
16.286148 6.1422534 -0.75501555
0.62221014 12.0341 2.9362879
-2.3157849 -2.1237669 -0.043292113
-2.0529344 -4.214076 0.41040432
-1.4930977 1.9927355 -0.35131407
-4.4236288 -10.012907 2.8947794
-4.801466 6.9535117 2.1376579
-4.3987813 -10.001703 3.2896562
-4.2785673 -8.661375 0.21479979
-4.9144711 -11.338719 2.7929025
-2.1704741 -4.6153026 -0.26902264
-4.9786181 -11.343526 2.3521485
-5.1805091 -3.4662392 1.0689049
-3.9863086 -8.9042311 -0.12276436
5.2744341 3.1280279 -0.76413071
2.7244451 5.5822906 0.99458241
-5.1368713 -2.5258365 1.5854551
9.8417721 -11.969338 -0.45142871
-2.1106801 -0.67933607 0.062084105
2.5101447 2.3384497 0.95358223
-35.544163 6.2625217 9.9112568
-1.849777 -11.525971 2.2415359
-5.0682478 -11.405546 2.8175681
1.1970215 -9.6369467 0.20480518
-2.3159215 -4.8370962 -0.29840299
10.261658 10.44076 -1.1472822
0.30902916 12.02145 -0.047045853
-5.0816073 -11.388521 2.3657866
2.1511886 6.4641523 -0.62851143
-5.0585632 -8.2418747 -0.12005906
-5.2319589 -11.389218 2.3757677
-2.8477645 12.168848 2.1355159
-5.2403221 -11.400222 1.492682
-5.1087308 -1.5324799 1.4814558
-5.2333775 -11.294702 2.8098788
23.281345 14.134212 -1.3739195
-5.127378 -2.6416593 0.80541164
-4.5085063 -9.7002392 3.2241085
17.487968 45.389503 -1.0798113
10.566598 -4.0871892 -0.71761286
-5.1179242 -11.039325 3.1882956
32.749847 2.929703 0.72145915
-2.3282204 -1.8804309 0.35803673
0.83617651 3.0097585 -0.48274747
-5.2792916 -11.401761 2.8337483
-5.2023773 -3.6839893 0.87037307
18.639433 -1.5266513 1.8916216
6.3669453 -12.281164 -0.3476882
-4.620079 -9.598856 3.2108362
-5.301897 -11.161072 2.790381
-2.2091906 -1.803336 -0.38923103
0.62005556 -11.544178 2.2251606
-3.1293581 -6.2976046 -0.24606146
-5.2698345 -6.6352262 1.0866724
-4.9007301 -2.0271735 -0.12050592
12.263577 6.4801693 -1.0502713
-5.3813548 -11.197275 2.3561888
-3.7309227 11.192036 -0.43220937
-3.530524 -1.5414492 -0.38539153
34.350769 -16.37011 -0.33454069
-2.1727755 -4.1861172 -0.22510248
-4.8484783 -9.9934654 2.9310539
-2.4882617 6.0107679 -0.55008572
-1.3560641 -2.387274 -0.37755734
2.645381 5.5800681 0.99006987
-3.2466686 -6.2502022 -0.24680877
-5.364645 -10.886847 2.7444139
-5.4398212 -11.041723 1.4684671
-5.6026611 -10.006259 3.013572
2.2926819 9.455039 2.7918463
0.57049197 -11.558017 0.59370589
-2.3329241 -4.4225292 0.58851928
0.8705644 -8.6502705 0.51567888
-5.3929033 -10.903856 2.3119206
8.2511501 0.39861426 -0.78412688
-5.4223881 -10.86489 1.880213
-4.4483123 -8.7037802 0.54769117
-2.2302003 5.4088874 0.33630648
-1.6547079 -2.7140932 -0.37701029
0.74693197 6.8038049 -0.62515819
-1.8538657 -3.1469476 -0.35620856
-5.3912215 -10.66986 2.2760129
-1.6130451 2.9711504 -0.48899168
-4.421052 -1.2006626 -0.36881274
-3.1829565 1.7511756 -0.13619432
34.307785 -16.08486 -0.33437574
-2.160218 -3.9283547 -0.19842812
4.5413971 -7.066412 -0.40375218
7.4588318 -1.9967774 -0.69025838
-4.19803 -2.4462755 -0.2410122
-3.2003951 1.8316656 -0.14394376
15.654963 -25.946772 -0.045441322
0.75381446 -11.427277 0.19301836
-2.1895049 -4.0019765 -0.053977374
-5.0828185 -10.00136 2.9565475
18.148567 -40.816948 2.9644837
-5.4124646 -10.632371 1.851626
-5.4327073 -10.470279 3.0951967
-5.3609314 -10.446095 2.6622331
-5.3829875 -10.449105 2.2417786
-1.9613026 2.7083445 -0.013255856
-5.4112911 -10.503375 1.8360519
-4.6178422 -8.8079844 -0.13110761
-4.9048982 -9.2385588 3.1538401
-2.5110037 -3.5502744 -0.32994217
-5.6819072 -3.0533681 0.65472144
-5.3321877 -10.260561 1.8023937
53.367527 21.287741 -1.1072469
19.012758 -15.472378 1.6672977
-5.4204373 -10.429991 0.60104346
-5.9777908 -5.2256932 1.3005434
0.72659463 -6.8189459 -0.24956784
-5.3761759 -10.271026 2.21422
-2.1120849 0.2308978 -0.16684753
-5.4210362 -10.311861 1.001857
-4.1149092 -2.3201358 0.24168134
-5.4179478 -10.302788 0.59783626
2.7053821 5.5371304 0.32941583
-3.3775239 -6.2090192 -0.24861138
2.7514894 4.0218873 0.1494576
-1.846229 -6.6996875 -0.24272068
-5.3089638 -10.058019 2.9926131
-3.2616568 -2.1196139 0.50568861
-5.3178945 -10.035504 2.1742239
6.0484118 0.60338068 -0.73722994
18.783598 -15.880914 -0.053377807
-5.3832893 -10.119831 1.3849276
1.5279359 11.478602 2.4187751
-5.8305645 -2.4620686 1.9490055
-4.7280064 -8.752552 -0.13132995
-5.307857 -9.8608742 2.1470804
-4.9984093 5.2882948 1.6226615
-5.4892488 -8.2568874 2.9936981
18.712341 -1.7761266 -0.09000501
-4.9102964 -6.5131421 -0.056380223
-5.3252625 -9.8922729 1.7579752
2.3116322 -8.9314241 1.1721373
-5.330955 -9.900733 1.3635552
-5.3441463 -9.9621077 0.98011947
8.3062572 0.92019635 -0.80126572
2.2888997 -9.645031 1.2385806
-4.9777932 -9.0440512 3.1145916
-5.1908984 -5.0403881 1.9708939
-5.3985372 -11.050897 2.3348727
-2.590997 -1.2594875 -0.39275301
-5.3501415 -9.8651209 2.5542986
2.7555544 6.319531 -0.64148545
-5.3979893 -9.9108734 0.58785075
-2.5747757 -4.4666328 0.24889746
-5.3691063 -9.8250217 1.7525735
2.6666865 3.3215783 0.31994343
-5.3769164 -9.6758738 0.20314099
-3.6380405 -6.3696322 0.48084101
29.561293 -1.4788511 -1.3649204
-5.1565409 -3.2654638 1.6837769
1.5835407 4.622931 -0.026125764
-0.44953248 10.969584 -0.4001894
-2.619978 5.4955134 0.13367869
-1.0115341 -6.5678921 0.69566834
-2.5760269 -4.3537917 0.59102601
-2.318495 1.8698854 -0.4645108
-5.2903571 -8.1099319 2.577734
-2.6821373 -1.5464725 -0.24283203
13.171149 -26.780025 -0.021390766
4.8529115 -7.1822023 -0.42750418
-5.0345426 -8.8273945 3.0684216
2.5109067 2.7356217 1.0019152
-36.766712 4.3684487 10.184247
-5.229084 -5.5854478 1.5339584
-5.4436116 -9.9714308 2.9885027
-3.5367169 -2.1093624 -0.29315817
-3.488364 -7.9404926 2.6622293
-5.3366227 -9.4348936 2.47458
-0.79603612 -5.8846102 0.036217637
-5.3876715 -9.4846067 0.57716012
2.7481387 3.9282925 -0.54158205
-3.9894843 8.8937283 2.7773819
-5.3378654 -9.368722 2.8476605
31.977823 5.9223986 -1.599808
-4.9226165 3.734659 1.6331673
-4.9788179 -8.6311483 -0.13231747
-5.0389242 -8.7538757 3.0509081
-5.8262501 -2.6632268 1.5235463
-5.2379761 -5.4713564 1.7885876
-1.8334293 4.7075567 0.15723492
-1.3471404 2.2059243 -0.38522282
-5.329381 -9.2487879 2.8211651
-2.0348718 -3.0618064 -0.35879412
1.0696763 8.2090664 2.4135067
-1.7208737 0.48132545 0.68852472
-5.0506091 -8.5034723 -0.12931141
-5.1983852 -8.8101139 3.0858581
-5.3216705 -9.0948076 2.7875929
-5.1025491 -3.886652 1.9930813
-3.8146069 -1.4916054 0.37656227
-5.3101578 -9.0405407 2.0245388
36.666725 25.961025 -2.4661863
4.2963023 9.9979343 -0.40537748
-1.622521 -2.132684 -0.35378057
-5.1641378 -3.8715451 2.0034533
-4.4459729 -6.4906869 -0.043164406
-5.2472582 -8.83006 2.7229483
-5.3038368 -8.9609604 2.3857796
-6.4669504 3.413702 1.8969896
-5.3826165 -9.0633354 0.9310872
29.865589 0.55824226 -1.400417
2.1363611 -7.9427185 2.5707612
-2.822526 -4.4526753 0.42446572
-4.689734 8.3697062 1.0377994
-1.7914518 -2.6442838 -0.37821725
-5.2537999 -8.7939968 0.20891316
34.115173 6.09553 -1.7207849
-5.2868109 -8.7960119 2.3545015
-2.2966359 -2.4251807 -0.066217117
-5.3139729 -8.9131002 1.6418074
-0.6422016 -11.575359 1.8181161
27.879902 -6.6775961 -1.2589501
-5.296793 -8.745904 1.6212462
-5.2898145 -8.7969627 1.2663567
0.94871718 11.989231 0.36870837
-1.6090664 -2.2505546 -0.37760493
16.713718 27.13348 -1.7238475
-0.60131097 -11.56741 2.6487889
-5.3142657 -8.7402411 0.911327
-3.8131449 -6.0232563 -0.25319284
19.027946 51.521877 0.65356362
34.333534 -14.437784 0.96143693
-5.1800451 -3.8957732 1.327042
-1.8722429 4.9886355 -0.39831886
-5.314702 -8.6592445 2.3328638
-5.0620799 -8.0559902 -0.11350993
-5.3044991 -8.5778227 1.9558936
-4.4948812 11.814786 -0.040063828
-2.9677546 -4.5936127 -0.30833152
-5.3696971 -8.6487856 0.20902501
-4.8193998 7.1489944 2.4864883
-5.3589058 -8.6048555 0.55520481
-3.7170658 1.76044 0.47982329
19.809387 -53.812603 1.7297894
-4.3770337 -2.3839345 -0.091490522
0.018950105 12.010663 1.6354514
-3.1886959 8.4823494 -0.57436258
-3.0553167 -4.5188107 -0.30657667
-2.3603604 -0.66949189 0.26108289
-5.3590212 -8.4839792 0.89862293
-5.0608754 -6.195385 -0.050345559
32.999691 3.3150179 0.72175473
-5.3628221 -8.5501757 0.55391586
3.5509627 -9.9516449 -0.18776284
-1.6128827 -2.173434 -0.20808636
-1.8678236 -4.1705213 0.40756264
-5.2962399 -8.2660322 2.61076
-3.3448863 -4.7853589 0.43869764
-3.9108002 -5.9501543 -0.25254777
-5.1247225 -7.9212646 -0.11026984
-1.7407252 -2.432754 -0.33243799
-5.812768 -2.27001 1.4861677
-3.3609614 -5.0316362 0.24110664
-1.6780039 -2.2464838 -0.27875456
-1.8500041 5.0537667 -0.40583047
-5.301333 -8.0414839 2.2223315
-3.4241662 -4.9231544 0.24125379
-5.2513924 -7.6624751 2.4810469
-5.2872896 -8.020216 2.5588579
18.385555 -7.4820209 0.64524382
-3.0287764 -4.3566837 0.42454538
18.538242 -7.046587 2.0434341
-3.3968582 -4.8497062 0.64231914
-5.2354965 -7.6369629 2.1447814
-4.8028822 4.8767076 1.3007302
-4.9686446 2.4896181 1.1131792
-5.1166124 -7.401176 -0.091959201
-5.2522545 -7.4391446 1.7873161
-41.733658 2.9742651 8.4659367
-3.4970686 -4.6917915 0.043373112
-1.2579263 -11.534815 2.6515431
-5.3023314 -9.4399576 2.0834053
-5.3706775 -7.4046645 1.4737706
0.48017111 11.060948 3.1264448
16.595081 -40.964359 2.945545
-5.2499199 -7.0862851 2.3648438
-2.5155938 5.4146791 0.13621549
-1.6633947 0.17262505 0.3868975
-5.2445278 -7.053709 2.0459549
-5.2587748 -6.8666911 2.322619
-5.9614854 -4.7559767 2.0566208
-5.2305455 -6.6497355 2.5822556
-3.660145 -4.5059686 0.044929277
-4.7758579 -11.256948 3.2051697
-5.2330451 -6.564539 1.9627969
11.066726 9.2715054 -1.1217227
1.873204 3.3238506 -0.45675871
1.2941219 -2.608923 -0.3837328
-5.2365456 -6.4849415 2.2449863
1.6158388 9.5034151 2.7649238
-5.2021766 -6.4202461 1.6413338
-3.3182549 -3.9217727 0.2467238
-5.2177811 -6.2681665 2.2006099
2.5475676 11.803205 -0.053209018
7.2965426 -2.2619371 -0.67665792
-5.2346368 -6.28935 1.917882
-3.2341552 -2.4992247 -0.15099002
-1.0531713 -2.5053337 -0.37763348
-5.0741272 -6.1724029 -0.050004397
-5.2557135 -6.3263688 1.061568
-5.253026 -6.3180442 1.632663
2.8698535 9.3363466 2.0920873
-3.4117589 -3.9115393 0.24600339
0.042404745 11.956167 -0.044284262
-5.2628736 -6.2467413 1.3400415
22.989923 -43.935848 3.2378118
-5.0437622 -5.9370832 -0.041662991
1.8806876 1.8773284 -0.49566296
-4.7243457 4.1448059 0.78589797
-4.0496378 2.2254632 -0.25958604
-4.6021824 -5.3932347 -0.25107971
-5.2345595 -6.0744653 1.8831059
-4.6781344 -5.2810273 -0.24862061
7.4288483 4.5918288 -0.87755364
-2.8733692 -9.4796076 0.21366599
-0.84550852 -11.463394 3.4687877
-3.6310375 -2.0299039 0.51946801
-3.2691462 -10.358376 0.95718205
-5.2476873 -6.0338407 1.5942963
16.422064 9.1736517 -0.19095388
2.5233138 3.1253407 0.75659841
5.0657802 -2.2284956 -0.41056341
-5.2731209 -6.0642376 1.321692
-5.2294044 -5.858964 2.1250918
2.4987998 1.7329346 1.1228182
-4.2877011 -11.360255 1.8846997
-5.2301402 -5.8596106 1.8482535
-5.2717433 -5.8903356 1.3035147
-8.0014725 5.5496659 1.7559019
-1.8966271 -1.9543306 -0.26787132
-2.2058804 -2.2118549 -0.15409648
-1.8551756 3.5380201 -0.49660385
-5.1326137 -3.9890604 1.3312073
2.6136546 2.7302995 1.3011429
19.001469 -4.8606877 -0.074861608
-5.2323942 -5.6588373 1.8169336
-4.0923686 -4.4093132 -0.1673231
-5.3195248 -8.7511578 1.2638267
-0.64611864 -11.600136 1.4084629
-2.2789025 -2.2157094 -0.047613651
-2.2238643 -2.1745205 -0.14289089
2.6024544 2.9972668 0.60629547
1.1853875 -11.62322 0.59465772
-1.6765079 -4.6916714 -0.14891377
-5.2431121 -5.5309353 1.528514
18.266909 -4.0689516 1.257875
-4.4642501 -4.5983577 -0.19849649
4.7373304 6.5301518 -0.79926109
1.7559205 11.567748 2.8628066
-2.9437602 -1.5749819 -0.39940432
-5.2175112 -5.1002765 2.2477131
3.5136766 -10.042693 0.18450432
-2.7549715 -2.5609183 -0.23971573
2.4118705 2.5098684 0.74913275
-5.9853106 -5.2703047 1.8637666
-2.9214292 -2.4126806 0.0069628581
-1.8893825 1.9739277 -0.27765179
-2.4007087 -1.948158 -0.34655431
-2.9812987 -2.4335313 -0.38439968
38.525249 8.5188799 -2.0117447
-3.4563978 -1.6887147 -0.38402253
-4.4495792 -4.5417252 -0.19457613
-2.6804965 -2.2075162 0.14469306
18.702225 -1.3720151 0.56588763
-5.1298461 -4.4005613 2.0932207
-2.8828745 -2.2981882 0.17904618
-4.6612844 -9.5097408 3.1929541
-5.9734812 -5.0641866 1.833053
-1.039829 12.135536 2.5256574
-3.6462419 -10.360931 0.96424204
-5.9293137 -5.0423737 1.5483249
-2.9285083 -2.4024045 0.13068999
-3.3116808 11.408381 0.3828702
-3.0846488 1.9240283 -0.13955687
-2.3468528 -0.79128081 0.49137524
12.590758 5.11485 -1.0139381
-5.104918 -4.2679949 2.0631919
0.21069156 11.225765 3.1656802
-3.1340072 -2.5242803 0.7842961
-2.7668653 2.7803075 0.52475995
-3.1871352 -2.483686 0.78575951
-3.2131166 -2.602608 -0.15629135
2.3541842 -4.0564275 1.4236956
-3.0484641 -2.3854647 0.00022363325
2.273824 -3.8051527 1.5301939
8.9691057 -12.086374 -0.42359373
-5.940454 -4.9231615 2.079561
-5.9338136 -4.9508476 1.538373
2.3733532 -3.951071 1.404618
-5.940094 -4.8764791 1.8021392
16.770588 -17.879595 -0.02590687
-5.1692796 -4.0192542 1.1142782
-5.9021435 -4.8305173 1.5208426
-3.053004 -2.2774527 -0.37679294
-3.0292225 -2.3278315 0.12879767
2.5353787 11.89066 -0.05550335
-2.034013 -11.44591 3.5002835
-5.2378778 -6.8596697 2.0125108
-5.9555411 -4.8433146 1.799948
-3.2961779 -2.5380385 0.38704512
4.0679855 -0.088119581 -0.56345719
-5.0052691 -4.0437117 -0.20280772
3.0493238 11.112556 0.76944727
-3.2978992 -2.5167167 0.25110543
-3.3038769 -2.5351281 -0.29963267
1.1376221 6.7253866 -0.62445033
-5.9127374 -4.6853356 2.0366743
-2.7138164 -1.9069607 -0.395619
16.461445 9.2677193 -0.19342032
-2.2476404 12.107601 0.81036758
-3.3688107 -2.5476687 -0.30851948
-5.1412973 -3.9706168 1.3302698
-5.1832228 -3.8406827 1.7724198
30.163086 1.3294004 -1.4259349
-2.5029595 1.9271084 0.35741034
2.2388079 -1.7758603 -0.40249884
-5.1470389 -3.8504279 0.44375628
2.1861989 -1.0856404 -0.4170669
0.16160348 -11.60307 1.8195568
-5.131742 -3.6647217 1.9606079
-3.1405885 -2.1734002 -0.37842765
3.628041 -1.156546 -0.49746013
-2.4480467 -1.4887556 -0.38990644
1.3637476 -8.7459459 0.51807851
-5.1621647 -3.5435419 1.7242478
-1.4678693 -0.27419254 0.36262396
-5.1894889 -3.5201955 0.43785173
2.4521317 0.65650588 -0.46826145
-36.765385 3.8961177 8.8203001
-5.2047377 -3.5300279 0.22875109
-5.2016006 -3.4946222 1.2877847
14.180099 -26.545807 -0.031290907
16.82321 -19.351036 -0.031506307
-5.160192 -3.4386771 1.7087848
-2.9535246 11.673971 2.9312336
-2.5016706 -1.5651114 0.072630078
-5.1229496 -3.4010813 1.9144717
-4.6941524 8.7365265 0.039888218
-4.5406241 -2.1611037 0.23608802
-4.12115 -2.658494 0.24168345
17.339937 -41.119164 1.3968362
-5.3961129 -9.8720722 0.97646087
-4.0546737 -2.6485295 0.72305316
-4.6302595 9.6372719 0.016853241
-2.2186499 2.8975885 0.44446349
-3.7930775 -2.4519982 0.096098877
-4.7637358 7.9382238 2.3169546
-5.1227894 -3.2647147 1.8924484
-4.2307973 -2.6243849 0.73487431
16.483112 10.629232 -0.21962367
16.193926 -4.2645674 -0.021421339
11.85313 -1.8152992 -0.80349541
-5.1723723 -3.265394 1.4746097
-4.9225702 -3.0895333 0.03726349
-5.176928 -3.2699797 1.0529908
-4.0614924 -2.5900004 0.56086034
-5.3578496 -8.3602571 0.89185518
-4.9739742 -3.1998587 0.033016857
-4.1014633 -2.4800501 0.2419152
-0.87618291 10.935731 -0.39763322
-3.3113306 -1.9216547 -0.38016605
-2.0434644 -11.470633 2.6592352
-4.453341 -2.7603705 -0.28424269
-1.2653331 0.42984554 0.027801136
-37.149544 6.3012962 8.9607134
12.050652 -1.2380143 -0.82077348
-5.3330054 -11.278761 2.3654442
-4.2552586 -2.5170155 0.40262136
-2.7530556 -0.3647646 -0.36744082
-3.476594 -2.0607944 0.5133248
29.533381 -1.2847048 -1.3648125
-5.15482 -3.0682397 1.6567273
11.894074 -1.6862471 -0.80685586
-5.175035 -3.1701548 1.0450802
-4.9150982 -2.9334223 0.040527452
-0.84471959 -9.0874586 -0.10126711
-4.1532769 -2.3899148 -0.075462498
-5.1686912 -2.754585 1.2132806
-2.5307162 -1.3591887 -0.39087832
1.1422462 -10.901647 0.19525956
-5.1686258 -2.8544734 1.4275782
-4.6861959 8.9287195 0.034975
19.340599 -18.859573 1.829154
-4.4375658 -2.2827079 0.23759425
-4.7875972 4.927125 1.7861471
-3.0020387 -1.4734313 -0.40071687
7.8718181 12.220349 -1.1453197
3.0177748 9.9604225 0.72317952
-5.1688294 -2.7929974 1.0167021
18.962234 -18.135218 -0.060715474
-5.1130404 -2.7475083 0.035313144
-2.3406188 -0.43538609 -0.23065589
2.9924839 11.812697 2.0916524
-5.1670861 -2.7616155 1.6198993
19.34914 -20.891415 0.91945738
-3.7270315 -1.9135813 -0.30465147
-5.1213336 -2.6462986 1.3974565
-5.1652651 -2.7445195 0.4227587
-5.1350842 -2.6355219 1.0020702
-5.1064696 -2.6307025 0.61198914
-3.517585 -1.7418127 -0.0070194975
-5.1964221 -2.6097271 0.61566448
-3.8013062 -1.8965886 -0.31366193
2.1926587 9.4364185 2.7806911
6.4797463 -6.9988942 -0.51328444
-5.1072655 -2.5100219 1.7780012
8.3057337 1.9146026 -0.83116865
-5.6444712 3.3937082 1.7288915
-4.0552444 -2.0014837 -0.35521278
-5.1417642 -2.5483682 1.3910608
-0.94275075 -6.6759524 0.0020220289
-2.6859396 -0.91688418 -0.38136178
2.7073641 5.5954585 1.2187128
-1.6549786 8.3352623 2.4569433
-36.668495 6.4547758 8.8543835
-35.738655 5.3735924 8.6105328
5.7119904 -1.0854338 -0.67643064
18.782211 -6.4679461 -0.76778114
-5.147048 -2.5723302 1.1946226
-5.1455712 -2.572089 0.99894077
3.0099034 11.128989 1.9951973
-0.53578943 9.8469858 0.015753109
-5.1493249 -2.5048945 1.5856225
0.71510273 11.709496 -0.45215356
1.3589048 -7.2673006 -0.037827782
-5.1678238 -2.5142837 1.1928097
-4.7442036 2.3675325 -0.16582912
-4.1092672 -1.8998564 -0.35646528
13.567079 -26.703365 -0.025297105
-3.7851965 -1.6047702 0.37789246
1.1303052 9.5094538 2.3943088
-3.8044209 -1.8179629 -0.16837662
2.3876965 1.3860399 1.0544701
-4.2848735 -2.0244391 0.55105877
-49.037331 2.8928816 11.671655
-4.6240454 -11.421223 1.0466537
-5.4446774 -2.6020169 1.4497765
2.111939 -4.6274977 -0.30687568
-1.6262258 -4.8259006 -0.2364921
-5.8323164 -2.7733638 1.7590933
-5.8260069 -2.7708962 1.5337312
19.012838 -4.6684747 -0.076165244
-5.8201809 -2.6828911 1.3008279
-5.1750875 -2.413065 0.22832097
-5.831552 -2.6642427 1.9739197
-3.7581971 9.2612295 2.8412607
-36.884995 4.6089215 8.8597136
-5.2305717 -5.4633732 2.0526369
-5.8490524 -2.6734076 1.7515389
-3.8616712 -1.6941276 0.2439981
-1.7862468 4.9237151 0.15156309
-3.9793761 -0.99873477 -0.29614118
-4.6741214 -2.0813785 0.57229424
-3.6837256 -1.5205498 0.14520541
-5.2411079 -5.3185954 1.7656056
12.017622 -1.3321881 -0.817707
-5.8361492 -2.4757462 1.7276992
-5.8212671 -2.553797 1.5124798
-3.7309473 -1.5535572 0.50821799
-4.5681415 -1.965747 -0.25699788
-5.1180272 -0.67359626 1.2552123
18.278669 -3.9157946 1.2552487
-4.4928098 -1.8678796 -0.24486397
-3.7493374 -1.5687561 0.37662819
-5.1350846 -3.9253454 1.7765404
-3.8358774 -1.4889227 0.57593209
-5.8283424 -2.3474221 1.7129246
-4.7899718 5.2178979 1.8335472
-2.1921399 -0.79971099 0.048928201
-5.1264009 -1.9917347 0.9609167
-3.2709949 11.463514 -0.44337109
18.575285 -1.8494823 1.8919576
-3.1459401 -1.1685094 -0.40366021
-2.3249471 4.3878984 -0.3426258
-4.2633123 -1.4976147 -0.35726759
-5.8156967 -2.1449852 1.9095198
-4.8953457 -1.9179285 -0.13673295
-0.43186682 -11.537763 3.0584233
-5.7996039 -2.0626855 1.4669932
0.34989518 -4.1283917 -0.3277331
-2.3392942 -0.79967004 0.33785594
-4.0255871 2.5560536 -0.44407684
2.2169836 -5.2491965 0.026568443
-2.299161 -0.6827507 0.18358499
2.1988511 -5.2329836 -0.17238139
-2.2894971 -0.67540246 0.3860735
2.7362072 9.09935 -0.31742972
-2.396162 -0.61312377 0.58592886
-3.3375261 11.234345 2.8602626
-2.3162997 -0.70348418 -0.26079112
-1.7006339 -3.9686351 -0.33094299
-5.7928271 -1.9028424 1.4536211
-3.6674175 -1.0977315 -0.38281479
-0.12237608 10.912231 -0.39750206
0.35319954 -9.6499634 -0.12904994
-4.2987494 -1.3214432 -0.35506171
-5.740304 -1.797382 1.6435566
23.264645 14.272732 -1.3782743
-5.1208858 -1.5783162 1.4878438
-2.4161048 -0.62618172 0.78281319
0.0025160457 5.142869 -0.57780844
-4.106318 2.4579349 -0.28263134
-2.2693851 -0.61771595 -0.0053309379
2.0452225 1.5791951 -0.47848853
-4.3393545 -1.1626471 -0.35533196
-2.2956641 -0.50036967 0.13512942
-3.7385385 -0.94173765 -0.38884267
0.52955788 12.067321 2.9424143
-4.4030313 -1.1456139 -0.36431801
3.9981792 10.174772 -0.79307216
-2.4433439 12.120037 -0.044914752
-2.3067834 -0.45788059 0.0092078075
2.442312 1.8884501 -0.25789699
-2.3216987 -0.57379234 0.33410645
-2.4005759 -0.51552469 0.21756744
-3.2645619 -2.6337016 0.25126544
-2.4324625 -0.52560347 0.80875516
-2.4305117 -0.45428413 -0.26572624
-5.2734041 -7.4348755 1.4701313
-1.5913725 -0.31281996 0.50402111
-2.4412305 -0.48669928 0.88612449
-2.6422422 -0.49507046 0.20377961
17.833359 -35.863373 1.2664168
-5.0833321 -1.0119113 1.6207802
33.672695 29.718756 -2.4928174
-2.3545306 -0.440826 -0.035466503
2.4731722 -1.6029019 0.20246416
-5.1135736 -0.98793113 1.267698
-3.0656364 -0.55091345 0.74692661
1.9469557 -9.3776693 0.87209576
-4.6542096 -11.40259 1.9067004
16.1919 -4.2672997 -0.61705077
-1.7828817 -0.24048173 0.31913385
-2.3316991 -0.36492506 0.11529666
-1.0396196 -6.6228056 0.93077737
-3.541254 -0.58626932 0.70631248
-3.2803638 -4.8365464 0.63801301
-2.3523815 -0.35629886 0.11360981
-2.4696753 -9.720891 0.21244432
-5.0715232 -0.66563541 1.5983254
-2.9101512 -0.41438606 -0.31278023
